record_id	route	escritura_original	texto_estandarizado	source_traduccion	old_traduccion	new_traduccion	old_comentario	new_comentario
1992-karttunen:000048	general	ach-tli	achtli	possessed form; seed / pepita o semilla	possessed form; seed / pepita o semilla	possessed form: seed / pepita o semilla	<b>1992 Karttunen original:</b> ACH-TLI possessed form: -ACHYŌ seed / pepita o semilla (C)	<b>1992 Karttunen original:</b> possessed form; seed / pepita o semilla
1992-karttunen:000135	general	ahhuitz	ahuitz	only attested in possessed form; wing / ala	only attested in possessed form; wing / ala	only attested in possessed form: wing / ala	<b>1992 Karttunen original:</b> AHHUITZ only attested in possessed form wing / ala (T)	<b>1992 Karttunen original:</b> only attested in possessed form; wing / ala
1992-karttunen:000196	general	aitzte-tl	aitztetl	possessed form; gizzard / molleja en las aves	possessed form; gizzard / molleja en las aves	possessed form: gizzard / molleja en las aves	<b>1992 Karttunen original:</b> AITZTE-TL possessed form: -AITZTEUH gizzard / molleja en las aves (M)	<b>1992 Karttunen original:</b> possessed form; gizzard / molleja en las aves
1992-karttunen:000221	general	āma-tl	amatl	possessed form; paper, letter, book / papel, papel, carta, etc., papel o libro	possessed form; paper, letter, book / papel, papel, carta, etc., papel o libro	possessed form: paper, letter, book / papel, papel, carta, etc., papel o libro	<b>1992 Karttunen original:</b> ĀMA-TL possessed form: -ĀMAUH paper, letter, book / papel, (M), papel, carta, etc. (S), papel o libro (C)	<b>1992 Karttunen original:</b> possessed form; paper, letter, book / papel, papel, carta, etc., papel o libro
1992-karttunen:000289	general	ā-tl	atl	possessed form; water, liquid; crown of the head / agua, orines, guerra, o la mollera de la cabeza	possessed form; water, liquid; crown of the head / agua, orines, guerra, o la mollera de la cabeza	possessed form: water, liquid; crown of the head / agua, orines, guerra, o la mollera de la cabeza	<b>1992 Karttunen original:</b> Ā-TL possessed form: -ĀUH water, liquid; crown of the head / agua, orines, guerra, o la mollera de la cabeza (M)	<b>1992 Karttunen original:</b> possessed form; water, liquid; crown of the head / agua, orines, guerra, o la mollera de la cabeza
1992-karttunen:000484	general	-camanacayō	camanacayo	necessarily possessed form; one's gum (of the mouth) / su encia	necessarily possessed form; one's gum (of the mouth) / su encia	necessarily possessed form: one's gum (of the mouth) / su encia	<b>1992 Karttunen original:</b> -CAMANACAYŌ necessarily possessed form one's gum (of the mouth) / su encia (Z)	<b>1992 Karttunen original:</b> necessarily possessed form; one's gum (of the mouth) / su encia
1992-karttunen:000491	general	-camapach	camapach	necessarily possessed form; one`s beard / su barba	necessarily possessed form; one`s beard / su barba	necessarily possessed form: one`s beard / su barba	<b>1992 Karttunen original:</b> -CAMAPACH necessarily possessed form one`s beard / su barba (T)	<b>1992 Karttunen original:</b> necessarily possessed form; one`s beard / su barba
1992-karttunen:000500	general	cam(a)-tl	camatl	possessed form; mouth / boca	possessed form; mouth / boca	possessed form: mouth / boca	<b>1992 Karttunen original:</b> CAM(A)-TL possessed form: -CAN mouth / boca (M)	<b>1992 Karttunen original:</b> possessed form; mouth / boca
1992-karttunen:000612	general	-celicā	celica	possessed form; the freshness of something / frescura y verdor	possessed form; the freshness of something / frescura y verdor	possessed form: the freshness of something / frescura y verdor	<b>1992 Karttunen original:</b> -CELICĀ possessed form of CELICĀYŌ-TL the freshness of something / frescura y verdor (C)	<b>1992 Karttunen original:</b> possessed form; the freshness of something / frescura y verdor
1992-karttunen:000613	general	celicāyō-tl	celicayotl	possessed form; freshness / frescura y verdor	possessed form; freshness / frescura y verdor	possessed form: freshness / frescura y verdor	<b>1992 Karttunen original:</b> CELICĀYŌ-TL possessed form: -CELICĀYŌ -CELICĀ freshness / frescura y verdor (C)	<b>1992 Karttunen original:</b> possessed form; freshness / frescura y verdor
1992-karttunen:000678	general	ce-tl	cetl	possessed form; ice, icicle / hielo, o carámbano	possessed form; ice, icicle / hielo, o carámbano	possessed form: ice, icicle / hielo, o carámbano	<b>1992 Karttunen original:</b> CE-TL possessed form: -CEUH ice, icicle / hielo, o carámbano (M)	<b>1992 Karttunen original:</b> possessed form; ice, icicle / hielo, o carámbano
1992-karttunen:000715	general	-chān	tlatocachan	necessarily possessed form; at the home of / en casa del	necessarily possessed form; at the home of / en casa del	necessarily possessed form: at the home of / en casa del	<b>1992 Karttunen original:</b> -CHĀN necessarily possessed form at the home of / en casa del (C)	<b>1992 Karttunen original:</b> necessarily possessed form; at the home of / en casa del
1992-karttunen:000859	general	-chinānyō	chinanyo	necessarily possessed form; the stalks (of a canebrake or cornfield) / su caña (de la milpa)	necessarily possessed form; the stalks (of a canebrake or cornfield) / su caña (de la milpa)	necessarily possessed form: the stalks (of a canebrake or cornfield) / su caña (de la milpa)	<b>1992 Karttunen original:</b> -CHINĀNYŌ necessarily possessed form the stalks (of a canebrake or cornfield) / su caña (de la milpa ) (T)	<b>1992 Karttunen original:</b> necessarily possessed form; the stalks (of a canebrake or cornfield) / su caña (de la milpa)
1992-karttunen:000904	general	-chōquillō	choquillo	only attested in possessed form; sap, juice / su savia	only attested in possessed form; sap, juice / su savia	only attested in possessed form: sap, juice / su savia	<b>1992 Karttunen original:</b> -CHŌQUILLŌ only attested in possessed form sap, juice / su savia	<b>1992 Karttunen original:</b> only attested in possessed form; sap, juice / su savia
1992-karttunen:000927	general	-cihuānacayō	cihuanacayo	necessarily possessed form; ones female genitals / vulva, vagina	necessarily possessed form; ones female genitals / vulva, vagina	necessarily possessed form: ones female genitals / vulva, vagina	<b>1992 Karttunen original:</b> -CIHUĀNACAYŌ necessarily possessed form ones female genitals / vulva, vagina (S)	<b>1992 Karttunen original:</b> necessarily possessed form; ones female genitals / vulva, vagina
1992-karttunen:000928	general	-cihuānacayō	cihuanacayo	necessarily possessed form; one's female genitals / vulva, vagina	necessarily possessed form; one's female genitals / vulva, vagina	necessarily possessed form: one's female genitals / vulva, vagina	<b>1992 Karttunen original:</b> -CIHUĀNACAYŌ necessarily possessed form one's female genitals / vulva, vagina (S)	<b>1992 Karttunen original:</b> necessarily possessed form; one's female genitals / vulva, vagina
1992-karttunen:000932	general	-cihuāpoh-tli	cihuapotli	necessarily possessed form; female companion, kinswoman / usado en comp. nociuapo una mujer como yo, mi compañera, mí pariente; teciuapo la acompañante, la hermana, la pariente de alguien	necessarily possessed form; female companion, kinswoman / usado en comp. nociuapo una mujer como yo, mi compañera, mí pariente; teciuapo la acompañante, la hermana, la pariente de alguien	necessarily possessed form: female companion, kinswoman / usado en comp. nociuapo una mujer como yo, mi compañera, mí pariente; teciuapo la acompañante, la hermana, la pariente de alguien	<b>1992 Karttunen original:</b> -CIHUĀPOH-TLI necessarily possessed form female companion, kinswoman / usado en comp. nociuapo una mujer como yo, mi compañera, mí pariente; teciuapo la acompañante, la hermana, la pariente de alguien (S)	<b>1992 Karttunen original:</b> necessarily possessed form; female companion, kinswoman / usado en comp. nociuapo una mujer como yo, mi compañera, mí pariente; teciuapo la acompañante, la hermana, la pariente de alguien
1992-karttunen:000934	general	cihuātequi-tl	cihuatequitl	possessed form; woman’s business / oficio de mujeres	possessed form; woman’s business / oficio de mujeres	possessed form: woman’s business / oficio de mujeres	<b>1992 Karttunen original:</b> CIHUĀTEQUI-TL possessed form: -TE-QUIUH woman’s business / oficio de mujeres (C)	<b>1992 Karttunen original:</b> possessed form; woman’s business / oficio de mujeres
1992-karttunen:000935	general	cihuātēuc-tli	cihuateuctli	possessed form; noblewoman, mistress, lady / ama o señora de esclavos, su patrona	possessed form; noblewoman, mistress, lady / ama o señora de esclavos, su patrona	possessed form: noblewoman, mistress, lady / ama o señora de esclavos, su patrona	<b>1992 Karttunen original:</b> CIHUĀTĒUC-TLI possessed form: -TĒUC-YŌ noblewoman, mistress, lady / ama o señora de esclavos (M), su patrona (Z for possessed form)	<b>1992 Karttunen original:</b> possessed form; noblewoman, mistress, lady / ama o señora de esclavos, su patrona
1992-karttunen:000936	general	cihuā-tl	cihuatl	possessed form; woman, wife / mujer	possessed form; woman, wife / mujer	possessed form: woman, wife / mujer	<b>1992 Karttunen original:</b> CIHUĀ-TL pl: CIHUAH, possessed form: -CIHUĀUH woman, wife / mujer (M)	<b>1992 Karttunen original:</b> possessed form; woman, wife / mujer
1992-karttunen:000954	general	-ciyaya	ciyaya	necessarily possessed form; one’s consent / la voluntad con que uno consiente	necessarily possessed form; one’s consent / la voluntad con que uno consiente	necessarily possessed form: one’s consent / la voluntad con que uno consiente	<b>1992 Karttunen original:</b> -CIYAYA necessarily possessed form one’s consent / la voluntad con que uno consiente (C)	<b>1992 Karttunen original:</b> necessarily possessed form; one’s consent / la voluntad con que uno consiente
1992-karttunen:000965	general	cochcāyō-tl	cochcayotl	possessed form; supper / cena	possessed form; supper / cena	possessed form: supper / cena	<b>1992 Karttunen original:</b> COCHCĀYŌ-TL possessed form: -COCHCĀYŌ ~-COCHCĀ supper / cena (S)	<b>1992 Karttunen original:</b> possessed form; supper / cena
1992-karttunen:001010	general	cōconē-tl	coconetl	possessed form; doll / muñeca	possessed form; doll / muñeca	possessed form: doll / muñeca	<b>1992 Karttunen original:</b> CŌCONĒ-TL pl: -MEH possessed form: -CONĒUH doll / muñeca	<b>1992 Karttunen original:</b> possessed form; doll / muñeca
1992-karttunen:001049	general	com(a)-tl	comatl	possessed form; vessel, container / jarro	possessed form; vessel, container / jarro	possessed form: vessel, container / jarro	<b>1992 Karttunen original:</b> COM(A)-TL Pl: -MEH; prossessed form: -CON vessel, container / jarro (C for TECOM(A)	<b>1992 Karttunen original:</b> possessed form; vessel, container / jarro
1992-karttunen:001050	general	cōmi-tl	comitl	possessed form; pot / olla o barril de barro	possessed form; pot / olla o barril de barro	possessed form: pot / olla o barril de barro	<b>1992 Karttunen original:</b> CŌMI-TL Pl: CŌMIH; possessed form; -CŌN pot / olla o barril de barro (M)	<b>1992 Karttunen original:</b> possessed form; pot / olla o barril de barro
1992-karttunen:001097	general	coyōtoma-tl	coyotomatl	possessed form; a plant of the verbena family with bitter roots (Vitex mollis) / tomate de coyote, jerengue	possessed form; a plant of the verbena family with bitter roots (Vitex mollis) / tomate de coyote, jerengue	possessed form: a plant of the verbena family with bitter roots (Vitex mollis) / tomate de coyote, jerengue	<b>1992 Karttunen original:</b> COYŌTOMA-TL pl: -MEH; possessed form: -TOMAUH a plant of the verbena family with bitter roots (Vitex mollis) / tomate de coyote, jerengue (X)	<b>1992 Karttunen original:</b> possessed form; a plant of the verbena family with bitter roots (Vitex mollis) / tomate de coyote, jerengue
1992-karttunen:001104	general	cōzca-tl	cozcatl	possessed form; jewel, ornament, necklace / joya, piedra preciosa labrada de forma redonda, o cuenta para rezar, collar, gargantilla	possessed form; jewel, ornament, necklace / joya, piedra preciosa labrada de forma redonda, o cuenta para rezar, collar, gargantilla	possessed form: jewel, ornament, necklace / joya, piedra preciosa labrada de forma redonda, o cuenta para rezar, collar, gargantilla	<b>1992 Karttunen original:</b> CŌZCA-TL pl; -MEH possesed form: -CŌZQUI jewel, ornament, necklace / joya, piedra preciosa labrada de forma redonda, o cuenta para rezar (M), collar, gargantilla (Z)	<b>1992 Karttunen original:</b> possessed form; jewel, ornament, necklace / joya, piedra preciosa labrada de forma redonda, o cuenta para rezar, collar, gargantilla
1992-karttunen:001175	general	-cualnēzcā	cualnezca	necessarily possessed form; one’s good appearance, beauty / tu buen parecer, tu hermosura	necessarily possessed form; one’s good appearance, beauty / tu buen parecer, tu hermosura	necessarily possessed form: one’s good appearance, beauty / tu buen parecer, tu hermosura	<b>1992 Karttunen original:</b> -CUALNĒZCĀ necessarily possessed form one’s good appearance, beauty / tu buen parecer, tu hermosura (C for second person singular possessor)	<b>1992 Karttunen original:</b> necessarily possessed form; one’s good appearance, beauty / tu buen parecer, tu hermosura
1992-karttunen:001197	general	-cuāpīcca	cuapicca	only attested in possessed form; cap, bonnet / gorra	only attested in possessed form; cap, bonnet / gorra	only attested in possessed form: cap, bonnet / gorra	<b>1992 Karttunen original:</b> -CUĀPĪCCA only attested in possessed form cap, bonnet / gorra (Z)	<b>1992 Karttunen original:</b> only attested in possessed form; cap, bonnet / gorra
1992-karttunen:001214	general	cuātex-tli	cuatextli	possessed form; brains / sesos	possessed form; brains / sesos	possessed form: brains / sesos	<b>1992 Karttunen original:</b> CUĀTEX-TLI possessed form: -CUĀTEXYŌ brains / sesos (T)	<b>1992 Karttunen original:</b> possessed form; brains / sesos
1992-karttunen:001220	general	-cuātlayōlloh	cuatlayollo	only attested in possessed form; the crown of one’s head the top of a tree / su coronilla; la punta de su cabaza, la punta del árbol	only attested in possessed form; the crown of one’s head the top of a tree / su coronilla; la punta de su cabaza, la punta del árbol	only attested in possessed form: the crown of one’s head the top of a tree / su coronilla; la punta de su cabaza, la punta del árbol	<b>1992 Karttunen original:</b> -CUĀTLAYŌLLOH only attested in possessed form the crown of one’s head the top of a tree / su coronilla; la punta de su cabaza, la punta del árbol (T)	<b>1992 Karttunen original:</b> only attested in possessed form; the crown of one’s head the top of a tree / su coronilla; la punta de su cabaza, la punta del árbol
1992-karttunen:001380	general	cuem(i)-tl	cuemitl	possessed form; field, cultivated land; furrow, soil turned up with a hoe or plow / heredad, tierra labrada, o camellón, surco	possessed form; field, cultivated land; furrow, soil turned up with a hoe or plow / heredad, tierra labrada, o camellón, surco	possessed form: field, cultivated land; furrow, soil turned up with a hoe or plow / heredad, tierra labrada, o camellón, surco	<b>1992 Karttunen original:</b> CUEM(I)-TL pl: CUEMIH; possessed form: -CUEN field, cultivated land; furrow, soil turned up with a hoe or plow / heredad, tierra labrada, o camellón (M), surco (T)	<b>1992 Karttunen original:</b> possessed form; field, cultivated land; furrow, soil turned up with a hoe or plow / heredad, tierra labrada, o camellón, surco
1992-karttunen:001389	general	cuepōncāyō-tl	cueponcayotl	possessed form; the opening, blooming of flowers / abrimiento de flor, o el acto de brotar la dicha flor, el abrirse de las flores	possessed form; the opening, blooming of flowers / abrimiento de flor, o el acto de brotar la dicha flor, el abrirse de las flores	possessed form: the opening, blooming of flowers / abrimiento de flor, o el acto de brotar la dicha flor, el abrirse de las flores	<b>1992 Karttunen original:</b> CUEPŌNCĀYŌ-TL possessed form; -CUEPŌNCĀ the opening, blooming of flowers / abrimiento de flor, o el acto de brotar la dicha flor (M), el abrirse de las flores (C)	<b>1992 Karttunen original:</b> possessed form; the opening, blooming of flowers / abrimiento de flor, o el acto de brotar la dicha flor, el abrirse de las flores
1992-karttunen:001405	general	cuetlax-tli	cuetlaxtli	inalienably possessed form; leather cured hide, skin / cuero adobado, piel, cuero	inalienably possessed form; leather cured hide, skin / cuero adobado, piel, cuero	inalienably possessed form: leather cured hide, skin / cuero adobado, piel, cuero	<b>1992 Karttunen original:</b> CUETLAX-TLI pl: -MEH; inalienably possessed form: -CUETLAXYŌ leather cured hide, skin / cuero adobado (M), piel, cuero (T)	<b>1992 Karttunen original:</b> inalienably possessed form; leather cured hide, skin / cuero adobado, piel, cuero
1992-karttunen:001407	general	-cuexānco	cuexanco	necessarily possessed form; one’s lap / su regazo	necessarily possessed form; one’s lap / su regazo	necessarily possessed form: one’s lap / su regazo	<b>1992 Karttunen original:</b> -CUEXĀNCO necessarily possessed form one’s lap / su regazo (Z for third pers. sg. possessor)	<b>1992 Karttunen original:</b> necessarily possessed form; one’s lap / su regazo
1992-karttunen:001445	general	cuitlapanomi-tl	cuitlapanomitl	inalienably possessed form; back-bone / su espinazo, su espina dorsal	inalienably possessed form; back-bone / su espinazo, su espina dorsal	inalienably possessed form: back-bone / su espinazo, su espina dorsal	<b>1992 Karttunen original:</b> CUITLAPANOMI-TL inalienably possessed form: -CUITLAPANOMIYŌ back-bone / su espinazo, su espina dorsal (Z)	<b>1992 Karttunen original:</b> inalienably possessed form; back-bone / su espinazo, su espina dorsal
1992-karttunen:001448	general	cuitlapānxīlō-tl	cuitlapanxilotl	inalienably possessed form; back-bone / su espina dorsal, su espinazo	inalienably possessed form; back-bone / su espina dorsal, su espinazo	inalienably possessed form: back-bone / su espina dorsal, su espinazo	<b>1992 Karttunen original:</b> CUITLAPĀNXĪLŌ-TL inalienably possessed form: -CUITLAPANXĪLŌYŌ back-bone / su espina dorsal, su espinazo (T for third person possessor)	<b>1992 Karttunen original:</b> inalienably possessed form; back-bone / su espina dorsal, su espinazo
1992-karttunen:001483	general	ēhua-tl	ehuatl	possessed form; skin, hide, husk, rind / cuero por curtir, o mondadura y cáscara de fruta	possessed form; skin, hide, husk, rind / cuero por curtir, o mondadura y cáscara de fruta	possessed form: skin, hide, husk, rind / cuero por curtir, o mondadura y cáscara de fruta	<b>1992 Karttunen original:</b> ĒHUA-TL possessed form –ĒHUAYŌ skin, hide, husk, rind / cuero por curtir, o mondadura y cáscara de fruta (M)	<b>1992 Karttunen original:</b> possessed form; skin, hide, husk, rind / cuero por curtir, o mondadura y cáscara de fruta
1992-karttunen:001529	general	-ēxcānixti	excanixti	necessarily possessed form; in all three parts of something / en todas tres (partes)	necessarily possessed form; in all three parts of something / en todas tres (partes)	necessarily possessed form: in all three parts of something / en todas tres (partes)	<b>1992 Karttunen original:</b> -ĒXCĀNIXTI necessarily possessed form in all three parts of something / en todas tres (partes) (C)	<b>1992 Karttunen original:</b> necessarily possessed form; in all three parts of something / en todas tres (partes)
1992-karttunen:001544	general	ez-tli	eztli	inalienably possessed form; blood / sangre	inalienably possessed form; blood / sangre	inalienably possessed form: blood / sangre	<b>1992 Karttunen original:</b> EZ-TLI inalienably possessed form: -EZYŌ~-EZZŌ blood / sangre (M)	<b>1992 Karttunen original:</b> inalienably possessed form; blood / sangre
1992-karttunen:001546	general	-ezzohcāpohtzin	ezzocapotzin	necessarily possessed form; one’s blood fellow / (ha tomado) sangre…. humana como nosotros	necessarily possessed form; one’s blood fellow / (ha tomado) sangre…. humana como nosotros	necessarily possessed form: one’s blood fellow / (ha tomado) sangre…. humana como nosotros	<b>1992 Karttunen original:</b> -EZZOHCĀPOHTZIN necessarily possessed form one’s blood fellow / (ha tomado) sangre…. humana como nosotros (C)	<b>1992 Karttunen original:</b> necessarily possessed form; one’s blood fellow / (ha tomado) sangre…. humana como nosotros
1992-karttunen:001568	general	-huāmpoh	huampo	necessarily possessed form; one’s countryman, companion, equal, relative / ser uno de la misma naturaleza, estado, o condición que otro, nuestro pariente	necessarily possessed form; one’s countryman, companion, equal, relative / ser uno de la misma naturaleza, estado, o condición que otro, nuestro pariente	necessarily possessed form: one’s countryman, companion, equal, relative / ser uno de la misma naturaleza, estado, o condición que otro, nuestro pariente	<b>1992 Karttunen original:</b> -HUĀMPOH necessarily possessed form one’s countryman, companion, equal, relative / ser uno de la misma naturaleza, estado, o condición que otro (C), nuestro pariente (S)	<b>1992 Karttunen original:</b> necessarily possessed form; one’s countryman, companion, equal, relative / ser uno de la misma naturaleza, estado, o condición que otro, nuestro pariente
1992-karttunen:001569	general	-huān	huan	necessarily possessed form; and, with / junto y en compañía de otro	necessarily possessed form; and, with / junto y en compañía de otro	necessarily possessed form: and, with / junto y en compañía de otro	<b>1992 Karttunen original:</b> -HUĀN necessarily possessed form and, with / junto y en compañía de otro (C)	<b>1992 Karttunen original:</b> necessarily possessed form; and, with / junto y en compañía de otro
1992-karttunen:001571	general	-huānyōlqui	huanyolqui	necessarily possessed form; relative / parientes cercano, unido por la sangre	necessarily possessed form; relative / parientes cercano, unido por la sangre	necessarily possessed form: relative / parientes cercano, unido por la sangre	<b>1992 Karttunen original:</b> -HUĀNYŌLQUI necessarily possessed form relative / parientes cercano, unido por la sangre (S)	<b>1992 Karttunen original:</b> necessarily possessed form; relative / parientes cercano, unido por la sangre
1992-karttunen:001616	general	huēhueh	huehue	singular possessed form; old man / viejo o anciano	singular possessed form; old man / viejo o anciano	singular possessed form: old man / viejo o anciano	<b>1992 Karttunen original:</b> HUĒHUEH pl: HUĒHUETQUEH; singular possessed form: -HUĒHUETCĀUH old man / viejo o anciano (M)	<b>1992 Karttunen original:</b> singular possessed form; old man / viejo o anciano
1992-karttunen:001628	general	huēhuē-tl	huehuetl	possessed form; upright drum / atabal	possessed form; upright drum / atabal	possessed form: upright drum / atabal	<b>1992 Karttunen original:</b> HUĒHUĒ-TL possessed form: -HUĒ-HUĒUH upright drum / atabal (M)	<b>1992 Karttunen original:</b> possessed form; upright drum / atabal
1992-karttunen:001644	general	-huēinān	hueinan	only attested in possessed form; grandmother / su abuelita	only attested in possessed form; grandmother / su abuelita	only attested in possessed form: grandmother / su abuelita	<b>1992 Karttunen original:</b> -HUĒINĀN only attested in possessed form grandmother / su abuelita (Z for possessed form)	<b>1992 Karttunen original:</b> only attested in possessed form; grandmother / su abuelita
1992-karttunen:001646	general	-huēitātah	hueitata	only attested in possessed form; grandfather / su abuelito	only attested in possessed form; grandfather / su abuelito	only attested in possessed form: grandfather / su abuelito	<b>1992 Karttunen original:</b> -HUĒITĀTAH only attested in possessed form grandfather / su abuelito (Z for possessed form)	<b>1992 Karttunen original:</b> only attested in possessed form; grandfather / su abuelito
1992-karttunen:001683	general	huezhuah-tli	huezhuatli	possessed form; a woman’s sister-in-law / cuñada de mujer	possessed form; a woman’s sister-in-law / cuñada de mujer	possessed form: a woman’s sister-in-law / cuñada de mujer	<b>1992 Karttunen original:</b> HUEZHUAH-TLI possessed form: -HUEZ-HUI a woman’s sister-in-law / cuñada de mujer (M)	<b>1992 Karttunen original:</b> possessed form; a woman’s sister-in-law / cuñada de mujer
1992-karttunen:001728	general	-huīptlayōc	huiptlayoc	necessarily possessed form; two days later / dos días después, dos días después, a los dos días	necessarily possessed form; two days later / dos días después, dos días después, a los dos días	necessarily possessed form: two days later / dos días después, dos días después, a los dos días	<b>1992 Karttunen original:</b> -HUĪPTLAYŌC necessarily possessed form two days later / dos días después (M for iuiptlayoc), dos días después, a los dos días (S)	<b>1992 Karttunen original:</b> necessarily possessed form; two days later / dos días después, dos días después, a los dos días
1992-karttunen:001810	general	-(i)cxitlalhuayō	icxitlalhuayo	only attested in possessed form; tendon of one’s leg / su tendón del pie	only attested in possessed form; tendon of one’s leg / su tendón del pie	only attested in possessed form: tendon of one’s leg / su tendón del pie	<b>1992 Karttunen original:</b> -(I)CXITLALHUAYŌ only attested in possessed form tendon of one’s leg / su tendón del pie (T)	<b>1992 Karttunen original:</b> only attested in possessed form; tendon of one’s leg / su tendón del pie
1992-karttunen:001813	general	(i)cxitohmi-tl	icxitomitl	inalienably possessed form; leg hair / su pelo de la pierna	inalienably possessed form; leg hair / su pelo de la pierna	inalienably possessed form: leg hair / su pelo de la pierna	<b>1992 Karttunen original:</b> (I)CXITOHMI-TL inalienably possessed form: -TOHMIYŌ leg hair / su pelo de la pierna (T for possessed form)	<b>1992 Karttunen original:</b> inalienably possessed form; leg hair / su pelo de la pierna
1992-karttunen:001848	general	(i)hcuiy(a)	icuiya	vrefl; to wrap or coil oneself, to coil one’s hair up / coger o resolver los cabellos la mujer a la cabeza, o ceñir la culebra por el árbol o por el cuerpo de hombre	vrefl; to wrap or coil oneself, to coil one’s hair up / coger o resolver los cabellos la mujer a la cabeza, o ceñir la culebra por el árbol o por el cuerpo de hombre	vrefl to wrap or coil oneself, to coil one’s hair up / coger o resolver los cabellos la mujer a la cabeza, o ceñir la culebra por el árbol o por el cuerpo de hombre	<b>1992 Karttunen original:</b> (I)HCUIY(A) vrefl, pret: (I)HCUIX to wrap or coil oneself, to coil one’s hair up / coger o resolver los cabellos la mujer a la cabeza, o ceñir la culebra por el árbol o por el cuerpo de hombre (M)	<b>1992 Karttunen original:</b> vrefl; to wrap or coil oneself, to coil one’s hair up / coger o resolver los cabellos la mujer a la cabeza, o ceñir la culebra por el árbol o por el cuerpo de hombre
1992-karttunen:001849	general	ihhui-tl	ihuitl	possessed form; inalienably possessed form; feather down / pluma menuda	possessed form; inalienably possessed form; feather down / pluma menuda	possessed form: inalienably possessed form: feather down / pluma menuda	<b>1992 Karttunen original:</b> IHHUI-TL possessed form: -IHHUIUH, inalienably possessed form: -IHHUIYŌ feather down / pluma menuda (M)	<b>1992 Karttunen original:</b> possessed form; inalienably possessed form; feather down / pluma menuda
1992-karttunen:001890	general	-ihtepāchyō	itepachyo	only attested in possessed form; pith, soft interior of something / migaja, la parte interior de bolillo, de la caña de la milpa, etc	only attested in possessed form; pith, soft interior of something / migaja, la parte interior de bolillo, de la caña de la milpa, etc	only attested in possessed form: pith, soft interior of something / migaja, la parte interior de bolillo, de la caña de la milpa, etc	<b>1992 Karttunen original:</b> -IHTEPĀCHYŌ only attested in possessed form pith, soft interior of something / migaja, la parte interior de bolillo, de la caña de la milpa, etc. (T)	<b>1992 Karttunen original:</b> only attested in possessed form; pith, soft interior of something / migaja, la parte interior de bolillo, de la caña de la milpa, etc
1992-karttunen:001896	general	-ihteyō	iteyo	necessarily possessed form; entrails / entrañas	necessarily possessed form; entrails / entrañas	necessarily possessed form: entrails / entrañas	<b>1992 Karttunen original:</b> -IHTEYŌ necessarily possessed form entrails / entrañas (Z for –IHTIYŌ)	<b>1992 Karttunen original:</b> necessarily possessed form; entrails / entrañas
1992-karttunen:001925	general	-ihyāca	iyaca	necessarily possessed form; the stench of something / hediondez	necessarily possessed form; the stench of something / hediondez	necessarily possessed form: the stench of something / hediondez	<b>1992 Karttunen original:</b> -IHYĀCA necessarily possessed form the stench of something / hediondez (C)	<b>1992 Karttunen original:</b> necessarily possessed form; the stench of something / hediondez
1992-karttunen:001945	general	ilama-tl	ilamatl	possessed form; old woman / vieja	possessed form; old woman / vieja	possessed form: old woman / vieja	<b>1992 Karttunen original:</b> ILAMA-TL pl: ILAMATQUEH; possessed form -ILAMATCĀUH old woman / vieja (M)	<b>1992 Karttunen original:</b> possessed form; old woman / vieja
1992-karttunen:001977	general	(i)lnāmiqu(i)	ilnamiqui	vrefl,vt; for memory to return, sharpen; to remember, reflect on something / se refrescará la memoria de esto, acordarse de una cosa, imaginar, pensar, reflexionar, considerar	vrefl,vt; for memory to return, sharpen; to remember, reflect on something / se refrescará la memoria de esto, acordarse de una cosa, imaginar, pensar, reflexionar, considerar	vrefl,vt for memory to return, sharpen; to remember, reflect on something / se refrescará la memoria de esto, acordarse de una cosa, imaginar, pensar, reflexionar, considerar	<b>1992 Karttunen original:</b> (I)LNĀMIQU(I) vrefl,vt; pret: (I)LNĀMIC for memory to return, sharpen; to remember, reflect on something / se refrescará la memoria de esto (C for future tense), acordarse de una cosa, imaginar, pensar, reflexionar, considerar (S)	<b>1992 Karttunen original:</b> vrefl,vt; for memory to return, sharpen; to remember, reflect on something / se refrescará la memoria de esto, acordarse de una cosa, imaginar, pensar, reflexionar, considerar
1992-karttunen:001978	general	(i)lnāmiquiliā	ilnamiquilia	applic.; vrefl,vt; for memory to return, sharpen; to remember, reflect on something / se refrescará la memoria de esto, acordarse de una cosa, imaginar, pensar, reflexionar, considerar	applic.; vrefl,vt; for memory to return, sharpen; to remember, reflect on something / se refrescará la memoria de esto, acordarse de una cosa, imaginar, pensar, reflexionar, considerar	applic.; vrefl,vt for memory to return, sharpen; to remember, reflect on something / se refrescará la memoria de esto, acordarse de una cosa, imaginar, pensar, reflexionar, considerar	<b>1992 Karttunen original:</b> (I)LNĀMIQUILIĀ applic. (I)LNĀMIQU(I) (I)LNĀMIQU(I) vrefl,vt; pret: (I)LNĀMIC for memory to return, sharpen; to remember, reflect on something / se refrescará la memoria de esto (C for future tense), acordarse de una cosa, imaginar, pensar, reflexionar, considerar (S)	<b>1992 Karttunen original:</b> applic.; vrefl,vt; for memory to return, sharpen; to remember, reflect on something / se refrescará la memoria de esto, acordarse de una cosa, imaginar, pensar, reflexionar, considerar
1992-karttunen:002032	general	-itcōca	itcoca	necessarily possessed form; that which someone carries, that for which someone is responsible / vasallos, gente menuda o súbditos	necessarily possessed form; that which someone carries, that for which someone is responsible / vasallos, gente menuda o súbditos	necessarily possessed form: that which someone carries, that for which someone is responsible / vasallos, gente menuda o súbditos	<b>1992 Karttunen original:</b> -ITCŌCA necessarily possessed form that which someone carries, that for which someone is responsible / vasallos, gente menuda o súbditos (M for itconi)	<b>1992 Karttunen original:</b> necessarily possessed form; that which someone carries, that for which someone is responsible / vasallos, gente menuda o súbditos
1992-karttunen:002120	general	-īxcohyān	ixcoyan	necessarily possessed form; something of one’s own, something personally owned, proper to oneself or its purpose / propio, personal, particular, solo	necessarily possessed form; something of one’s own, something personally owned, proper to oneself or its purpose / propio, personal, particular, solo	necessarily possessed form: something of one’s own, something personally owned, proper to oneself or its purpose / propio, personal, particular, solo	<b>1992 Karttunen original:</b> -ĪXCOHYĀN necessarily possessed form something of one’s own, something personally owned, proper to oneself or its purpose / propio, personal, particular (S), solo (Z)	<b>1992 Karttunen original:</b> necessarily possessed form; something of one’s own, something personally owned, proper to oneself or its purpose / propio, personal, particular, solo
1992-karttunen:002131	general	īxcuāte-tetl	ixcuate	possessed form; forehead / a su frente, su rostro	possessed form; forehead / a su frente, su rostro	possessed form: forehead / a su frente, su rostro	<b>1992 Karttunen original:</b> ĪXCUĀTE-TETL pl: -MEH; possessed form: -TEUH forehead / a su frente, su rostro (T for possessed form)	<b>1992 Karttunen original:</b> possessed form; forehead / a su frente, su rostro
1992-karttunen:002132	general	-īxcuātlacuaxēl	ixcuatlacuaxel	only attested in possessed form; the part in one’s hair / su raya (del pelo)	only attested in possessed form; the part in one’s hair / su raya (del pelo)	only attested in possessed form: the part in one’s hair / su raya (del pelo)	<b>1992 Karttunen original:</b> -ĪXCUĀTLACUAXĒL only attested in possessed form the part in one’s hair / su raya (del pelo) (T)	<b>1992 Karttunen original:</b> only attested in possessed form; the part in one’s hair / su raya (del pelo)
1992-karttunen:002224	general	īxpilcuetlax-tli	ixpilcuetlaxtli	possessed form; eyelid / su párpado	possessed form; eyelid / su párpado	possessed form: eyelid / su párpado	<b>1992 Karttunen original:</b> ĪXPILCUETLAX-TLI possessed form:-ĪXPILCUETLAXYŌ eyelid / su párpado (Z for possessed form)	<b>1992 Karttunen original:</b> possessed form; eyelid / su párpado
1992-karttunen:002225	general	-īxpilhui-tl	ixpilhuitl	possessed form; eyelash / su péstaña	possessed form; eyelash / su péstaña	possessed form: eyelash / su péstaña	<b>1992 Karttunen original:</b> -ĪXPILHUI-TL possessed form: -ĪX-PILHUIYŌ eyelash / su péstaña (Z for possessed form)	<b>1992 Karttunen original:</b> possessed form; eyelash / su péstaña
1992-karttunen:002238	general	-īxqui	ixqui	only attested in possessed form; the front edge of the eyelid / parte de adentro y de la orilla de su párpado	only attested in possessed form; the front edge of the eyelid / parte de adentro y de la orilla de su párpado	only attested in possessed form: the front edge of the eyelid / parte de adentro y de la orilla de su párpado	<b>1992 Karttunen original:</b> -ĪXQUI only attested in possessed form the front edge of the eyelid / parte de adentro y de la orilla de su párpado (T)	<b>1992 Karttunen original:</b> only attested in possessed form; the front edge of the eyelid / parte de adentro y de la orilla de su párpado
1992-karttunen:002261	general	īxte-tl	ixtetl	possessed form; eye, eyeball / ojo	possessed form; eye, eyeball / ojo	possessed form: eye, eyeball / ojo	<b>1992 Karttunen original:</b> ĪXTE-TL pl: -MEH; posseseed form -TEUH eye, eyeball / ojo (X)	<b>1992 Karttunen original:</b> possessed form; eye, eyeball / ojo
1992-karttunen:002277	general	-īxtlahtlālloh	ixtlatlallo	necessarily possessed form; someone with a dirty face / tiene la cara sucia	necessarily possessed form; someone with a dirty face / tiene la cara sucia	necessarily possessed form: someone with a dirty face / tiene la cara sucia	<b>1992 Karttunen original:</b> -ĪXTLAHTLĀLLOH necessarily possessed form someone with a dirty face / tiene la cara sucia (T)	<b>1992 Karttunen original:</b> necessarily possessed form; someone with a dirty face / tiene la cara sucia
1992-karttunen:002375	general	-māācayō	maacayo	necessarily possessed form; one’s forearm / su antebrazo	necessarily possessed form; one’s forearm / su antebrazo	necessarily possessed form: one’s forearm / su antebrazo	<b>1992 Karttunen original:</b> -MĀĀCAYŌ necessarily possessed form one’s forearm / su antebrazo (Z)	<b>1992 Karttunen original:</b> necessarily possessed form; one’s forearm / su antebrazo
1992-karttunen:002378	general	-māc	mac	necessarily possessed form; in the hands of / en, por mi mano o mis manos, en la mano, en las manos de alguien	necessarily possessed form; in the hands of / en, por mi mano o mis manos, en la mano, en las manos de alguien	necessarily possessed form: in the hands of / en, por mi mano o mis manos, en la mano, en las manos de alguien	<b>1992 Karttunen original:</b> -MĀC necessarily possessed form in the hands of / en, por mi mano o mis manos (S for first pers. sg. possessor), en la mano, en las manos de alguien (S for TĒMĀC) Although this commonly takes only possessive prefixes, in C’s ĀMĀC ‘at the brink of the river,’ it appears to be bound to a noun in the manner of a full postposition. An alternative analysis is ĀMA(I)-TL (M has amaitl ‘inlet, bay’)	<b>1992 Karttunen original:</b> necessarily possessed form; in the hands of / en, por mi mano o mis manos, en la mano, en las manos de alguien
1992-karttunen:002455	general	-mahtlaccānixti	matlaccanixti	necessarly possessed form; in all ten parts of something / en todas diez partes	necessarly possessed form; in all ten parts of something / en todas diez partes	necessarly possessed form: in all ten parts of something / en todas diez partes	<b>1992 Karttunen original:</b> -MAHTLACCĀNIXTI necessarly possessed form in all ten parts of something / en todas diez partes (M)	<b>1992 Karttunen original:</b> necessarly possessed form; in all ten parts of something / en todas diez partes
1992-karttunen:002486	general	-māicnīuh	maicniuh	only attested in possessed form; one’s comrade, fellow laborer / su compañero de trabajo	only attested in possessed form; one’s comrade, fellow laborer / su compañero de trabajo	only attested in possessed form: one’s comrade, fellow laborer / su compañero de trabajo	<b>1992 Karttunen original:</b> -MĀICNĪUH only attested in possessed form one’s comrade, fellow laborer / su compañero de trabajo (T)	<b>1992 Karttunen original:</b> only attested in possessed form; one’s comrade, fellow laborer / su compañero de trabajo
1992-karttunen:002511	general	-māmāyō	mamayo	necessarily possessed form; the branches of a tree / su rama	necessarily possessed form; the branches of a tree / su rama	necessarily possessed form: the branches of a tree / su rama	<b>1992 Karttunen original:</b> -MĀMĀYŌ necessarily possessed form the branches of a tree / su rama (T)	<b>1992 Karttunen original:</b> necessarily possessed form; the branches of a tree / su rama
1992-karttunen:002544	general	-māpōchcopa	mapochcopa	necessarily possessed form; to one’s left-hand side / a la izquierda	necessarily possessed form; to one’s left-hand side / a la izquierda	necessarily possessed form: to one’s left-hand side / a la izquierda	<b>1992 Karttunen original:</b> -MĀPŌCHCOPA necessarily possessed form to one’s left-hand side / a la izquierda (Z)	<b>1992 Karttunen original:</b> necessarily possessed form; to one’s left-hand side / a la izquierda
1992-karttunen:002567	general	-matiyān	matiyan	necessarily possessed form; one’s time, span of personal experience / en mi tiempo	necessarily possessed form; one’s time, span of personal experience / en mi tiempo	necessarily possessed form: one’s time, span of personal experience / en mi tiempo	<b>1992 Karttunen original:</b> -MATIYĀN necessarily possessed form one’s time, span of personal experience / en mi tiempo (M for first pers. Sg. Possessor)	<b>1992 Karttunen original:</b> necessarily possessed form; one’s time, span of personal experience / en mi tiempo
1992-karttunen:002570	general	mātlalhua-tl	matlalhuatl	inalienably possessed form; tendon of the hand, arm / su tendón de la mano	inalienably possessed form; tendon of the hand, arm / su tendón de la mano	inalienably possessed form: tendon of the hand, arm / su tendón de la mano	<b>1992 Karttunen original:</b> MĀTLALHUA-TL inalienably possessed form: -MĀTLALHUAYŌ tendon of the hand, arm / su tendón de la mano (T for possessed form)	<b>1992 Karttunen original:</b> inalienably possessed form; tendon of the hand, arm / su tendón de la mano
1992-karttunen:002573	general	-mātlan	matlan	necessarily possessed form; in the hand of, under the power of / en su mano (en su poder)	necessarily possessed form; in the hand of, under the power of / en su mano (en su poder)	necessarily possessed form: in the hand of, under the power of / en su mano (en su poder)	<b>1992 Karttunen original:</b> -MĀTLAN necessarily possessed form in the hand of, under the power of / en su mano (en su poder) (T)	<b>1992 Karttunen original:</b> necessarily possessed form; in the hand of, under the power of / en su mano (en su poder)
1992-karttunen:002588	general	mātohmi-tl	matomitl	inalienably possessed form; the hair of one’s hands and arms / su pelo de la mano o del brazo	inalienably possessed form; the hair of one’s hands and arms / su pelo de la mano o del brazo	inalienably possessed form: the hair of one’s hands and arms / su pelo de la mano o del brazo	<b>1992 Karttunen original:</b> MĀTOHMI-TL inalienable possessed form: -MĀTOHMIYŌ the hair of one’s hands and arms / su pelo de la mano o del brazo (T)	<b>1992 Karttunen original:</b> inalienably possessed form; the hair of one’s hands and arms / su pelo de la mano o del brazo
1992-karttunen:002610	general	māxtla-tl	maxtlatl	possessed form; breechclout / bragas o cosa semejante	possessed form; breechclout / bragas o cosa semejante	possessed form: breechclout / bragas o cosa semejante	<b>1992 Karttunen original:</b> MĀXTLA-TL possessed form: -MĀXTLI breechclout / bragas o cosa semejante (M)	<b>1992 Karttunen original:</b> possessed form; breechclout / bragas o cosa semejante
1992-karttunen:002619	general	-māyēccāncopa	mayeccancopa	necessarily possessed form; at one’s right hand / a tu mano derecha	necessarily possessed form; at one’s right hand / a tu mano derecha	necessarily possessed form: at one’s right hand / a tu mano derecha	<b>1992 Karttunen original:</b> -MĀYĒCCĀNCOPA necessarily possessed form at one’s right hand / a tu mano derecha (C for second pers. sg. possessor)	<b>1992 Karttunen original:</b> necessarily possessed form; at one’s right hand / a tu mano derecha
1992-karttunen:002626	general	-māyō	mayo	inalienably possessed form; a tree’s crown, its branches and foliage / su rama	inalienably possessed form; a tree’s crown, its branches and foliage / su rama	inalienably possessed form: a tree’s crown, its branches and foliage / su rama	<b>1992 Karttunen original:</b> -MĀYŌ inalienably possessed form of MĀ(I)-TL a tree’s crown, its branches and foliage / su rama (Z)	<b>1992 Karttunen original:</b> inalienably possessed form; a tree’s crown, its branches and foliage / su rama
1992-karttunen:002662	general	-metzācayō	metzacayo	necessarily possessed form; one’s shin bone / su tibia, su canilla, su espinilla	necessarily possessed form; one’s shin bone / su tibia, su canilla, su espinilla	necessarily possessed form: one’s shin bone / su tibia, su canilla, su espinilla	<b>1992 Karttunen original:</b> -METZĀCAYŌ necessarily possessed form one’s shin bone / su tibia, su canilla, su espinilla (Z)	<b>1992 Karttunen original:</b> necessarily possessed form; one’s shin bone / su tibia, su canilla, su espinilla
1992-karttunen:002676	general	-metzīxco	metzixco	necessarily possessed form; sole of one’s foot / planta del pie	necessarily possessed form; sole of one’s foot / planta del pie	necessarily possessed form: sole of one’s foot / planta del pie	<b>1992 Karttunen original:</b> -METZĪXCO necessarily possessed form sole of one’s foot / planta del pie (Z)	<b>1992 Karttunen original:</b> necessarily possessed form; sole of one’s foot / planta del pie
1992-karttunen:002682	general	-metztlampa	metztlampa	necessarily possessed form; sole of one’s foot / planta de pie	necessarily possessed form; sole of one’s foot / planta de pie	necessarily possessed form: sole of one’s foot / planta de pie	<b>1992 Karttunen original:</b> -METZTLAMPA necessarily possessed form sole of one’s foot / planta de pie (Z)	<b>1992 Karttunen original:</b> necessarily possessed form; sole of one’s foot / planta de pie
1992-karttunen:002716	general	-micecuil	micecuil	only attested in possessed form; one’s rib / su Costilla	only attested in possessed form; one’s rib / su Costilla	only attested in possessed form: one’s rib / su Costilla	<b>1992 Karttunen original:</b> -MICECUIL only attested in possessed form one’s rib / su Costilla (T)	<b>1992 Karttunen original:</b> only attested in possessed form; one’s rib / su Costilla
1992-karttunen:002780	general	miyāhua-tl	miyahuatl	inalienably possessed form; the tassel and flower of maize / la espiga y la flor de la caña de maíz	inalienably possessed form; the tassel and flower of maize / la espiga y la flor de la caña de maíz	inalienably possessed form: the tassel and flower of maize / la espiga y la flor de la caña de maíz	<b>1992 Karttunen original:</b> MIYĀHUA-TL inalienably possessed form: -MIYĀHUAYŌ the tassel and flower of maize / la espiga y la flor de la caña de maíz (M)	<b>1992 Karttunen original:</b> inalienably possessed form; the tassel and flower of maize / la espiga y la flor de la caña de maíz
1992-karttunen:002794	general	-mochīhuayān	mochihuayan	necessarily possessed form; proper time or place for something to come about, as for fruit trees to bear fruit / tiempo o lugar... donde o cuando se da	necessarily possessed form; proper time or place for something to come about, as for fruit trees to bear fruit / tiempo o lugar... donde o cuando se da	necessarily possessed form: proper time or place for something to come about, as for fruit trees to bear fruit / tiempo o lugar... donde o cuando se da	<b>1992 Karttunen original:</b> -MOCHĪHUAYĀN necessarily possessed form proper time or place for something to come about, as for fruit trees to bear fruit / tiempo o lugar... donde o cuando se da (C)	<b>1992 Karttunen original:</b> necessarily possessed form; proper time or place for something to come about, as for fruit trees to bear fruit / tiempo o lugar... donde o cuando se da
1992-karttunen:002796	general	-mochīuhyān	mochiuhyan	necessarily possessed form; the proper time for something to come about / es tiempo de	necessarily possessed form; the proper time for something to come about / es tiempo de	necessarily possessed form: the proper time for something to come about / es tiempo de	<b>1992 Karttunen original:</b> -MOCHĪUHYĀN necessarily possessed form the proper time for something to come about / es tiempo de (C)	<b>1992 Karttunen original:</b> necessarily possessed form; the proper time for something to come about / es tiempo de
1992-karttunen:002825	general	-monecyān	monecyan	necessarily possessed form; the proper time or place for something / su lugar	necessarily possessed form; the proper time or place for something / su lugar	necessarily possessed form: the proper time or place for something / su lugar	<b>1992 Karttunen original:</b> -MONECYĀN necessarily possessed form the proper time or place for something / su lugar (C)	<b>1992 Karttunen original:</b> necessarily possessed form; the proper time or place for something / su lugar
1992-karttunen:002828	general	-monequiyān	monequiyan	necessarily possessed form; the proper time or place for something / la sazón y tiempo	necessarily possessed form; the proper time or place for something / la sazón y tiempo	necessarily possessed form: the proper time or place for something / la sazón y tiempo	<b>1992 Karttunen original:</b> -MONEQUIYĀN necessarily possessed form the proper time or place for something / la sazón y tiempo (C)	<b>1992 Karttunen original:</b> necessarily possessed form; the proper time or place for something / la sazón y tiempo
1992-karttunen:002831	general	-mōntēzyō	montezyo	only attested in possessed form; mother-in-law of a man / su suegra (del hombre)	only attested in possessed form; mother-in-law of a man / su suegra (del hombre)	only attested in possessed form: mother-in-law of a man / su suegra (del hombre)	<b>1992 Karttunen original:</b> -MŌNTĒZYŌ only attested in possessed form mother-in-law of a man / su suegra (del hombre) (T)	<b>1992 Karttunen original:</b> only attested in possessed form; mother-in-law of a man / su suegra (del hombre)
1992-karttunen:002836	general	-mopiloāyān	mopiloayan	necessarily possessed form; place where something hangs, gathers, or looms / lugar donde se arman los aguaceros	necessarily possessed form; place where something hangs, gathers, or looms / lugar donde se arman los aguaceros	necessarily possessed form: place where something hangs, gathers, or looms / lugar donde se arman los aguaceros	<b>1992 Karttunen original:</b> -MOPILOĀYĀN necessarily possessed form place where something hangs, gathers, or looms / lugar donde se arman los aguaceros (C referring in context to rain)	<b>1992 Karttunen original:</b> necessarily possessed form; place where something hangs, gathers, or looms / lugar donde se arman los aguaceros
1992-karttunen:002840	general	-motēcayān	motecayan	necessarily possessed form; place where something spreads itself out on a surface / lugar donde el aguacero descarga y cae	necessarily possessed form; place where something spreads itself out on a surface / lugar donde el aguacero descarga y cae	necessarily possessed form: place where something spreads itself out on a surface / lugar donde el aguacero descarga y cae	<b>1992 Karttunen original:</b> -MOTĒCAYĀN necessarily possessed form place where something spreads itself out on a surface / lugar donde el aguacero descarga y cae (C referring in context to rain)	<b>1992 Karttunen original:</b> necessarily possessed form; place where something spreads itself out on a surface / lugar donde el aguacero descarga y cae
1992-karttunen:002870	general	-mōztlayōc	moztlayoc	necessarily possessed form; the day following something / el día siguiente	necessarily possessed form; the day following something / el día siguiente	necessarily possessed form: the day following something / el día siguiente	<b>1992 Karttunen original:</b> -MŌZTLAYŌC necessarily possessed form the day following something / el día siguiente (S)	<b>1992 Karttunen original:</b> necessarily possessed form; the day following something / el día siguiente
1992-karttunen:002882	general	nac(a)-tl	nacatl	inalienably possessed form; flesh, meat / carne	inalienably possessed form; flesh, meat / carne	inalienably possessed form: flesh, meat / carne	<b>1992 Karttunen original:</b> NAC(A)-TL inalienably possessed form: - NACAYŌ flesh, meat / carne (M)	<b>1992 Karttunen original:</b> inalienably possessed form; flesh, meat / carne
1992-karttunen:002884	general	-nacayohcāpoh	nacayocapo	necessarily possessed form; sharing flesh and blood with another, a human being like oneself / el que tiene cuerpo como yo	necessarily possessed form; sharing flesh and blood with another, a human being like oneself / el que tiene cuerpo como yo	necessarily possessed form: sharing flesh and blood with another, a human being like oneself / el que tiene cuerpo como yo	<b>1992 Karttunen original:</b> -NACAYOHCĀPOH necessarily possessed form sharing flesh and blood with another, a human being like oneself / el que tiene cuerpo como yo (C for first person possessor)	<b>1992 Karttunen original:</b> necessarily possessed form; sharing flesh and blood with another, a human being like oneself / el que tiene cuerpo como yo
1992-karttunen:002974	general	-necāuhcā	necauhca	necessarily possessed form; relic, remainder of someone, something / reliquia	necessarily possessed form; relic, remainder of someone, something / reliquia	necessarily possessed form: relic, remainder of someone, something / reliquia	<b>1992 Karttunen original:</b> -NECĀUHCĀ necessarily possessed form relic, remainder of someone, something / reliquia (C)	<b>1992 Karttunen original:</b> necessarily possessed form; relic, remainder of someone, something / reliquia
1992-karttunen:002975	general	-necēhuiāyān	necehuiayan	necessarily possessed form; one's resting place / lugar para descansar o de descanso	necessarily possessed form; one's resting place / lugar para descansar o de descanso	necessarily possessed form: one's resting place / lugar para descansar o de descanso	<b>1992 Karttunen original:</b> -NECĒHUIĀYĀN necessarily possessed form one's resting place / lugar para descansar o de descanso (M for neceuiloyan)	<b>1992 Karttunen original:</b> necessarily possessed form; one's resting place / lugar para descansar o de descanso
1992-karttunen:002992	general	-necuitlahuīlocā	necuitlahuiloca	necessarily possessed form; the care with which one is looked after / el cuidado con que se cuida de mi	necessarily possessed form; the care with which one is looked after / el cuidado con que se cuida de mi	necessarily possessed form: the care with which one is looked after / el cuidado con que se cuida de mi	<b>1992 Karttunen original:</b> -NECUITLAHUĪLOCĀ necessarily possessed form the care with which one is looked after / el cuidado con que se cuida de mi (C for first person possessor)	<b>1992 Karttunen original:</b> necessarily possessed form; the care with which one is looked after / el cuidado con que se cuida de mi
1992-karttunen:002994	general	-neēllelquīxtiāya	neellelquixtiaya	necessarily possessed form; that with which one entertains oneself / instrumento con que yo me recreo	necessarily possessed form; that with which one entertains oneself / instrumento con que yo me recreo	necessarily possessed form: that with which one entertains oneself / instrumento con que yo me recreo	<b>1992 Karttunen original:</b> -NEĒLLELQUĪXTIĀYA necessarily possessed form that with which one entertains oneself / instrumento con que yo me recreo (C for first person possessor)	<b>1992 Karttunen original:</b> necessarily possessed form; that with which one entertains oneself / instrumento con que yo me recreo
1992-karttunen:003041	general	-neltococā	neltococa	necessarily possessed form; the faith others have in one / la fé con que me creen	necessarily possessed form; the faith others have in one / la fé con que me creen	necessarily possessed form: the faith others have in one / la fé con que me creen	<b>1992 Karttunen original:</b> -NELTOCOCĀ necessarily possessed form the faith others have in one / la fé con que me creen (C for first person possessor)	<b>1992 Karttunen original:</b> necessarily possessed form; the faith others have in one / la fé con que me creen
1992-karttunen:003060	general	-nemiyān	nemiyan	necessarly possessed form; the place or time in which one lives / lugar donde yo vivo, duración, tiempo de vida	necessarly possessed form; the place or time in which one lives / lugar donde yo vivo, duración, tiempo de vida	necessarly possessed form: the place or time in which one lives / lugar donde yo vivo, duración, tiempo de vida	<b>1992 Karttunen original:</b> -NEMIYĀN necessarly possessed form the place or time in which one lives / lugar donde yo vivo (C for first pers. sg. possessor), duración, tiempo de vida (S)	<b>1992 Karttunen original:</b> necessarly possessed form; the place or time in which one lives / lugar donde yo vivo, duración, tiempo de vida
1992-karttunen:003076	general	-nencāuhyan	nencauhyan	necessarily possessed form; one's negligence / negligencia	necessarily possessed form; one's negligence / negligencia	necessarily possessed form: one's negligence / negligencia	<b>1992 Karttunen original:</b> -NENCĀUHYAN necessarily possessed form one's negligence / negligencia (K)	<b>1992 Karttunen original:</b> necessarily possessed form; one's negligence / negligencia
1992-karttunen:003077	general	nencāyō-tl	nencayotl	possessed form; sustenance, what one needs to support life / mantenimiento humano	possessed form; sustenance, what one needs to support life / mantenimiento humano	possessed form: sustenance, what one needs to support life / mantenimiento humano	<b>1992 Karttunen original:</b> NENCĀYŌ-TL possessed form: -NENCĀ sustenance, what one needs to support life / mantenimiento humano (M)	<b>1992 Karttunen original:</b> possessed form; sustenance, what one needs to support life / mantenimiento humano
1992-karttunen:003131	general	-netlaquechiāya	netlaquechiaya	necessarily possessed form; staff, crutch, support / bordón o muleta	necessarily possessed form; staff, crutch, support / bordón o muleta	necessarily possessed form: staff, crutch, support / bordón o muleta	<b>1992 Karttunen original:</b> -NETLAQUECHIĀYA necessarily possessed form staff, crutch, support / bordón o muleta (C)	<b>1992 Karttunen original:</b> necessarily possessed form; staff, crutch, support / bordón o muleta
1992-karttunen:003138	general	nēuhcāyō-tl	neuhcayotl	possessed form; sustenance, a meal taken upon rising, breakfast / el sustento necesario, lo que se come después de levantarse, víveres, alimentos, nutrición, subsistencia	possessed form; sustenance, a meal taken upon rising, breakfast / el sustento necesario, lo que se come después de levantarse, víveres, alimentos, nutrición, subsistencia	possessed form: sustenance, a meal taken upon rising, breakfast / el sustento necesario, lo que se come después de levantarse, víveres, alimentos, nutrición, subsistencia	<b>1992 Karttunen original:</b> NĒUHCĀYŌ-TL possessed form: -NĒUH-CĀ sustenance, a meal taken upon rising, breakfast / el sustento necesario (C), lo que se come después de levantarse (C), víveres, alimentos, nutrición, subsistencia (S)	<b>1992 Karttunen original:</b> possessed form; sustenance, a meal taken upon rising, breakfast / el sustento necesario, lo que se come después de levantarse, víveres, alimentos, nutrición, subsistencia
1992-karttunen:003255	general	oh-tli	otli	possessed form; road / camino generalmente	possessed form; road / camino generalmente	possessed form: road / camino generalmente	<b>1992 Karttunen original:</b> OH-TLI possessed form: -OHHUI road / camino generalmente (M)	<b>1992 Karttunen original:</b> possessed form; road / camino generalmente
1992-karttunen:003291	general	-omiyō	omiyo	necessarily possessed form; one's own bones / sus huesos	necessarily possessed form; one's own bones / sus huesos	necessarily possessed form: one's own bones / sus huesos	<b>1992 Karttunen original:</b> -OMIYŌ necessarily possessed form one's own bones / sus huesos (K)	<b>1992 Karttunen original:</b> necessarily possessed form; one's own bones / sus huesos
1992-karttunen:003292	general	-omiyohcāpohtzin	omiyocapotzin	necessarily possessed form; someone who shares one's own type of bones / ha tomado... huesos... como nosotros	necessarily possessed form; someone who shares one's own type of bones / ha tomado... huesos... como nosotros	necessarily possessed form: someone who shares one's own type of bones / ha tomado... huesos... como nosotros	<b>1992 Karttunen original:</b> -OMIYOHCĀPOHTZIN necessarily possessed form someone who shares one's own type of bones / ha tomado... huesos... como nosotros (C for first pers. plural possessed form with MOCHĪHU(A)	<b>1992 Karttunen original:</b> necessarily possessed form; someone who shares one's own type of bones / ha tomado... huesos... como nosotros
1992-karttunen:003299	general	-opōchcopa	opochcopa	only attested in possessed form; at one's left hand / a tu mano izquierda	only attested in possessed form; at one's left hand / a tu mano izquierda	only attested in possessed form: at one's left hand / a tu mano izquierda	<b>1992 Karttunen original:</b> -OPŌCHCOPA only attested in possessed form at one's left hand / a tu mano izquierda (C for second pers. sg. posses-sor)	<b>1992 Karttunen original:</b> only attested in possessed form; at one's left hand / a tu mano izquierda
1992-karttunen:003306	general	-oquichnacayō	oquichnacayo	necessarily possessed form; one's male genitals / de sus partes, hablando honestamente …de las del varón	necessarily possessed form; one's male genitals / de sus partes, hablando honestamente …de las del varón	necessarily possessed form: one's male genitals / de sus partes, hablando honestamente …de las del varón	<b>1992 Karttunen original:</b> -OQUICHNACAYŌ necessarily possessed form one's male genitals / de sus partes, hablando honestamente …de las del varón (C)	<b>1992 Karttunen original:</b> necessarily possessed form; one's male genitals / de sus partes, hablando honestamente …de las del varón
1992-karttunen:003312	general	oquich-tli	oquichtli	possessed form; man, male, husband / varón, o macho en cada especie	possessed form; man, male, husband / varón, o macho en cada especie	possessed form: man, male, husband / varón, o macho en cada especie	<b>1992 Karttunen original:</b> OQUICH-TLI pl: -TIN ~ MEH; possessed form: -OQUICHHUI man, male, husband / varón, o macho en cada especie (M)	<b>1992 Karttunen original:</b> possessed form; man, male, husband / varón, o macho en cada especie
1992-karttunen:003391	general	pām(i)-tl	pamitl	possessed form; flag, banner / bandera, estandarte	possessed form; flag, banner / bandera, estandarte	possessed form: flag, banner / bandera, estandarte	<b>1992 Karttunen original:</b> PĀM(I)-TL possessed form: -PĀN flag, banner / bandera, estandarte (S)	<b>1992 Karttunen original:</b> possessed form; flag, banner / bandera, estandarte
1992-karttunen:003537	general	pil-li	pilli	possessed form; noble person / caballero o noble persona, los cortesanos del Rey	possessed form; noble person / caballero o noble persona, los cortesanos del Rey	possessed form: noble person / caballero o noble persona, los cortesanos del Rey	<b>1992 Karttunen original:</b> PIL-LI pl: PĪPILTIN; possessed form: -PILLŌ noble person / caballero o noble persona (M), los cortesanos del Rey (C for possessed form)	<b>1992 Karttunen original:</b> possessed form; noble person / caballero o noble persona, los cortesanos del Rey
1992-karttunen:003542	general	-pilpēhuayān	pilpehuayan	necessarily possessed form; childhood / niñez	necessarily possessed form; childhood / niñez	necessarily possessed form: childhood / niñez	<b>1992 Karttunen original:</b> -PILPĒHUAYĀN necessarily possessed form childhood / niñez (C)	<b>1992 Karttunen original:</b> necessarily possessed form; childhood / niñez
1992-karttunen:003544	general	-piltiyān	piltiyan	necessarly possessed form; one's childhood / mi niñez o el tiempo de mi niñez	necessarly possessed form; one's childhood / mi niñez o el tiempo de mi niñez	necessarly possessed form: one's childhood / mi niñez o el tiempo de mi niñez	<b>1992 Karttunen original:</b> -PILTIYĀN necessarly possessed form one's childhood / mi niñez o el tiempo de mi niñez (R for first pers. sg. possessor)	<b>1992 Karttunen original:</b> necessarly possessed form; one's childhood / mi niñez o el tiempo de mi niñez
1992-karttunen:003585	general	pītzēhua-tl	pitzehuatl	inalienably possessed form; skin / su cutis	inalienably possessed form; skin / su cutis	inalienably possessed form: skin / su cutis	<b>1992 Karttunen original:</b> PĪTZĒHUA-TL inalienably possessed form: -PĪTZĒHUAYŌ skin / su cutis (Z for possessed form)	<b>1992 Karttunen original:</b> inalienably possessed form; skin / su cutis
1992-karttunen:003684	general	-pōx	pox	attested only in possessed form; and in compounds, not in absolutive form pot belly / barrigón, panzón	attested only in possessed form; and in compounds, not in absolutive form pot belly / barrigón, panzón	attested only in possessed form: and in compounds, not in absolutive form pot belly / barrigón, panzón	<b>1992 Karttunen original:</b> -PŌX attested only in possessed form and in compounds, not in absolutive form pot belly / barrigón, panzón (Z)	<b>1992 Karttunen original:</b> attested only in possessed form; and in compounds, not in absolutive form pot belly / barrigón, panzón
1992-karttunen:003690	general	-pōxnacaztlan	poxnacaztlan	attested only in possessed form; one's side, flank / su lado, su costado	attested only in possessed form; one's side, flank / su lado, su costado	attested only in possessed form: one's side, flank / su lado, su costado	<b>1992 Karttunen original:</b> -PŌXNACAZTLAN attested only in possessed form one's side, flank / su lado, su costado (Z for possessed form)	<b>1992 Karttunen original:</b> attested only in possessed form; one's side, flank / su lado, su costado
1992-karttunen:003732	general	-quechtemēmecapal	quechtememecapal	only attested in possessed form; tendons of the neck and head / sus tendones del cerebro	only attested in possessed form; tendons of the neck and head / sus tendones del cerebro	only attested in possessed form: tendons of the neck and head / sus tendones del cerebro	<b>1992 Karttunen original:</b> -QUECHTEMĒMECAPAL only attested in possessed form tendons of the neck and head / sus tendones del cerebro (T)	<b>1992 Karttunen original:</b> only attested in possessed form; tendons of the neck and head / sus tendones del cerebro
1992-karttunen:003786	general	-quēz	quez	only attested in possessed form; and in compounds thigh, leg / su muslo, su pierna	only attested in possessed form; and in compounds thigh, leg / su muslo, su pierna	only attested in possessed form: and in compounds thigh, leg / su muslo, su pierna	<b>1992 Karttunen original:</b> -QUĒZ only attested in possessed form and in compounds thigh, leg / su muslo, su pierna (T,Z)	<b>1992 Karttunen original:</b> only attested in possessed form; and in compounds thigh, leg / su muslo, su pierna
1992-karttunen:003787	general	-quēzcuauhyō	quezcuauhyo	only attested in possessed form; and compounds thigh, leg / su muslo, su pierna	only attested in possessed form; and compounds thigh, leg / su muslo, su pierna	only attested in possessed form: and compounds thigh, leg / su muslo, su pierna	<b>1992 Karttunen original:</b> -QUĒZCUAUHYŌ only attested in possessed form and compounds thigh, leg / su muslo, su pierna (T)	<b>1992 Karttunen original:</b> only attested in possessed form; and compounds thigh, leg / su muslo, su pierna
1992-karttunen:003835	general	-quīzayān	quizayan	necessanly possessed form; place from which something comes forth / lugar de donde sale una cosa, comienzos	necessanly possessed form; place from which something comes forth / lugar de donde sale una cosa, comienzos	necessanly possessed form: place from which something comes forth / lugar de donde sale una cosa, comienzos	<b>1992 Karttunen original:</b> -QUĪZAYĀN necessanly possessed form place from which something comes forth / lugar de donde sale una cosa, comienzos (S)	<b>1992 Karttunen original:</b> necessanly possessed form; place from which something comes forth / lugar de donde sale una cosa, comienzos
1992-karttunen:003894	general	tecom(a)-tl	tecomatl	possessed form; clay pot / vaso de barro, como taza honda	possessed form; clay pot / vaso de barro, como taza honda	possessed form: clay pot / vaso de barro, como taza honda	<b>1992 Karttunen original:</b> TECOM(A)-TL pl: TECOMAMEH; possessed form -TECON clay pot / vaso de barro, como taza honda (M)	<b>1992 Karttunen original:</b> possessed form; clay pot / vaso de barro, como taza honda
1992-karttunen:003926	general	-tēcuiyō	tecuiyo	necessarily possessed form; lord, lordship / mi señor, cortesanos	necessarily possessed form; lord, lordship / mi señor, cortesanos	necessarily possessed form: lord, lordship / mi señor, cortesanos	<b>1992 Karttunen original:</b> -TĒCUIYŌ necessarily possessed form lord, lordship / mi señor (C for first pers. sg. possessor), cortesanos (C for plural)	<b>1992 Karttunen original:</b> necessarily possessed form; lord, lordship / mi señor, cortesanos
1992-karttunen:003990	general	-tēmachtiāyān	temachtiayan	necessarily possessed form; place where one gives instruction / lugar donde enseño	necessarily possessed form; place where one gives instruction / lugar donde enseño	necessarily possessed form: place where one gives instruction / lugar donde enseño	<b>1992 Karttunen original:</b> -TĒMACHTIĀYĀN necessarily possessed form place where one gives instruction / lugar donde enseño (C)	<b>1992 Karttunen original:</b> necessarily possessed form; place where one gives instruction / lugar donde enseño
1992-karttunen:004040	general	tenām(i)-tl	tenamitl	possessed form; wall / cerca o muro de ciudad	possessed form; wall / cerca o muro de ciudad	possessed form: wall / cerca o muro de ciudad	<b>1992 Karttunen original:</b> TENĀM(I)-TL possessed fom: -TENĀN wall / cerca o muro de ciudad (M)	<b>1992 Karttunen original:</b> possessed form; wall / cerca o muro de ciudad
1992-karttunen:004086	general	-tēntzaccā	tentzacca	only attested in possessed form; cover or stopper for something / tapón, tapadera	only attested in possessed form; cover or stopper for something / tapón, tapadera	only attested in possessed form: cover or stopper for something / tapón, tapadera	<b>1992 Karttunen original:</b> -TĒNTZACCĀ only attested in possessed form cover or stopper for something / tapón, tapadera (Z)	<b>1992 Karttunen original:</b> only attested in possessed form; cover or stopper for something / tapón, tapadera
1992-karttunen:004138	general	-tepahyō	tepayo	necessarily possessed form; it serves one right (expression of satisfaction in just punishment) / cuando uno se huelga del mal de otro, o muestra que tiene un merecido, tanto mejor, bien hecho	necessarily possessed form; it serves one right (expression of satisfaction in just punishment) / cuando uno se huelga del mal de otro, o muestra que tiene un merecido, tanto mejor, bien hecho	necessarily possessed form: it serves one right (expression of satisfaction in just punishment) / cuando uno se huelga del mal de otro, o muestra que tiene un merecido, tanto mejor, bien hecho	<b>1992 Karttunen original:</b> -TEPAHYŌ necessarily possessed form it serves one right (expression of satisfaction in just punishment) / cuando uno se huelga del mal de otro, o muestra que tiene un merecido (C), tanto mejor, bien hecho (S)	<b>1992 Karttunen original:</b> necessarily possessed form; it serves one right (expression of satisfaction in just punishment) / cuando uno se huelga del mal de otro, o muestra que tiene un merecido, tanto mejor, bien hecho
1992-karttunen:004168	general	tepē-tl	tepetl	possessed form; hill, mountain, precipice / sierra, el monte, y cerro	possessed form; hill, mountain, precipice / sierra, el monte, y cerro	possessed form: hill, mountain, precipice / sierra, el monte, y cerro	<b>1992 Karttunen original:</b> TEPĒ-TL pl: -MEH; possessed form: -TEPĒUH hill, mountain, precipice / sierra (M), el monte, y cerro (C)	<b>1992 Karttunen original:</b> possessed form; hill, mountain, precipice / sierra, el monte, y cerro
1992-karttunen:004229	general	tequi-tl	tequitl	possessed form; tribute, labor, duty quota, term (of office) / tributo o obra de trabajo, trabajo, obra, ocupación	possessed form; tribute, labor, duty quota, term (of office) / tributo o obra de trabajo, trabajo, obra, ocupación	possessed form: tribute, labor, duty quota, term (of office) / tributo o obra de trabajo, trabajo, obra, ocupación	<b>1992 Karttunen original:</b> TEQUI-TL possessed form: -TEQUIUH tribute, labor, duty quota, term (of office) / tributo o obra de trabajo (M), trabajo, obra, ocupación (T)	<b>1992 Karttunen original:</b> possessed form; tribute, labor, duty quota, term (of office) / tributo o obra de trabajo, trabajo, obra, ocupación
1992-karttunen:004250	general	-tetetzol	tetetzol	only attested in possessed form; one's heel / su talón	only attested in possessed form; one's heel / su talón	only attested in possessed form: one's heel / su talón	<b>1992 Karttunen original:</b> -TETETZOL only attested in possessed form one's heel / su talón (T)	<b>1992 Karttunen original:</b> only attested in possessed form; one's heel / su talón
1992-karttunen:004257	general	te-tl	tetl	possessed form; stone / piedra generalmente	possessed form; stone / piedra generalmente	possessed form: stone / piedra generalmente	<b>1992 Karttunen original:</b> TE-TL possessed form: -TEUH stone / piedra generalmente (M)	<b>1992 Karttunen original:</b> possessed form; stone / piedra generalmente
1992-karttunen:004315	general	tēuc-tli	tecuhtli	possessed form; lord, member of the high nobility / caballero o principal, republicano	possessed form; lord, member of the high nobility / caballero o principal, republicano	possessed form: lord, member of the high nobility / caballero o principal, republicano	<b>1992 Karttunen original:</b> TĒUC-TLI pl: TĒTĒUCTIN; possessed form: -TĒCUIYŌ lord, member of the high nobility / caballero o principal (M), republicano (C)	<b>1992 Karttunen original:</b> possessed form; lord, member of the high nobility / caballero o principal, republicano
1992-karttunen:004342	general	-tēxxōma	texxoma	only attested in possessed form; one's muzzle, snout / su hocico	only attested in possessed form; one's muzzle, snout / su hocico	only attested in possessed form: one's muzzle, snout / su hocico	<b>1992 Karttunen original:</b> -TĒXXŌMA only attested in possessed form one's muzzle, snout / su hocico (T)	<b>1992 Karttunen original:</b> only attested in possessed form; one's muzzle, snout / su hocico
1992-karttunen:004348	general	-tēyōlcuītiāyān	teyolcuitiayan	necessarily possessed form; one's confessional / lugar donde yo confieso, mi confesionario	necessarily possessed form; one's confessional / lugar donde yo confieso, mi confesionario	necessarily possessed form: one's confessional / lugar donde yo confieso, mi confesionario	<b>1992 Karttunen original:</b> -TĒYŌLCUĪTIĀYĀN necessarily possessed form one's confessional / lugar donde yo confieso, mi confesionario (C)	<b>1992 Karttunen original:</b> necessarily possessed form; one's confessional / lugar donde yo confieso, mi confesionario
1992-karttunen:004427	general	-tlācaicnīuh	tlacaicniuh	only attested in possessed form; one’s neighbor / su vecino	only attested in possessed form; one’s neighbor / su vecino	only attested in possessed form: one’s neighbor / su vecino	<b>1992 Karttunen original:</b> -TLĀCAICNĪUH only attested in possessed form one’s neighbor / su vecino (T)	<b>1992 Karttunen original:</b> only attested in possessed form; one’s neighbor / su vecino
1992-karttunen:004448	general	tlāca-tl	tlacatl	possessed form; person / hombre, persona, o señor	possessed form; person / hombre, persona, o señor	possessed form: person / hombre, persona, o señor	<b>1992 Karttunen original:</b> TLĀCA-TL pl: TLĀCAH, possessed form: -TLĀCAUH person / hombre, persona, o señor (M)	<b>1992 Karttunen original:</b> possessed form; person / hombre, persona, o señor
1992-karttunen:004454	general	tlācaxināch-tli	tlacaxinachtli	inalienably possessed form; semen, human seed / simiente de varón o de mujer, el semen genital	inalienably possessed form; semen, human seed / simiente de varón o de mujer, el semen genital	inalienably possessed form: semen, human seed / simiente de varón o de mujer, el semen genital	<b>1992 Karttunen original:</b> TLĀCAXINĀCH-TLI inalienably possessed form: -TLĀCAXINĀCHYŌ semen, human seed / simiente de varón o de mujer (M), el semen genital (C)	<b>1992 Karttunen original:</b> inalienably possessed form; semen, human seed / simiente de varón o de mujer, el semen genital
1992-karttunen:004490	general	-tlachiyaya	tlachiyaya	necessarily possessed form; one’s vision / mi vista, potencia visiva	necessarily possessed form; one’s vision / mi vista, potencia visiva	necessarily possessed form: one’s vision / mi vista, potencia visiva	<b>1992 Karttunen original:</b> -TLACHIYAYA necessarily possessed form one’s vision / mi vista, potencia visiva (C for first.pers.sg.possessor)	<b>1992 Karttunen original:</b> necessarily possessed form; one’s vision / mi vista, potencia visiva
1992-karttunen:004525	general	-tlacuahcuāyān	tlacuacuayan	necessarily possessed form; grazing place / lugar donde se apacientan	necessarily possessed form; grazing place / lugar donde se apacientan	necessarily possessed form: grazing place / lugar donde se apacientan	<b>1992 Karttunen original:</b> -TLACUAHCUĀYĀN necessarily possessed form grazing place / lugar donde se apacientan (C)	<b>1992 Karttunen original:</b> necessarily possessed form; grazing place / lugar donde se apacientan
1992-karttunen:004554	general	-tlacuāyān	tlacuayan	necessarily possessed form; one’s place or time for eating / lugar o tiempo donde o cuando como	necessarily possessed form; one’s place or time for eating / lugar o tiempo donde o cuando como	necessarily possessed form: one’s place or time for eating / lugar o tiempo donde o cuando como	<b>1992 Karttunen original:</b> -TLACUĀYĀN necessarily possessed form one’s place or time for eating / lugar o tiempo donde o cuando como (C for first pers.sg.possessor)	<b>1992 Karttunen original:</b> necessarily possessed form; one’s place or time for eating / lugar o tiempo donde o cuando como
1992-karttunen:004588	general	-tlahcoilpica	tlacoilpica	necessarily possessed form; broad belt, sash / su cinturón	necessarily possessed form; broad belt, sash / su cinturón	necessarily possessed form: broad belt, sash / su cinturón	<b>1992 Karttunen original:</b> -TLAHCOILPICA necessarily possessed form broad belt, sash / su cinturón (Z)	<b>1992 Karttunen original:</b> necessarily possessed form; broad belt, sash / su cinturón
1992-karttunen:004592	general	-tlahcoteyō	tlacoteyo	necessarily possessed form; one’s waist / su cintura	necessarily possessed form; one’s waist / su cintura	necessarily possessed form: one’s waist / su cintura	<b>1992 Karttunen original:</b> -TLAHCOTEYŌ necessarily possessed form one’s waist / su cintura (T)	<b>1992 Karttunen original:</b> necessarily possessed form; one’s waist / su cintura
1992-karttunen:004668	general	tlahtohcātequi-tl	tlatocatequitl	possessed form; the task of governing / oficio de gobernar	possessed form; the task of governing / oficio de gobernar	possessed form: the task of governing / oficio de gobernar	<b>1992 Karttunen original:</b> TLAHTOHCĀTEQUI-TL possessed form: -TEQUIUH the task of governing / oficio de gobernar (C)	<b>1992 Karttunen original:</b> possessed form; the task of governing / oficio de gobernar
1992-karttunen:004672	general	tlahtohqui	tlatoqui	possessed form; ruler / señores, caciques, o principales	possessed form; ruler / señores, caciques, o principales	possessed form: ruler / señores, caciques, o principales	<b>1992 Karttunen original:</b> TLAHTOHQUI possessed form: -TLAHTOHCĀUH ruler/ señores, caciques, o principales (M for plural)	<b>1992 Karttunen original:</b> possessed form; ruler / señores, caciques, o principales
1992-karttunen:004694	general	tlāhuāncātequi-tl	tlahuancatequitl	possessed form; drunkenness seen as an occupation / vuestra ocupación de borrachera	possessed form; drunkenness seen as an occupation / vuestra ocupación de borrachera	possessed form: drunkenness seen as an occupation / vuestra ocupación de borrachera	<b>1992 Karttunen original:</b> TLĀHUĀNCĀTEQUI-TL possessed form: -TEQUIUH drunkenness seen as an occupation / vuestra ocupación de borrachera (C for second pers. plural possessor)	<b>1992 Karttunen original:</b> possessed form; drunkenness seen as an occupation / vuestra ocupación de borrachera
1992-karttunen:004820	general	tlalhua-tl	tlalhuatl	inalienably possessed form; tendon / nervio, su tendon	inalienably possessed form; tendon / nervio, su tendon	inalienably possessed form: tendon / nervio, su tendon	<b>1992 Karttunen original:</b> TLALHUA-TL inalienably possessed form: -TLALHUAYŌ tendon / nervio (M), su tendon (Z for possessed form)	<b>1992 Karttunen original:</b> inalienably possessed form; tendon / nervio, su tendon
1992-karttunen:004834	general	tlāl-li	tlalli	inalienably possessed form; earth, land, property / tierra o heredad	inalienably possessed form; earth, land, property / tierra o heredad	inalienably possessed form: earth, land, property / tierra o heredad	<b>1992 Karttunen original:</b> TLĀL-LI inalienably possessed form: -TLĀLLŌ earth, land, property / tierra o heredad (M)	<b>1992 Karttunen original:</b> inalienably possessed form; earth, land, property / tierra o heredad
1992-karttunen:004842	general	-tlalnāmiquiya	tlalnamiquiya	necessarylly possessed form; one’s memory / mi memoria	necessarylly possessed form; one’s memory / mi memoria	necessarylly possessed form: one’s memory / mi memoria	<b>1992 Karttunen original:</b> -TLALNĀMIQUIYA necessarylly possessed form one’s memory / mi memoria (R for first pers. sg. possessor)	<b>1992 Karttunen original:</b> necessarylly possessed form; one’s memory / mi memoria
1992-karttunen:004965	general	-tlamiyāmpa	tlamiyampa	necessarily possessed form; to the end of something / a fines de	necessarily possessed form; to the end of something / a fines de	necessarily possessed form: to the end of something / a fines de	<b>1992 Karttunen original:</b> -TLAMIYĀMPA necessarily possessed form to the end of something / a fines de (Z)	<b>1992 Karttunen original:</b> necessarily possessed form; to the end of something / a fines de
1992-karttunen:004966	general	-tlamiyān	tlamiyan	necessarily possessed form; the end of something / fin, término	necessarily possessed form; the end of something / fin, término	necessarily possessed form: the end of something / fin, término	<b>1992 Karttunen original:</b> -TLAMIYĀN necessarily possessed form the end of something / fin, término (Z)	<b>1992 Karttunen original:</b> necessarily possessed form; the end of something / fin, término
1992-karttunen:004994	general	-tlancuacuayō	tlancuacuayo	only attested in possessed form; one’s molar tooth / su muela	only attested in possessed form; one’s molar tooth / su muela	only attested in possessed form: one’s molar tooth / su muela	<b>1992 Karttunen original:</b> -TLANCUACUAYŌ only attested in possessed form one’s molar tooth / su muela (T)	<b>1992 Karttunen original:</b> only attested in possessed form; one’s molar tooth / su muela
1992-karttunen:005015	general	-tlanequiya	tlanequiya	necessarily possessed form; one’s will, one’s desire / mi voluntad con que quiero algo	necessarily possessed form; one’s will, one’s desire / mi voluntad con que quiero algo	necessarily possessed form: one’s will, one’s desire / mi voluntad con que quiero algo	<b>1992 Karttunen original:</b> -TLANEQUIYA necessarily possessed form one’s will, one’s desire / mi voluntad con que quiero algo (C for first pers. sg. possessor)	<b>1992 Karttunen original:</b> necessarily possessed form; one’s will, one’s desire / mi voluntad con que quiero algo
1992-karttunen:005034	general	-tlannacatol	tlannacatol	only attested in possessed form; the gum of one’s mouth / su encía	only attested in possessed form; the gum of one’s mouth / su encía	only attested in possessed form: the gum of one’s mouth / su encía	<b>1992 Karttunen original:</b> -TLANNACATOL only attested in possessed form the gum of one’s mouth / su encía (T)	<b>1992 Karttunen original:</b> only attested in possessed form; the gum of one’s mouth / su encía
1992-karttunen:005083	general	-tlapalezzō	tlapalezzo	necessarily possessed form; one’s blood / su sangre	necessarily possessed form; one’s blood / su sangre	necessarily possessed form: one’s blood / su sangre	<b>1992 Karttunen original:</b> -TLAPALEZZŌ necessarily possessed form one’s blood / su sangre (T)	<b>1992 Karttunen original:</b> necessarily possessed form; one’s blood / su sangre
1992-karttunen:005087	general	-tlapallō	tlapallo	inalienably possessed form; one’s blood / nuestra sangre	inalienably possessed form; one’s blood / nuestra sangre	inalienably possessed form: one’s blood / nuestra sangre	<b>1992 Karttunen original:</b> -TLAPALLŌ inalienably possessed form of TLAPAL-LI one’s blood / nuestra sangre (C for first pers. plural possessor)	<b>1992 Karttunen original:</b> inalienably possessed form; one’s blood / nuestra sangre
1992-karttunen:005157	general	-tlapohpolhuilōcā	tlapopolhuiloca	necessarily possessed form; pardon dispensed to someone / el perdón con que me perdonan	necessarily possessed form; pardon dispensed to someone / el perdón con que me perdonan	necessarily possessed form: pardon dispensed to someone / el perdón con que me perdonan	<b>1992 Karttunen original:</b> -TLAPOHPOLHUILŌCĀ necessarily possessed form pardon dispensed to someone / el perdón con que me perdonan (C for first pers. sg. possessor)	<b>1992 Karttunen original:</b> necessarily possessed form; pardon dispensed to someone / el perdón con que me perdonan
1992-karttunen:005188	general	tlaquēm(i)-tl	tlaquemitl	possessed form; garment, wrap / vestidura o ropa	possessed form; garment, wrap / vestidura o ropa	possessed form: garment, wrap / vestidura o ropa	<b>1992 Karttunen original:</b> TLAQUĒM(I)-TL possessed form: -TLAQUĒN garment, wrap / vestidura o ropa (M)	<b>1992 Karttunen original:</b> possessed form; garment, wrap / vestidura o ropa
1992-karttunen:005194	general	-tlāquixcuāc	tlaquixcuac	only attested in possessed form; one’s groin / su empeine (del vientre), su vientre	only attested in possessed form; one’s groin / su empeine (del vientre), su vientre	only attested in possessed form: one’s groin / su empeine (del vientre), su vientre	<b>1992 Karttunen original:</b> -TLĀQUIXCUĀC only attested in possessed form one’s groin / su empeine (del vientre), su vientre (T)	<b>1992 Karttunen original:</b> only attested in possessed form; one’s groin / su empeine (del vientre), su vientre
1992-karttunen:005233	general	-tlatequiya	tlatequiya	necessarily possessed form; one’s cutting instrument / el instrumento con que yo corto algo, mi chuchillo, mi hacha	necessarily possessed form; one’s cutting instrument / el instrumento con que yo corto algo, mi chuchillo, mi hacha	necessarily possessed form: one’s cutting instrument / el instrumento con que yo corto algo, mi chuchillo, mi hacha	<b>1992 Karttunen original:</b> -TLATEQUIYA necessarily possessed form one’s cutting instrument / el instrumento con que yo corto algo, mi chuchillo, mi hacha (C for first pers. sg. possesor)	<b>1992 Karttunen original:</b> necessarily possessed form; one’s cutting instrument / el instrumento con que yo corto algo, mi chuchillo, mi hacha
1992-karttunen:005234	general	-tlatequiyān	tlatequiyan	necessarily possessed form; the cutting edge of something / filo de cuchillo	necessarily possessed form; the cutting edge of something / filo de cuchillo	necessarily possessed form: the cutting edge of something / filo de cuchillo	<b>1992 Karttunen original:</b> -TLATEQUIYĀN necessarily possessed form the cutting edge of something / filo de cuchillo (X)	<b>1992 Karttunen original:</b> necessarily possessed form; the cutting edge of something / filo de cuchillo
1992-karttunen:005243	general	tlātiā	tlatia	to hide something.	to hide something.	to hide something	<b>1992 Karttunen original:</b> TLĀTIĀ ‘to hide something.’	<b>1992 Karttunen original:</b> to hide something.
1992-karttunen:005277	general	-tlatlān	tlatlan	only attested in possessed form; income, gain from an investment / su redito	only attested in possessed form; income, gain from an investment / su redito	only attested in possessed form: income, gain from an investment / su redito	<b>1992 Karttunen original:</b> -TLATLĀN only attested in possessed form income, gain from an investment / su redito (T)	<b>1992 Karttunen original:</b> only attested in possessed form; income, gain from an investment / su redito
1992-karttunen:005324	general	-tlattaya	tlattaya	necessarily possessed form; one’s vision / mi vista, mi potencia visiva	necessarily possessed form; one’s vision / mi vista, mi potencia visiva	necessarily possessed form: one’s vision / mi vista, mi potencia visiva	<b>1992 Karttunen original:</b> -TLATTAYA necessarily possessed form one’s vision / mi vista, mi potencia visiva (C for first pers. sg. possessor)	<b>1992 Karttunen original:</b> necessarily possessed form; one’s vision / mi vista, mi potencia visiva
1992-karttunen:005420	general	-tlayecoltilōca	tlayecoltiloca	necessarily possessed form; the service of someone / servicio de alguien	necessarily possessed form; the service of someone / servicio de alguien	necessarily possessed form: the service of someone / servicio de alguien	<b>1992 Karttunen original:</b> -TLAYECOLTILŌCA necessarily possessed form the service of someone / servicio de alguien (K)	<b>1992 Karttunen original:</b> necessarily possessed form; the service of someone / servicio de alguien
1992-karttunen:005457	general	-tlazohtlalōcā	tlazotlaloca	necessarily possessed form; the love with which one is loved / el amor con que yo soy amado	necessarily possessed form; the love with which one is loved / el amor con que yo soy amado	necessarily possessed form: the love with which one is loved / el amor con que yo soy amado	<b>1992 Karttunen original:</b> -TLAZOHTLALŌCĀ necessarily possessed form the love with which one is loved / el amor con que yo soy amado (C for first pers. sg. possesor)	<b>1992 Karttunen original:</b> necessarily possessed form; the love with which one is loved / el amor con que yo soy amado
1992-karttunen:005467	general	tlecōm(i)-tl	tlecomitl	possessed form; fire pit, hearth, crucible / crisol para fundir oro, hornilla, fogón, hornillo	possessed form; fire pit, hearth, crucible / crisol para fundir oro, hornilla, fogón, hornillo	possessed form: fire pit, hearth, crucible / crisol para fundir oro, hornilla, fogón, hornillo	<b>1992 Karttunen original:</b> TLECŌM(I)-TL possessed form: -TLECŌN fire pit, hearth, crucible / crisol para fundir oro (M), hornilla, fogón, (Z), hornillo (Z)	<b>1992 Karttunen original:</b> possessed form; fire pit, hearth, crucible / crisol para fundir oro, hornilla, fogón, hornillo
1992-karttunen:005512	general	-tōcāitzin	tocaitzin	only attested in possessed form; one's godmother / su madrina	only attested in possessed form; one's godmother / su madrina	only attested in possessed form: one's godmother / su madrina	<b>1992 Karttunen original:</b> -TŌCĀITZIN only attested in possessed form one's godmother / su madrina (Z)	<b>1992 Karttunen original:</b> only attested in possessed form; one's godmother / su madrina
1992-karttunen:005524	general	-tōcmāyō	tocmayo	necessarily possessed form; leaf, foliage / su hoja (de la caña de la milpa), su hoja (del chinamíl)	necessarily possessed form; leaf, foliage / su hoja (de la caña de la milpa), su hoja (del chinamíl)	necessarily possessed form: leaf, foliage / su hoja (de la caña de la milpa), su hoja (del chinamíl)	<b>1992 Karttunen original:</b> -TŌCMĀYŌ necessarily possessed form leaf, foliage / su hoja (de la caña de la milpa) (T), su hoja (del chinamíl) (T)	<b>1992 Karttunen original:</b> necessarily possessed form; leaf, foliage / su hoja (de la caña de la milpa), su hoja (del chinamíl)
1992-karttunen:005534	general	tohmi-tl	tomitl	inalienably possessed form; fur, fleece, down / pelo o lana o vello sotil	inalienably possessed form; fur, fleece, down / pelo o lana o vello sotil	inalienably possessed form: fur, fleece, down / pelo o lana o vello sotil	<b>1992 Karttunen original:</b> TOHMI-TL inalienably possessed form: -TOHMIYO fur, fleece, down / pelo o lana o vello sotil (M)	<b>1992 Karttunen original:</b> inalienably possessed form; fur, fleece, down / pelo o lana o vello sotil
1992-karttunen:005612	general	totēcuiyō	totecuiyo	first pers. possessed form Our Lord God / Dios, Nuestro señor	first pers. possessed form Our Lord God / Dios, Nuestro señor	first pers. possessed form; ur Lord God / Dios, Nuestro señor	<b>1992 Karttunen original:</b> TOTĒCUIYŌ first pers. plural possessed form of TĒUC-TLI Our Lord God / Dios (C), Nuestro señor (C)	<b>1992 Karttunen original:</b> first pers. possessed form Our Lord God / Dios, Nuestro señor
1992-karttunen:005705	general	tzīncocox	tzincocox	only attested in possessed form; hip, posterior / su cadera, nalga, asentadera	only attested in possessed form; hip, posterior / su cadera, nalga, asentadera	only attested in possessed form: hip, posterior / su cadera, nalga, asentadera	<b>1992 Karttunen original:</b> TZĪNCOCOX only attested in possessed form hip, posterior / su cadera, nalga, asentadera (T)	<b>1992 Karttunen original:</b> only attested in possessed form; hip, posterior / su cadera, nalga, asentadera
1992-karttunen:005713	general	-tzīnēuhca	tzineuhca	necessarily possessed form; the beginning of something / principio	necessarily possessed form; the beginning of something / principio	necessarily possessed form: the beginning of something / principio	<b>1992 Karttunen original:</b> -TZĪNĒUHCA necessarily possessed form the beginning of something / principio (Z)	<b>1992 Karttunen original:</b> necessarily possessed form; the beginning of something / principio
1992-karttunen:005715	general	-tzīnpan	tzinpan	necessarily possessed form; one’s waist / su cintura	necessarily possessed form; one’s waist / su cintura	necessarily possessed form: one’s waist / su cintura	<b>1992 Karttunen original:</b> -TZĪNPAN necessarily possessed form one’s waist / su cintura (T)	<b>1992 Karttunen original:</b> necessarily possessed form; one’s waist / su cintura
1992-karttunen:005729	general	tzīnte-tl	tzintetl	possessed form; foundation, base, buttocks / cimiento de pared, nalgas	possessed form; foundation, base, buttocks / cimiento de pared, nalgas	possessed form: foundation, base, buttocks / cimiento de pared, nalgas	<b>1992 Karttunen original:</b> TZĪNTE-TL possessed form: -TZĪNTEYŌ foundation, base, buttocks / cimiento de pared (M), nalgas (T)	<b>1992 Karttunen original:</b> possessed form; foundation, base, buttocks / cimiento de pared, nalgas
1992-karttunen:005803	general	tzontecom(a)-tl	tzontecomatl	possessed form; head, skull / cabeza cortada y apartada del cuerpo, cabeza, cráneo	possessed form; head, skull / cabeza cortada y apartada del cuerpo, cabeza, cráneo	possessed form: head, skull / cabeza cortada y apartada del cuerpo, cabeza, cráneo	<b>1992 Karttunen original:</b> TZONTECOM(A)-TL pl: -MEH; possessed form: -TECON head, skull / cabeza cortada y apartada del cuerpo (M), cabeza (C), cráneo (T)	<b>1992 Karttunen original:</b> possessed form; head, skull / cabeza cortada y apartada del cuerpo, cabeza, cráneo
1992-karttunen:005820	general	-tzopēlicā	tzopelica	necessarily possessed form; the sweetness of something / la dulzura (de la miel)	necessarily possessed form; the sweetness of something / la dulzura (de la miel)	necessarily possessed form: the sweetness of something / la dulzura (de la miel)	<b>1992 Karttunen original:</b> -TZOPĒLICĀ necessarily possessed form the sweetness of something / la dulzura (de la miel) (C)	<b>1992 Karttunen original:</b> necessarily possessed form; the sweetness of something / la dulzura (de la miel)
1992-karttunen:005891	general	-xelihuiyān	xelihuiyan	necessarily possessed form; the dividing place of something / a medio	necessarily possessed form; the dividing place of something / a medio	necessarily possessed form: the dividing place of something / a medio	<b>1992 Karttunen original:</b> -XELIHUIYĀN necessarily possessed form the dividing place of something / a medio (C referring to midday)	<b>1992 Karttunen original:</b> necessarily possessed form; the dividing place of something / a medio
1992-karttunen:005931	general	xināch-tli	xinachtli	seed / semilla de hortaliza; necessarily possessed form; one’s semen / el semen genital	seed / semilla de hortaliza; necessarily possessed form; one’s semen / el semen genital	seed / semilla de hortaliza; necessarily possessed form: one’s semen / el semen genital	<b>1992 Karttunen original:</b> XINĀCH-TLI seed / semilla de hortaliza (M) -XINĀCHYŌ necessarily possessed form one’s semen / el semen genital (C)	<b>1992 Karttunen original:</b> seed / semilla de hortaliza; necessarily possessed form; one’s semen / el semen genital
1992-karttunen:005995	general	-xōchihcuallō	xochicuallo	necessarily possessed form; the crop of fruit (of a tree) / fruta… del árbol	necessarily possessed form; the crop of fruit (of a tree) / fruta… del árbol	necessarily possessed form: the crop of fruit (of a tree) / fruta… del árbol	<b>1992 Karttunen original:</b> -XŌCHIHCUALLŌ necessarily possessed form the crop of fruit (of a tree) / fruta… del árbol (C)	<b>1992 Karttunen original:</b> necessarily possessed form; the crop of fruit (of a tree) / fruta… del árbol
1992-karttunen:006062	general	-xōtlaca	xotlaca	necessarily possessed form; blooming (of flowers) / el brotar de las flores	necessarily possessed form; blooming (of flowers) / el brotar de las flores	necessarily possessed form: blooming (of flowers) / el brotar de las flores	<b>1992 Karttunen original:</b> -XŌTLACA necessarily possessed form blooming (of flowers) / el brotar de las flores (C)	<b>1992 Karttunen original:</b> necessarily possessed form; blooming (of flowers) / el brotar de las flores
1992-karttunen:006091	general	yacapitz-tli	yacapitztli	possessed form; point / punta, la punta de aguja	possessed form; point / punta, la punta de aguja	possessed form: point / punta, la punta de aguja	<b>1992 Karttunen original:</b> YACAPITZ-TLI possessed form: –YACAPITZ~ -YACAPITZYŌ point / punta, la punta de aguja (X)	<b>1992 Karttunen original:</b> possessed form; point / punta, la punta de aguja
1992-karttunen:006109	general	-yamāncā	yamanca	necessarily possessed form; one’s softness / su blandura	necessarily possessed form; one’s softness / su blandura	necessarily possessed form: one’s softness / su blandura	<b>1992 Karttunen original:</b> -YAMĀNCĀ necessarily possessed form one’s softness / su blandura (C)	<b>1992 Karttunen original:</b> necessarily possessed form; one’s softness / su blandura
1992-karttunen:006144	general	-yēcmācopa	yecmacopa	necessarily possessed form; to or on one’s right-hand side / derecha, a la derecha	necessarily possessed form; to or on one’s right-hand side / derecha, a la derecha	necessarily possessed form: to or on one’s right-hand side / derecha, a la derecha	<b>1992 Karttunen original:</b> -YĒCMĀCOPA necessarily possessed form to or on one’s right-hand side / derecha (X), a la derecha (X)	<b>1992 Karttunen original:</b> necessarily possessed form; to or on one’s right-hand side / derecha, a la derecha
1992-karttunen:006183	general	-yehyeyān	yeyeyan	necessarily possessed form; one’s customary place / en su lugar	necessarily possessed form; one’s customary place / en su lugar	necessarily possessed form: one’s customary place / en su lugar	<b>1992 Karttunen original:</b> -YEHYEYĀN necessarily possessed form one’s customary place / en su lugar (C)	<b>1992 Karttunen original:</b> necessarily possessed form; one’s customary place / en su lugar
1992-karttunen:006209	general	-yohcāuh	yocauh	necessarily possessed form; one’s possession, something for oneself alone / cosa mía	necessarily possessed form; one’s possession, something for oneself alone / cosa mía	necessarily possessed form: one’s possession, something for oneself alone / cosa mía	<b>1992 Karttunen original:</b> -YOHCĀUH necessarily possessed form one’s possession, something for oneself alone / cosa mía (M for the first pers. sg. possessor)	<b>1992 Karttunen original:</b> necessarily possessed form; one’s possession, something for oneself alone / cosa mía
1992-karttunen:006222	general	-yōlcā	yolca	necessarily possessed form; one’s sustenance / sustento y mantenimiento	necessarily possessed form; one’s sustenance / sustento y mantenimiento	necessarily possessed form: one’s sustenance / sustento y mantenimiento	<b>1992 Karttunen original:</b> -YŌLCĀ necessarily possessed form one’s sustenance / sustento y mantenimiento (C)	<b>1992 Karttunen original:</b> necessarily possessed form; one’s sustenance / sustento y mantenimiento
1992-karttunen:006223	general	-yōlcān	yolcan	necessarily possessed form; homeland, birthplace / patria o tierra natural de alguno	necessarily possessed form; homeland, birthplace / patria o tierra natural de alguno	necessarily possessed form: homeland, birthplace / patria o tierra natural de alguno	<b>1992 Karttunen original:</b> -YŌLCĀN necessarily possessed form homeland, birthplace / patria o tierra natural de alguno (M)	<b>1992 Karttunen original:</b> necessarily possessed form; homeland, birthplace / patria o tierra natural de alguno
1992-karttunen:006249	general	-yōlīcahtzin	yolicatzin	necessarily possessed form; polite phrase for greeting or passing / (seas) bien venido	necessarily possessed form; polite phrase for greeting or passing / (seas) bien venido	necessarily possessed form: polite phrase for greeting or passing / (seas) bien venido	<b>1992 Karttunen original:</b> -YŌLĪCAHTZIN necessarily possessed form polite phrase for greeting or passing / (seas) bien venido (C)	<b>1992 Karttunen original:</b> necessarily possessed form; polite phrase for greeting or passing / (seas) bien venido
1992-karttunen:006350	general	-zāzāliuhyō	zazaliuhyo	only attested in possessed form; one’s joint / su conyuntura	only attested in possessed form; one’s joint / su conyuntura	only attested in possessed form: one’s joint / su conyuntura	<b>1992 Karttunen original:</b> -ZĀZĀLIUHYŌ only attested in possessed form one’s joint / su conyuntura (T)	<b>1992 Karttunen original:</b> only attested in possessed form; one’s joint / su conyuntura
1992-karttunen:006351	general	-zāzālōl	zazalol	only attested in possessed form; one’s joint / su conyuntura	only attested in possessed form; one’s joint / su conyuntura	only attested in possessed form: one’s joint / su conyuntura	<b>1992 Karttunen original:</b> -ZĀZĀLŌL only attested in possessed form one’s joint / su conyuntura (T)	<b>1992 Karttunen original:</b> only attested in possessed form; one’s joint / su conyuntura
