priority	match_kind	record_id	original	current_edition	proposed_edition	changes	authority	translation
A	whole-entry older exact	v94-diccionario-global-snp:000077	achtonti	achtonti	achtontli	insert l after t,current:insert l after t	153? Trilingüe:2 | 1571 Molina 1:2 | 1565 Sahagún Escolios:1 | 1571 Molina 2:1 | 1580 CF Index:1	bisabuelo
A	whole-entry older exact	v94-diccionario-global-snp:000117	aitskuinti	aitzcuinti	aitzcuintli	current:insert l after t	1580 CF Index:2 | 1580 Sahagún/Máynez:1	nutria (lutra annectens, lit. perro de agua)
A	whole-entry older exact	v94-diccionario-global-snp:000121	ajá	aá	aha	j>h	1547 Olmos_G:1	sí (afirmativo)
A	whole-entry older exact	v94-diccionario-global-snp:000126	ajakat	aacatl	ahacatl	-kat>-catl	1580 CF Index:1	entrometido (tentón, metiche en México)
A	whole-entry older exact	v94-diccionario-global-snp:000140	ajauiliya	aahuilia	ahahuilia	-uiliya>-huilia	1780 ? Bnf_361:4 | 1571 Molina 1:3 | 153? Trilingüe:1 | 1547 Olmos_V ?:1 | 1571 Molina 2:1	vt. mojarle algo a o para alguien
A	whole-entry older exact	v94-diccionario-global-snp:000216	ajkopatani	acopatani	acopatlani	current:insert l after t	1580 CF Index:1	vi. levantar el vuelo. volar hacia arriba
A	whole-entry older exact	v94-diccionario-global-snp:000377	ajtapal	atapalli	atlapalli	current:insert l after t	1571 Molina 1:2 | 1580 CF Index:2 | 1780 ? Bnf_361:2 | 1780 Clavijero:2 | 1571 Molina 2:1	ala (p.e. de un ave o de un ángel)
A	whole-entry older exact	v94-diccionario-global-snp:000378	ajtapalej	atapale	atlapale	current:insert l after t	1580 CF Index:2	alado, que tiene alas
A	whole-entry older exact	v94-diccionario-global-snp:000466	akapechti	acapechti	acapechtli	current:insert l after t	1571 Molina 1:2 | 1571 Molina 2:1 | 1579 Durán:1 | 17?? Bnf_362:1 | 1780 ? Bnf_361:1	cama de zacate. estera
A	whole-entry older exact	v94-diccionario-global-snp:001137	amo patauak	amo patahuac	amo patlahuac	current:insert l after t	1571 Molina 1:2 | 1765 Cortés y Zedeño:2 | 1780 ? Bnf_361:2	angosto, estrecho
A	whole-entry older exact	v94-diccionario-global-snp:001404	apetsti	apetzti	apetztli	current:insert l after t	1580 CF Index:2 | 1571 Molina 1:1 | 1571 Molina 2:1 | 1780 ? Bnf_361:1	barniz, barniz de aceite de chía
A	whole-entry older exact	v94-diccionario-global-snp:001485	asnojkonet	asnoconetl	aznoconetl	current:s>z	153? Trilingüe:1 | 1780 ? Bnf_361:1	cría de asno
A	whole-entry older exact	v94-diccionario-global-snp:001504	atakomol	atacomolli	atlacomolli	current:insert l after t	1571 Molina 1:2 | 1571 Molina 2:1 | 1580 CF Index:1 | 1580 Sahagún/Máynez:1 | 17?? Bnf_362:1	pozo
A	whole-entry older exact	v94-diccionario-global-snp:001524	atauaj	atahua	atlahua	current:insert l after t	1580 CF Index:2	río
A	whole-entry older exact	v94-diccionario-global-snp:001569	atenti	atenti	atentli	insert l after t,current:insert l after t	153? Trilingüe:1 | 1551-95 Documentos nahuas de la Ciudad de México:1 | 1571 Molina 1:1 | 1571 Molina 2:1 | 1580 CF Index:1	banco de un río. localidad indígena (topónimo)
A	whole-entry older exact	v94-diccionario-global-snp:001733	auilti	ahuilti	ahuilli	current:insert l after t+ltl>ll	1580 CF Index:2 | 1645 Carochi:1	juego
A	whole-entry older exact	v94-diccionario-global-snp:001807	axuiya	axhuiya	axhuia	-uiya>-huia,current:-iya>-ia	1571 Molina 1:1 | 1571 Molina 2:1 | 1780 ? Bnf_361:1	vi. barnizar
A	whole-entry older exact	v94-diccionario-global-snp:001835	ayauiya	ayahuia	ayahuiya	V-u-V>V-hu-V	1580 CF Index:2	vt. (?)
A	whole-entry older exact	v94-diccionario-global-snp:002069	chauananti	chahuananti	chahuanantli	current:insert l after t	1580 CF Index:2 | 153? Trilingüe:1 | 1547 Olmos_V ?:1 | 1565 Sahagún Escolios:1 | 1571 Molina 1:1	madrastra
A	whole-entry older exact	v94-diccionario-global-snp:002213	chichinauiya	chichinahuiya	chichinahuia	-iya>-ia,-uiya>-huia,current:-iya>-ia	1580 Sahagún/Máynez:1	vi. quemarse
A	whole-entry older exact	v94-diccionario-global-snp:002254	chichti	chichti	chichtli	insert l after t,current:insert l after t	153? Trilingüe:1 | 1571 Molina 1:1 | 1571 Molina 2:1 | 1580 CF Index:1 | 1580 Sahagún/Máynez:1	lechuza (ave de mal augurio). mochuela. búho
A	whole-entry older exact	v94-diccionario-global-snp:002501	chikotajtoua	chicotatoa	chicotlatoa	current:insert l after t	1571 Molina 1:2 | 1571 Molina 2:1 | 1645 Carochi:1 | 17?? Bnf_362:1 | 1759 Paredes:1	vi. desvariar al hablar, despistar, desviar la conversación, hablar volublemente
A	whole-entry older exact	v94-diccionario-global-snp:002591	chilpatauak	chilpatahuac	chilpatlahuac	current:insert l after t	1580 CF Index:1	chile ancho
A	whole-entry older exact	v94-diccionario-global-snp:002749	chiuiya	chihuiya	chihuia	-iya>-ia,-uiya>-huia,current:-iya>-ia	153? Trilingüe:3	vi. ocurrir. hacerse
A	whole-entry older exact	v94-diccionario-global-snp:002822	chokisti	choquizti	choquiztli	current:insert l after t	1571 Molina 1:5 | 1580 CF Index:2 | 153? Trilingüe:1 | 1571 Molina 2:1 | 1595 Rincón:1	llanto. savia, néctar
A	whole-entry older exact	v94-diccionario-global-snp:002893	cristianoj	criztiano	cristiano	j>zero	1571 Molina 1:1	ser humano. persona
A	whole-entry older exact	v94-diccionario-global-snp:002940	desconfiaroua	dezconfiaroa	desconfiaroa	oua>oa,-oua>-oa	1765 Cortés y Zedeño:1	vi. desconfiar, no fiarse
A	whole-entry older exact	v94-diccionario-global-snp:003119	elmatat	elmatatl	elmatlatl	-t>-tl,current:insert l after t	1571 Molina 2:1	epiplón, membrana que envuelve los intestinos
A	whole-entry older exact	v94-diccionario-global-snp:003152	elotaxkal	elotaxcalli	elotlaxcalli	current:insert l after t	1580 CF Index:1 | 1580 Sahagún/Máynez:1	tortillas de maíz tierno, tortilla de elote
A	whole-entry older exact	v94-diccionario-global-snp:003162	elpanti	elpanti	elpantli	insert l after t,current:insert l after t	1571 Molina 1:1 | 1571 Molina 2:1 | 1580 CF Index:1 | 1611 Arenas:1 | 1692 Guerra:1	pecho
A	whole-entry older exact	v94-diccionario-global-snp:003232	esti	ezti	eztli	current:insert l after t	1571 Molina 1:2 | 1692 Guerra:2 | 153? Trilingüe:1 | 1547 Olmos_G:1 | 1571 Molina 2:1	sangre
A	whole-entry older exact	v94-diccionario-global-snp:003240	esyoua	ezyohua	ezyoa	-oua>-oa	1571 Molina 2:1	vi. sangrar. mancharse de sangre
A	whole-entry older exact	v94-diccionario-global-snp:003280	euiya	ehuiya	ehuia	-iya>-ia,-uiya>-huia,current:-iya>-ia	1571 Molina 2:1 | 1780 ? Bnf_361:1	vi. surgir
A	whole-entry older exact	v94-diccionario-global-snp:003384	gastaroua	Gaztaroa	gastaroa	oua>oa,-oua>-oa	1765 Cortés y Zedeño:1	vt. gastar algo (p.e. gastar dinero)
A	whole-entry older exact	v94-diccionario-global-snp:003551	ichtakataxtauiya	ichtacatlaxtahuia	ichtacatlaxtlahuia	current:insert l after t	1571 Molina 1:1 | 1780 ? Bnf_361:1	vt. pagar en secreto
A	whole-entry older exact	v94-diccionario-global-snp:003572	ichti	ichti	ichtli	insert l after t,current:insert l after t	1571 Molina 1:3 | 1547 Olmos_G:2 | 1571 Molina 2:1 | 1580 CF Index:1 | 1580 Sahagún/Máynez:1	fibra. ixtle, filamento o hilo del maguey
A	whole-entry older exact	v94-diccionario-global-snp:003663	ijistak	iiztac	iiztlac	current:insert l after t	1580 CF Index:1	blanco
A	whole-entry older exact	v94-diccionario-global-snp:003667	ijitoua	iitoa	ihitoa	-oua>-oa	153? Trilingüe:1	vt. insultar a alguien
A	whole-entry older exact	v94-diccionario-global-snp:003672	ijiya	iia	ihiya	j>h	1565 Sahagún Escolios:1 | 1571 Molina 1:1 | 1595 Rincón:1 | 1780 Clavijero:1	vi. oler mal, dar asco. vt. tenerle asco a algo o a alguien
A	whole-entry older exact	v94-diccionario-global-snp:003831	ijtaka	itaca	itlaca	current:insert l after t	1580 CF Index:1	tacos envueltos con comida para llevar al campo
A	whole-entry older exact	v94-diccionario-global-snp:003832	ijtakat	itlacatl	itacatl	-kat>-catl	1571 Molina 1:4 | 153? Trilingüe:2 | 1780 ? Bnf_361:2 | 1547 Olmos_G:1 | 1571 Molina 2:1	itacate (comida para llevar, provisión de comida que se lleva en un paquete). provisión. provisión de comida
A	whole-entry older exact	v94-diccionario-global-snp:003840	ijtakoua	itacoa	itlacoa	current:insert l after t	1571 Molina 1:5 | 1611 Arenas:4 | 1765 Cortés y Zedeño:4 | 1547 Olmos_V ?:2 | 1571 Molina 2:2	vt. perjudicar. arruinar, estropear, causar un daño (p.e. en un vehículo). hacer daño a alguien. dañar a alguien o algo. afectar negativamente a alguien. traumatizar a alguien. vr. perjudicarse. dañarse, herirse, hacerse daño. perjudicarse a sí mismo. sufrir un daño
A	whole-entry older exact	v94-diccionario-global-snp:003848	ijtauiya	itahuiya	itlahuia	current:-iya>-ia	1629 Alarcón:1	vi. (ser dicho?). decir algo en lugar de alguien
A	whole-entry older exact	v94-diccionario-global-snp:004123	iknotajtoua	icnotatoa	icnotlatoa	current:insert l after t	1571 Molina 1:1 | 1780 ? Bnf_361:1	vi. hablar con humildad
A	whole-entry older exact	v94-diccionario-global-snp:004211	ikuitapampa	icuitapampa	icuitlapampa	current:insert l after t	1580 CF Index:3	su parte trasera
A	whole-entry older exact	v94-diccionario-global-snp:004214	ikuitapilko	icuitapilco	icuitlapilco	current:insert l after t	1580 CF Index:4	en su cola
A	whole-entry older exact	v94-diccionario-global-snp:004260	iliuiya	ilihuiya	ilihuia	-iya>-ia,-uiya>-huia,current:-iya>-ia	17?? Bnf_362:1	vi. apresurarse
A	whole-entry older exact	v94-diccionario-global-snp:004745	istakoua	iztacoa	iztlacoa	current:insert l after t	1571 Molina 1:6 | 1780 ? Bnf_361:3 | 1571 Molina 2:2 | 1765 Cortés y Zedeño:2 | 153? Trilingüe:1	vt. (darse cuenta de algo?). leer algo. (observar algo?)
A	whole-entry older exact	v94-diccionario-global-snp:004752	istaktaol	iztactaolli	iztactlaolli	current:insert l after t	1571 Molina 1:1 | 17?? Bnf_362:1 | 1780 ? Bnf_361:1	maíz blanco
A	whole-entry older exact	v94-diccionario-global-snp:004765	istakyo	iztacyo	iztlacyo	current:insert l after t	1571 Molina 1:1 | 1571 Molina 2:1 | 1580 CF Index:1 | 1759 Paredes:1 | 1780 ? Bnf_361:1	clara de huevo (posesión obligatoria)
A	whole-entry older exact	v94-diccionario-global-snp:004766	istakyoj	iztacyo	iztlacyo	current:insert l after t	1571 Molina 1:1 | 1571 Molina 2:1 | 1580 CF Index:1 | 1759 Paredes:1 | 1780 ? Bnf_361:1	blancura
A	whole-entry older exact	v94-diccionario-global-snp:005056	itskakti	itzcacti	itzcactli	current:insert l after t	1571 Molina 1:1 | 1580 CF Index:1 | 17?? Bnf_362:1 | 1780 ? Bnf_361:1	sandalias de que usaban los nobles
A	whole-entry older exact	v94-diccionario-global-snp:005520	ixnesiya	ixneciya	ixnecia	-iya>-ia,current:-iya>-ia	1580 CF Index:1	vi. aparecer
A	whole-entry older exact	v94-diccionario-global-snp:005631	ixpetaniya	ixpetania	ixpetlania	-iya>-ia,current:insert l after t	1571 Molina 2:1	vr. compartir. andar consciente. distraerse, entretenerse (con sentido de divertirse). divertirse. salir a pasearse. vi. despertar. vt. despertar a alguien. educar a alguien. cumplir, respetar (p.e. una ley)
A	whole-entry older exact	v94-diccionario-global-snp:005740	ixtapachoua	ixtapachoa	ixtlapachoa	-oua>-oa,current:insert l after t	1780 Clavijero:1	embrocar. vt. (cubrir o tapar una superficie?)
A	whole-entry older exact	v94-diccionario-global-snp:005743	ixtapaloua	ixtapaloa	ixtlapaloa	-oua>-oa,current:insert l after t	1571 Molina 1:2 | 1547 Olmos_V ?:1 | 1571 Molina 2:1 | 17?? Bnf_362:1 | 1765 Cortés y Zedeño:1	vi. atravesar. cruzar
A	whole-entry older exact	v94-diccionario-global-snp:005755	ixtatiya	ixtatia	ixtlatia	-tiya>-tia,-iya>-ia,current:insert l after t	1571 Molina 1:2 | 1571 Molina 2:2 | 1780 ? Bnf_361:1	vr. esconderse. (esconder el rostro, esconder la cabeza?). quemarse los ojos
A	whole-entry older exact	v94-diccionario-global-snp:005756	ixtatsiniya	ixtatzinia	ixtlatzinia	current:insert l after t	1571 Molina 1:3 | 1571 Molina 2:2 | 1780 ? Bnf_361:2 | 1547 Olmos_V ?:1 | 17?? Bnf_362:1	vt. pegarle una bofetada a alguien
A	whole-entry older exact	v94-diccionario-global-snp:005759	ixtaua	ixtahua	ixtlahua	current:insert l after t	1551-95 Documentos nahuas de la Ciudad de México:8 | 1571 Molina 1:4 | 1611 Arenas:2 | 1759 Paredes:2 | 153? Trilingüe:1	vt. pagar algo, pagar al comprar algo. vr. pagarse (al producir ingresos que cubren un gasto inicial). pagarse (algo). financiarse. cubrirse los gastos
A	whole-entry older exact	v94-diccionario-global-snp:005765	ixtauat	ixtahuatl	ixtlahuatl	-uat>-huatl,current:insert l after t	1580 CF Index:6 | 1571 Molina 1:4 | 153? Trilingüe:2 | 1780 ? Bnf_361:2 | 1571 Molina 2:1	potrero, terreno con pastos para apacentar animales domésticos (sea tierra plana o montañosa). pradera, llano, llanura, pampa. campo. pastizal. paisaje. rastrojo, rastrojera
A	whole-entry older exact	v94-diccionario-global-snp:005768	ixtauiliya	ixtahuilia	ixtlahuilia	-uiliya>-huilia,current:insert l after t	1551-95 Documentos nahuas de la Ciudad de México:2 | 1611 Arenas:1 | 1759 Paredes:1 | 1780 Clavijero:1	vt. pagar a alguien, pagar una deuda. alumbrar. pagarle a alguien algo (p.e. un traste roto, una mercancia comprada). pagar algo (p.e. a tanto el litro)
A	whole-entry older exact	v94-diccionario-global-snp:005769	ixtauiya	ixtahuia	ixtlahuia	-uiya>-huia,current:insert l after t	1765 Cortés y Zedeño:2 | 153? Trilingüe:1 | 1551-95 Documentos nahuas de la Ciudad de México:1 | 1571 Molina 2:1 | 1759 Paredes:1	vt. pagar algo
A	whole-entry older exact	v94-diccionario-global-snp:005773	ixtayoua	ixtayohua	ixtlayohua	current:insert l after t	1547 Olmos_G:1 | 1571 Molina 1:1 | 1571 Molina 2:1 | 1780 ? Bnf_361:1	vi. desmayarse. marearse (por el alcohol). desvanecerse
A	whole-entry older exact	v94-diccionario-global-snp:005855	ixtsonti	ixtzonti	ixtzontli	current:insert l after t	1580 CF Index:1	ceja
A	whole-entry older exact	v94-diccionario-global-snp:005900	ixuiya	ixhuiya	ixhuia	-uiya>-huia,current:-iya>-ia	1571 Molina 1:4 | 153? Trilingüe:1 | 1547 Olmos_V ?:1 | 1571 Molina 2:1 | 17?? Bnf_362:1	vi. saciar. quedar satisfecho, quedar harto de comer, quedar saciado
A	whole-entry older exact	v94-diccionario-global-snp:006067	kajtij	cati	catli	current:insert l after t	1580 CF Index:1 | 1611 Arenas:1 | 1629 Alarcón:1	saludo inicial femenino
A	whole-entry older exact	v94-diccionario-global-snp:006119	kakaxti	cacaxti	cacaxtli	current:insert l after t	1580 CF Index:2 | 153? Trilingüe:1 | 1571 Molina 1:1 | 1571 Molina 2:1 | 1579 Durán:1	angarilla donde llevan la carga, tipo de canasta hecho de bejucos que se utilizaba antiguamente para cargar cosas
A	whole-entry older exact	v94-diccionario-global-snp:006142	kakistiya	caquiztiya	caquiztia	current:-tiya>-tia+-iya>-ia	1580 CF Index:2 | 17?? Bnf_362:1 | 1759 Paredes:1	vi. sonar, escucharse. latir el corazón. hacer ruido
A	whole-entry older exact	v94-diccionario-global-snp:006178	kalaktiya	calactiya	calactia	-tiya>-tia,-iya>-ia,current:-tiya>-tia+-iya>-ia	1765 Cortés y Zedeño:1	vi. entrar a algún sitio
A	whole-entry older exact	v94-diccionario-global-snp:006389	kaltitan	caltitan	caltitlan	current:insert l after t	1551-95 Documentos nahuas de la Ciudad de México:1	otros lugares, en otros lugares
A	whole-entry older exact	v94-diccionario-global-snp:006452	kamatsonti	camatzonti	camatzontli	current:insert l after t	1571 Molina 2:1 | 1580 CF Index:1	vello de la mejilla
A	whole-entry older exact	v94-diccionario-global-snp:006621	kanaujti	canauhti	canauhtli	current:insert l after t	1571 Molina 1:2 | 1611 Arenas:2 | 153? Trilingüe:1 | 1571 Molina 2:1 | 1580 CF Index:1	pato, ganso
A	whole-entry older exact	v94-diccionario-global-snp:006661	kanti	canti	cantli	current:insert l after t	1571 Molina 1:1 | 1571 Molina 2:1 | 1580 CF Index:1 | 17?? Bnf_362:1 | 1780 ? Bnf_361:1	boca (parte del cuerpo humano)
A	whole-entry older exact	v94-diccionario-global-snp:006680	kapolokti	capolocti	capoloctli	current:insert l after t	1571 Molina 1:1 | 1571 Molina 2:1 | 1598 Tezozomoc:1	vino, licor de cerezas
A	whole-entry older exact	v94-diccionario-global-snp:006691	kati?	cati?	catli?	current:insert l after t	1571 Molina 2:1	¿cuál?
A	whole-entry older exact	v94-diccionario-global-snp:006886	kechti	quechti	quechtli	current:insert l after t	1571 Molina 1:3 | 153? Trilingüe:2 | 1780 ? Bnf_361:2 | 1571 Molina 2:1 | 1580 CF Index:1	cuello. garganta
A	whole-entry older exact	v94-diccionario-global-snp:006907	kejkeluiya	quequelhuiya	quequelhuia	current:-iya>-ia	1571 Molina 2:1	vi. burlarse
A	whole-entry older exact	v94-diccionario-global-snp:007109	kesti	quezti	queztli	current:insert l after t	153? Trilingüe:1 | 1580 CF Index:1	pierna en general, puede aplicarse a humanos y animales. muslo (p.e. de pollo). talud, pendiente
A	whole-entry older exact	v94-diccionario-global-snp:007310	kochisti	cochizti	cochiztli	current:insert l after t	1571 Molina 1:2 | 153? Trilingüe:1 | 1565 Sahagún Escolios:1 | 1571 Molina 2:1 | 1580 CF Index:1	sueño, dormida (acto de dormir)
A	whole-entry older exact	v94-diccionario-global-snp:007629	kostiya	coztiya	coztia	current:-tiya>-tia+-iya>-ia	1571 Molina 1:1 | 1571 Molina 2:1	vi. amarillear, ponerse, hacerse o volverse amarillo. amarillearse
A	whole-entry older exact	v94-diccionario-global-snp:007650	kotsti	cotzti	cotztli	current:insert l after t	1571 Molina 1:1 | 1571 Molina 2:1 | 1580 CF Index:1 | 1611 Arenas:1 | 17?? Bnf_362:1	talón. pantorrilla. calcañar
A	whole-entry older exact	v94-diccionario-global-snp:007670	kouatichan	coatichan	coatlichan	current:insert l after t	1645 Carochi:1	cohuatichan, topónimo de cuetzalan del progreso, puebla
A	whole-entry older exact	v94-diccionario-global-snp:007899	kuachpanti	cuachpanti	cuachpantli	current:insert l after t	1571 Molina 1:3 | 1571 Molina 2:1 | 17?? Bnf_362:1 | 1780 ? Bnf_361:1	bandera, estandarte, pendón
A	whole-entry older exact	v94-diccionario-global-snp:007900	kuachti	cuachti	cuachtli	current:insert l after t	153? Trilingüe:1 | 1551-95 Documentos nahuas de la Ciudad de México:1 | 1571 Molina 1:1 | 1571 Molina 2:1 | 1579 Durán:1	multa que servía como unidad de monetaria. pieza de tela que se llevaba en la espalda
A	whole-entry older exact	v94-diccionario-global-snp:008029	kualaniya	cualaniya	cualania	-iya>-ia,current:-iya>-ia	1765 Cortés y Zedeño:6 | 1547 Olmos_V ?:2 | 1565 Sahagún Escolios:2 | 1571 Molina 1:2 | 1611 Arenas:2	vi. enojarse, enfadarse. molestarse (p.e. por un comentario). enojarse (con alguien por algo). valiente (adj.)
A	whole-entry older exact	v94-diccionario-global-snp:008247	kuapatachtik	cuapatachtic	cuapatlachtic	current:insert l after t	1580 CF Index:1	que tiene la cabeza ancha, aplanada
A	whole-entry older exact	v94-diccionario-global-snp:008248	kuapatauak	cuapatahuac	cuapatlahuac	current:insert l after t	1580 CF Index:1 | 1780 Clavijero:1	de cabeza ancha
A	whole-entry older exact	v94-diccionario-global-snp:008409	kuaujtajnemi	cuauhtanemi	cuauhtlanemi	current:insert l after t	1580 CF Index:1	vi. cazar (lit. andar por el bosque o monte)
A	whole-entry older exact	v94-diccionario-global-snp:008410	kuaujtajnemini	cuauhtanemini	cuauhtlanemini	current:insert l after t	153? Trilingüe:2	cazador (lit. caminante del bosque o del monte)
A	whole-entry older exact	v94-diccionario-global-snp:008412	kuaujtajpeual	cuauhtapehualli	cuauhtlapehualli	current:insert l after t	1580 CF Index:1	dueño del bosque (ser mitológico)
A	whole-entry older exact	v94-diccionario-global-snp:008423	kuaujtakuijkuilis	cuauhtacuicuiliztli	cuauhtlacuicuiliztli	current:insert l after t	1571 Molina 1:2 | 1571 Molina 2:1 | 1780 ? Bnf_361:1	escultura
A	whole-entry older exact	v94-diccionario-global-snp:008446	kuaujtenti	cuauhtenti	cuauhtentli	current:insert l after t	1571 Molina 2:1 | 1580 CF Index:1	tronco
A	whole-entry older exact	v94-diccionario-global-snp:008513	kuechtiya	cuechtiya	cuechtia	-tiya>-tia,-iya>-ia,current:-tiya>-tia+-iya>-ia	1580 CF Index:1	vi. quedar convertido en polvo (p.e. tras un proceso de molido)
A	whole-entry older exact	v94-diccionario-global-snp:008548	kuekuetaxtik	cuecuetaxtic	cuecuetlaxtic	current:insert l after t	1580 CF Index:1	flexible
A	whole-entry older exact	v94-diccionario-global-snp:008603	kuetani	cuetani	cuetlani	current:insert l after t	1571 Molina 1:4 | 1571 Molina 2:1 | 1580 CF Index:1	vi. doblarse. temblar
A	whole-entry older exact	v94-diccionario-global-snp:008604	kuetaui	cuetahui	cuetlahui	current:insert l after t	17?? Bnf_362:1	vi. temblar (de debilidad). desmayar. marchitarse (una planta). estar débil, estar decaído. debilitarse
A	whole-entry older exact	v94-diccionario-global-snp:008606	kuetauilis	cuetahuiliztli	cuetlahuiliztli	current:insert l after t	1571 Molina 1:1	debilidad, fragilidad, decaimiento, acción de marchitarse
A	whole-entry older exact	v94-diccionario-global-snp:008613	kuetauiya	cuetahuiya	cuetlahuia	current:-iya>-ia	1571 Molina 1:1 | 1571 Molina 2:1 | 17?? Bnf_362:1	vi. marchitarse. desmayarse
A	whole-entry older exact	v94-diccionario-global-snp:008628	kuetaxkol	cuetaxcolli	cuetlaxcolli	current:insert l after t	1759 Paredes:1	un tipo de gusano. intestinos, tripas. cordón umbilical. lombriz de tierra
A	whole-entry older exact	v94-diccionario-global-snp:008634	kuetaxmekat	cuetaxmecatl	cuetlaxmecatl	current:insert l after t	1571 Molina 1:2 | 1571 Molina 2:1	corteza de la planta llamada matacaballo (trema micrantha), sirve para amarrar
A	whole-entry older exact	v94-diccionario-global-snp:008635	kuetaxochit	cuetaxochitl	cuetlaxochitl	current:insert l after t	1580 CF Index:1 | 1580 Sahagún/Máynez:1 | 1780 Clavijero:1	flor dе pascua о pascuaxochitl, euphorbia pulcherrima (significa flor cueruda)
A	whole-entry older exact	v94-diccionario-global-snp:008649	kuetaxtik	cuetaxtic	cuetlaxtic	current:insert l after t	1580 CF Index:1	correoso
A	whole-entry older exact	v94-diccionario-global-snp:008651	kuetaxuiya	cuetaxhuia	cuetlaxhuia	current:insert l after t	1571 Molina 2:1	vt. pegar a alguien con un cuero. azotar con un látigo. azotar (cuartear en México). dar latigazos a alguien (como castigo)
A	whole-entry older exact	v94-diccionario-global-snp:008758	kuitaololtik	cuitaololtic	cuitlaololtic	current:insert l after t	1580 CF Index:1	que tiene el abdomen boludo (p.e. un insecto)
A	whole-entry older exact	v94-diccionario-global-snp:008764	kuitapil	cuitapilli	cuitlapilli	current:insert l after t	1571 Molina 1:2 | 1580 CF Index:2 | 153? Trilingüe:1 | 1565 Sahagún Escolios:1 | 1571 Molina 2:1	cola o rabo de un animal
A	whole-entry older exact	v94-diccionario-global-snp:008765	kuitapilej	cuitapile	cuitlapile	current:insert l after t	1580 CF Index:2 | 17?? Bnf_362:1	que tiene cola, con cola (p.e. un animal)
A	whole-entry older exact	v94-diccionario-global-snp:008768	kuitapilko	cuitapilco	cuitlapilco	current:insert l after t	1580 CF Index:1	en la cola de un animal, siempre poseído
A	whole-entry older exact	v94-diccionario-global-snp:008775	kuitapilueyak	cuitapilhueyac	cuitlapilhueyac	current:insert l after t	1571 Molina 1:1 | 1580 CF Index:1 | 17?? Bnf_362:1	que tiene la cola larga (p.e. un ave)
A	whole-entry older exact	v94-diccionario-global-snp:008778	kuitat	cuitatl	cuitlatl	current:insert l after t	153? Trilingüe:3 | 1571 Molina 1:3 | 1580 CF Index:2 | 1645 Carochi:2 | 1547 Olmos_G:1	excremento (de cualquier ser vivo). estiércol. heces
A	whole-entry older exact	v94-diccionario-global-snp:008786	kuitatsayani	cuitatzayani	cuitlatzayani	current:insert l after t	153? Trilingüe:1 | 1571 Molina 1:1	vi. romperse, rajarse, abrirse
A	whole-entry older exact	v94-diccionario-global-snp:008788	kuitauiya	cuitahuia	cuitlahuia	current:insert l after t	1571 Molina 1:5 | 1571 Molina 2:4 | 1551-95 Documentos nahuas de la Ciudad de México:3 | 1780 ? Bnf_361:3 | 1547 Olmos_V ?:2	vt. ensuciar. vr. defecar
A	whole-entry older exact	v94-diccionario-global-snp:008790	kuitaxiloyot	cuitaxiloyotl	cuitlaxiloyotl	current:insert l after t	1571 Molina 2:1 | 17?? Bnf_362:1	dorso, espinazo de un animal
A	whole-entry older exact	v94-diccionario-global-snp:008793	kuitaxkol	cuitaxcolli	cuitlaxcolli	current:insert l after t	1580 CF Index:3 | 153? Trilingüe:2 | 1571 Molina 1:1 | 1571 Molina 2:1 | 1580 Sahagún/Máynez:1	intestino grueso de un ser vivo (no hay un término específico para intestino grueso). tripa, tripas, intestinos
A	whole-entry older exact	v94-diccionario-global-snp:008796	kuitayo	cuitayo	cuitlayo	current:insert l after t	1571 Molina 1:2 | 153? Trilingüe:1 | 1571 Molina 2:1 | 1580 CF Index:1	excrementos
A	whole-entry older exact	v94-diccionario-global-snp:008941	kuoujtajtotot	cuauhtatototl	cuauhtlatototl	current:insert l after t	17?? Bnf_362:1	ave salvaje, ave silvestre (lit. ave de monte)
A	whole-entry older exact	v94-diccionario-global-snp:008976	kuoujtiya	cuauhtiya	cuauhtia	current:-tiya>-tia+-iya>-ia	17?? Bnf_362:1 | 1780 Clavijero:1	vi. cansarse (p.e. de estar sentado). envararse, entumecerse
A	whole-entry older exact	v94-diccionario-global-snp:009162	machti	machti	machtli	insert l after t,current:insert l after t	1571 Molina 1:2 | 1780 ? Bnf_361:2 | 1547 Olmos_G:1 | 1565 Sahagún Escolios:1 | 1571 Molina 2:1	sobrino
A	whole-entry older exact	v94-diccionario-global-snp:009366	majtak	matac	matlac	current:insert l after t	1571 Molina 2:1 | 1580 CF Index:1 | 17?? Bnf_362bis:1	decena. diez
A	whole-entry older exact	v94-diccionario-global-snp:009370	majtakpoual	matacpohualli	matlacpohualli	current:insert l after t	1551-95 Documentos nahuas de la Ciudad de México:1 | 1571 Molina 2:1 | 1580 CF Index:1 | 1611 Arenas:1 | 17?? Bnf_362:1	doscientos
A	whole-entry older exact	v94-diccionario-global-snp:009382	majtaktika	matactica	matlactica	current:insert l after t	1580 CF Index:1	décimo (ordinal). la décima vez
A	whole-entry older exact	v94-diccionario-global-snp:009474	makochti	macochti	macochtli	current:insert l after t	1580 CF Index:1	(?)
A	whole-entry older exact	v94-diccionario-global-snp:009784	mapatauak	mapatahuac	mapatlahuac	current:insert l after t	1580 CF Index:1	que tiene las manos anchas. que tiene las hojas anchas (una planta)
A	whole-entry older exact	v94-diccionario-global-snp:009971	matakkan	mataccan	matlaccan	current:insert l after t	1571 Molina 2:1 | 1645 Carochi:1	en diez lugares
A	whole-entry older exact	v94-diccionario-global-snp:009985	matalin	matalin	matlalin	insert l after t,current:insert l after t	1571 Molina 1:1 | 1571 Molina 2:1 | 1580 CF Index:1 | 1780 ? Bnf_361:1	nombre genérico de varias especies de plantas de la familia commelinaceae, algunas de flores azules y otras de flores blancas, se usan para alimentar a los animales domésticos y para humedecer los cafetales, se distinguen por color de tallo e inflorescencias. cierto tipo de hierba denominada matalín (commeiina coelestis). verde oscuro (adj.)
A	whole-entry older exact	v94-diccionario-global-snp:009990	mataltik	mataltic	matlaltic	current:insert l after t	1565 Sahagún Escolios:1 | 1571 Molina 1:1 | 1571 Molina 2:1 | 1580 CF Index:1 | 17?? Bnf_362:1	verde oscuro. (rayado en morado y blanco, con rayas moradas y blancas?)
A	whole-entry older exact	v94-diccionario-global-snp:009991	matalxochit	matalxochitl	matlalxochitl	-it>-itl,-t>-tl,current:insert l after t	1780 Clavijero:1	planta (iresine sp.) de la familia amaranthaceae, es una maleza
A	whole-entry older exact	v94-diccionario-global-snp:010015	matat	matatl	matlatl	-t>-tl,current:insert l after t	1765 Cortés y Zedeño:7 | 153? Trilingüe:1 | 1547 Olmos_G:1 | 1571 Molina 1:1 | 1580 CF Index:1	red de pescar. atarraya (red redonda para pescar). red, membrana. red en general
A	whole-entry older exact	v94-diccionario-global-snp:010023	matatsiniya	matatzinia	matlatzinia	current:insert l after t	1571 Molina 1:1 | 1571 Molina 2:1 | 1780 ? Bnf_361:1	vt. abofetear a alguien, dar bofetadas a alguien. dar un manotazo a alguien
A	whole-entry older exact	v94-diccionario-global-snp:010028	matauiya	matahuia	matlahuia	-uiya>-huia,current:insert l after t	1571 Molina 1:4 | 1571 Molina 2:2 | 1759 Paredes:2 | 17?? Bnf_362:1	vt. atrapar con red (animales). cortar con una bolsa parecida a una red los frutos de árbol (p.e. mamey, chininas, mango, etc.)
A	whole-entry older exact	v94-diccionario-global-snp:010298	maxtat	maxtatl	maxtlatl	-t>-tl,current:insert l after t	1580 CF Index:2 | 1547 Olmos_G:1 | 1571 Molina 1:1 | 1571 Molina 2:1 | 1580 Sahagún/Máynez:1	ceñidor, taparrabos (lo utilizaban los aztecas)
A	whole-entry older exact	v94-diccionario-global-snp:010333	mayaujkanti	mayauhcanti	mayauhcantli	current:insert l after t	1571 Molina 1:3 | 153? Trilingüe:1 | 1571 Molina 2:1 | 1780 ? Bnf_361:1	mano derecha
A	whole-entry older exact	v94-diccionario-global-snp:010467	metapil	metapilli	metlapilli	-il>-illi,-l>-lli,current:insert l after t	153? Trilingüe:1 | 1571 Molina 1:1 | 1571 Molina 2:1 | 1580 CF Index:1 | 1598 Tezozomoc:1	metapile, mano del metate con que se martaja el maíz cocido
A	whole-entry older exact	v94-diccionario-global-snp:010759	metsti	metzti	metztli	current:insert l after t	1571 Molina 1:4 | 17?? Bnf_362:4 | 153? Trilingüe:3 | 1692 Guerra:3 | 1580 CF Index:2	pie, pierna (sólo admite posesión enajenable). pata (de un animal o de un mueble). pie (unidad de medida). la huella de un pie
A	whole-entry older exact	v94-diccionario-global-snp:010760	metsti	metzti	metztli	current:insert l after t	1571 Molina 1:4 | 17?? Bnf_362:4 | 153? Trilingüe:3 | 1692 Guerra:3 | 1580 CF Index:2	luna. mes. menstruación
A	whole-entry older exact	v94-diccionario-global-snp:010827	metsuiya	metzhuiya	metzhuia	-uiya>-huia,current:-iya>-ia	1571 Molina 1:2 | 1571 Molina 2:2 | 17?? Bnf_362:2 | 1780 ? Bnf_361:2 | 153? Trilingüe:1	vi. menstruar
A	whole-entry older exact	v94-diccionario-global-snp:010943	michmatat	michmatatl	michmatlatl	-t>-tl,current:insert l after t	153? Trilingüe:1 | 1571 Molina 1:1 | 1571 Molina 2:1 | 17?? Bnf_362:1 | 1780 ? Bnf_361:1	red para pescar
A	whole-entry older exact	v94-diccionario-global-snp:010984	mijtotiya	mitotiya	mitotia	-tiya>-tia,-iya>-ia,current:-tiya>-tia+-iya>-ia	1580 CF Index:5 | 1579 Durán:1 | 1780 Clavijero:1	vi. bailar. bailar (una peonza o trompo)
A	whole-entry older exact	v94-diccionario-global-snp:011074	miktiya	mictiya	mictia	-tiya>-tia,-iya>-ia,current:-tiya>-tia+-iya>-ia	1765 Cortés y Zedeño:6 | 1571 Molina 2:4 | 1571 Molina 1:3 | 1645 Carochi:3 | 1780 ? Bnf_361:3	vi. padecer una parálisis en un miembro del cuerpo (lit. morírsele un miembro)
A	whole-entry older exact	v94-diccionario-global-snp:011154	misaj	miza	misa	j>zero	153? Trilingüe:2 | 1551-95 Documentos nahuas de la Ciudad de México:1 | 1571 Molina 1:1	misa
A	whole-entry older exact	v94-diccionario-global-snp:011161	misotalis	mizotaliztli	mizotlaliztli	current:insert l after t	1765 Cortés y Zedeño:3	nauseas, vómito
A	whole-entry older exact	v94-diccionario-global-snp:011168	mitoniya	mitoniya	mitonia	-iya>-ia,current:-iya>-ia	1580 CF Index:2	vi. sudar
A	whole-entry older exact	v94-diccionario-global-snp:011203	mixti	mixti	mixtli	insert l after t,current:insert l after t	1580 CF Index:2 | 153? Trilingüe:1 | 1547 Olmos_G:1 | 1565 Sahagún Escolios:1 | 1571 Molina 1:1	nube, neblina (no se pluraliza ni se cuantifica). niebla
A	whole-entry older exact	v94-diccionario-global-snp:011384	mopatani	mopatani	mopatlani	insert l after t,current:insert l after t	1571 Molina 1:2	cierta variedad de plátano o banana
A	whole-entry older exact	v94-diccionario-global-snp:011413	mosta uipta	mozta huiptla	moztla huiptla	current:insert l after t	1571 Molina 2:1	dentro de dos días. (pasado mañana?)
A	whole-entry older exact	v94-diccionario-global-snp:011418	mostatika	moztatica	moztlatica	current:insert l after t	1765 Cortés y Zedeño:1	al día siguiente
A	whole-entry older exact	v94-diccionario-global-snp:011435	motalolis	motaloliztli	motlaloliztli	-lis>-liztli,current:insert l after t	1765 Cortés y Zedeño:1	carrera pedestre
A	whole-entry older exact	v94-diccionario-global-snp:011783	nakastsonti	nacaztzonti	nacaztzontli	current:insert l after t	1580 CF Index:1	vello de la oreja
A	whole-entry older exact	v94-diccionario-global-snp:011793	nakatamal	nacatlamalli	nacatamalli	-al>-alli,-l>-lli	153? Trilingüe:1 | 1571 Molina 1:1 | 1571 Molina 2:1 | 1580 CF Index:1 | 1580 Sahagún/Máynez:1	tamal de carne, tamales hechos de mole o salsa con carne
A	whole-entry older exact	v94-diccionario-global-snp:012508	nenemiya	nenemiya	nenemia	-iya>-ia,current:-iya>-ia	1580 CF Index:2 | 1765 Cortés y Zedeño:2	vi. caminar, andar
A	whole-entry older exact	v94-diccionario-global-snp:012592	nepantajtij	nepantlati	nepantlatli	current:insert l after t	1571 Molina 1:1 | 1571 Molina 2:1 | 1780 ? Bnf_361:1	buenos días (se emplea este saludo después de las nueve de la mañana hasa la una de la tarde)
A	whole-entry older exact	v94-diccionario-global-snp:012658	netalolis	netaloliztli	netlaloliztli	-lis>-liztli,current:insert l after t	153? Trilingüe:4 | 1571 Molina 1:2 | 1571 Molina 2:1 | 1780 ? Bnf_361:1	corrida (acción de correr)
A	whole-entry older exact	v94-diccionario-global-snp:012680	netauelilis	netahueliliztli	netlahueliliztli	current:insert l after t	153? Trilingüe:2	(gusto, poder?)
A	whole-entry older exact	v94-diccionario-global-snp:012706	neteuilis	netehuiliztli	netlehuiliztli	current:insert l after t	1571 Molina 1:1 | 1571 Molina 2:1 | 1780 ? Bnf_361:1	guerra. lucha. batalla. combate. violencia
A	whole-entry older exact	v94-diccionario-global-snp:012829	nextiya	nextiya	nextia	-tiya>-tia,-iya>-ia,current:-tiya>-tia+-iya>-ia	1571 Molina 1:10 | 1571 Molina 2:4 | 1780 ? Bnf_361:4 | 1611 Arenas:3 | 1765 Cortés y Zedeño:3	vi. ponerse gris (p.e. al ensuciarse de polvo)
A	whole-entry older exact	v94-diccionario-global-snp:013020	nochti	nochti	nochtli	insert l after t,current:insert l after t	1571 Molina 1:1 | 1571 Molina 2:1 | 1580 CF Index:1 | 1580 Sahagún/Máynez:1 | 17?? Bnf_362:1	tuna, higo chumbo. (cierto tipo de cactus denominados popularmente garambullos?)
A	whole-entry older exact	v94-diccionario-global-snp:013403	ojti	oti	otli	current:insert l after t	1580 CF Index:4 | 1765 Cortés y Zedeño:3 | 153? Trilingüe:2 | 1571 Molina 1:2 | 1692 Guerra:2	camino, vereda. calle. carretera, carrilera. senda. calles (en plu.). posibilidad (metafórico). curso (de un río)
A	whole-entry older exact	v94-diccionario-global-snp:013409	ojtipan	otipan	otlipan	current:insert l after t	1580 CF Index:1	orilla del camino. en el camino, en las plazas, en las calles, en la carretera (adv.)
A	whole-entry older exact	v94-diccionario-global-snp:013512	okosinti	ococinti	ococintli	current:insert l after t	1580 CF Index:1	ocozintle, piña del pino u ocote (mazorca de ocote en México)
A	whole-entry older exact	v94-diccionario-global-snp:013682	ome metsti	ome metzti	ome metztli	current:insert l after t	1571 Molina 1:1 | 1571 Molina 2:1 | 1780 ? Bnf_361:1	febrero
A	whole-entry older exact	v94-diccionario-global-snp:013826	ontatsotsona	ontatzotzona	ontlatzotzona	current:insert l after t	1580 CF Index:1	vi. tocar allá (música)
A	whole-entry older exact	v94-diccionario-global-snp:013866	otstiya	otztiya	otztia	-tiya>-tia,-iya>-ia,current:-tiya>-tia+-iya>-ia	1765 Cortés y Zedeño:4 | 1571 Molina 1:3 | 1780 ? Bnf_361:3 | 1571 Molina 2:2 | 1547 Olmos_V ?:1	vi. estar embarazada
A	whole-entry older exact	v94-diccionario-global-snp:013985	pachti	pachti	pachtli	insert l after t,current:insert l after t	1571 Molina 1:2 | 1571 Molina 2:1 | 1579 Durán:1 | 1580 CF Index:1 | 17?? Bnf_362:1	poso de café que queda en el fondo después de hervirlo (asiento de café en México). bagazo o pulpa de algunos frutos como la caña y la naranja (con un sustantivo incorporado). musgo. basura del café. pachtle (planta de la familia de las bromeliáceas, que cuelga de las ramas de los árboles). heno, paja. paxtle, residuo. restos de hierbas
A	whole-entry older exact	v94-diccionario-global-snp:014022	pajpatachtik	papatachtic	papatlachtic	current:insert l after t	1580 CF Index:1	aplastado, que tiene una forma plana y ancha. ancho. aplanado
A	whole-entry older exact	v94-diccionario-global-snp:014029	pajpatani	papatani	papatlani	current:insert l after t	1580 CF Index:1	vi. volar
A	whole-entry older exact	v94-diccionario-global-snp:014040	pajpatauak	papatahuac	papatlahuac	current:insert l after t	1580 CF Index:1 | 1765 Cortés y Zedeño:1	ancho. amplio
A	whole-entry older exact	v94-diccionario-global-snp:014056	pajsoltiya	pazoltiya	pazoltia	current:-tiya>-tia+-iya>-ia	1580 CF Index:2 | 1765 Cortés y Zedeño:1	vi. desordenarse, quedar en desorden (p.e. objetos puestos en orden)
A	whole-entry older exact	v94-diccionario-global-snp:014391	panti	panti	pantli	insert l after t,current:insert l after t	153? Trilingüe:1	surco (en un terreno). fila. línea. par (numeral). muda (de ropa). bandera, estandarte. batallón, regimiento. grupo, conjunto (p.e. de niños). porción o parte de algo, un resto de algo. una parte (de una sustancia incontable, como agua). vez, veces, para una vez
A	whole-entry older exact	v94-diccionario-global-snp:014392	panti	panti	pantli	insert l after t,current:insert l after t	153? Trilingüe:1	espalda. dolor de espalda. culpar a alguien (verbo)
A	whole-entry older exact	v94-diccionario-global-snp:014461	papatani	papatani	papatlani	insert l after t,current:insert l after t	1580 CF Index:1	vi. revolotear. volar
A	whole-entry older exact	v94-diccionario-global-snp:014462	papatanij	papatani	papatlani	-anij>-ani,-nij>-ni,current:insert l after t	1580 CF Index:1	móviles
A	whole-entry older exact	v94-diccionario-global-snp:014463	papatantinemi	papatantinemi	papatlantinemi	insert l after t,current:insert l after t	1580 CF Index:1	vi. andar volando. (andar volando de un lado a otro?)
A	whole-entry older exact	v94-diccionario-global-snp:014468	papatauak	papatahuac	papatlahuac	current:insert l after t	1580 CF Index:1 | 1765 Cortés y Zedeño:1	ancho
A	whole-entry older exact	v94-diccionario-global-snp:014500	patachiui	patachihui	patlachihui	current:insert l after t	1580 CF Index:3	vi. aplastarse (cosas huecas y maleables, que se deforman o se aplanan pero no se rompen, p.e. un tubo)
A	whole-entry older exact	v94-diccionario-global-snp:014506	patachtik	patachtic	patlachtic	current:insert l after t	1551-95 Documentos nahuas de la Ciudad de México:1 | 1571 Molina 1:1 | 1571 Molina 2:1 | 1580 CF Index:1 | 1780 ? Bnf_361:1	ancho. achatado. aplanado. aplastado, porque alguien lo aplastó. aplastado, porque es de forma planta y ancha
A	whole-entry older exact	v94-diccionario-global-snp:014519	patani	patani	patlani	insert l after t,current:insert l after t	153? Trilingüe:3 | 1571 Molina 1:2 | 1571 Molina 2:2 | 1580 CF Index:2 | 1780 ? Bnf_361:2	vi. volar (un ave). volar, ascender. escapar
A	whole-entry older exact	v94-diccionario-global-snp:014521	patanilis	pataniliztli	patlaniliztli	-lis>-liztli,current:insert l after t	153? Trilingüe:1 | 1765 Cortés y Zedeño:1 | 1780 Clavijero:1	vuelo
A	whole-entry older exact	v94-diccionario-global-snp:014523	patantinemi	patantinemi	patlantinemi	insert l after t,current:insert l after t	1571 Molina 1:2 | 1580 CF Index:2 | 1571 Molina 2:1 | 1780 ? Bnf_361:1	vi. andar volando
A	whole-entry older exact	v94-diccionario-global-snp:014528	pataua	patahua	patlahua	current:insert l after t	1571 Molina 1:2 | 1571 Molina 2:2 | 1780 ? Bnf_361:2 | 153? Trilingüe:1 | 1547 Olmos_V ?:1	vt. extender algo que está doblado (p.e. tela o naylon). ensanchar, extender, ampliar. tenderse. estirar. vr. abrirse las hojas (p.e. las del cogollo conforme va creciendo, como el quelite de mafafa o el plátano). vr. extenderse. ensancharse. estirarse. expandirse. hacerse ancho. vi. ser amplio
A	whole-entry older exact	v94-diccionario-global-snp:014530	patauak	patahuac	patlahuac	current:insert l after t	1551-95 Documentos nahuas de la Ciudad de México:3 | 1580 CF Index:3 | 153? Trilingüe:1 | 1571 Molina 1:1 | 1571 Molina 2:1	ancho (p.e. un camino, un petate, una tela, un folio, etc.). amplio. plano. anchura (nombre)
A	whole-entry older exact	v94-diccionario-global-snp:014561	patouani	patohuani	patoani	oua>oa	1571 Molina 1:1 | 1571 Molina 2:1 | 1580 CF Index:1 | 1780 ? Bnf_361:1	jugador de dados, jugador de patoli
A	whole-entry older exact	v94-diccionario-global-snp:014579	patstiya	patztiya	patztia	-tiya>-tia,-iya>-ia,current:-tiya>-tia+-iya>-ia	153? Trilingüe:1	vi. aplastarse o apachurrarse (p.e. la fruta si se le pone algo pesado encima). desinflarse o pinsarse (p.e. un balón, un neumático, etc.)
A	whole-entry older exact	v94-diccionario-global-snp:014635	pejpetaua	pepetahua	pepetlahua	current:insert l after t	1571 Molina 1:4 | 1571 Molina 2:2 | 1780 ? Bnf_361:2 | 1780 Clavijero:2 | 17?? Bnf_362:1	vt. destapar a alguien (p.e. quitándole la manta, cobija en México). vr. alzarse el vestido una mujer. descubrirse, desnudarse
A	whole-entry older exact	v94-diccionario-global-snp:014655	pepetani	pepetani	pepetlani	insert l after t,current:insert l after t	153? Trilingüe:1 | 1580 CF Index:1 | 17?? Bnf_362:1	relampaguear
A	whole-entry older exact	v94-diccionario-global-snp:014693	pesoj	pezo	peso	j>zero	1551-95 Documentos nahuas de la Ciudad de México:1	tejón o coatí (nasua narica), mamífero de la familia procyonidae, su carne se come, es muy nocivo para las siembras de maíz
A	whole-entry older exact	v94-diccionario-global-snp:014694	pesoj	pezo	peso	j>zero	1551-95 Documentos nahuas de la Ciudad de México:1	peso, pesos (moneda de México)
A	whole-entry older exact	v94-diccionario-global-snp:014701	petakouat	petacoatl	petlacoatl	current:insert l after t	1580 Sahagún/Máynez:1 | 1780 Clavijero:1	cierta variedad de serpiente
A	whole-entry older exact	v94-diccionario-global-snp:014705	petani	petani	petlani	insert l after t,current:insert l after t	1571 Molina 1:1 | 1571 Molina 2:1 | 1580 CF Index:1 | 1645 Carochi:1 | 1780 ? Bnf_361:1	vi. brillar (p.e. lentejuelas o estrellas). destellar. relampaguear. resplandecer. deslumbrar. centellear
A	whole-entry older exact	v94-diccionario-global-snp:014713	petat	petatl	petlatl	-t>-tl,current:insert l after t	1547 Olmos_G:3 | 153? Trilingüe:2 | 1551-95 Documentos nahuas de la Ciudad de México:1 | 1571 Molina 1:1 | 1571 Molina 2:1	petate (estera tejida), estera. petate de palma (en zonas cálidas se utiliza para dormir). cama, camilla. estera para dormil
A	whole-entry older exact	v94-diccionario-global-snp:014715	petaua	petahua	petlahua	current:insert l after t	1571 Molina 1:7 | 1547 Olmos_V ?:4 | 1780 ? Bnf_361:4 | 1571 Molina 2:3 | 17?? Bnf_362:2	vt. desfundar o desenfundar, sacar algo de su funda o cubierta (p.e. un machete o navaja). pelar, quitarle la hoja a la mazorca o elote. desenvolver algo. descubrir. destapar. vr. desvestirse, destaparse
A	whole-entry older exact	v94-diccionario-global-snp:014723	petsti	petzti	petztli	current:insert l after t	1571 Molina 1:1 | 1571 Molina 2:1 | 1780 ? Bnf_361:1	(desnudarse parcialmente verbo? parcialmente desnudo adj.?)
A	whole-entry older exact	v94-diccionario-global-snp:014735	peualisti	pehualizti	pehualiztli	current:insert l after t	1765 Cortés y Zedeño:5 | 1571 Molina 1:3 | 153? Trilingüe:2 | 1780 ? Bnf_361:2 | 1571 Molina 2:1	comienzo, principio
A	whole-entry older exact	v94-diccionario-global-snp:014998	pipiniya	pipiniya	pipinia	-iya>-ia,current:-iya>-ia	1571 Molina 1:3 | 1571 Molina 2:2 | 1780 ? Bnf_361:2 | 1547 Olmos_G:1 | 1580 CF Index:1	vi. volverse o ponerse correoso o resistente a ser cortado (p.e. tortillas después de recalentadas, algunas carnes como la cecina, leña al no secarse bien, etc.)
A	whole-entry older exact	v94-diccionario-global-snp:015126	pitsti	pitzti	pitztli	current:insert l after t	1571 Molina 1:1 | 1571 Molina 2:1 | 1780 ? Bnf_361:1	puñetazo
A	whole-entry older exact	v94-diccionario-global-snp:015304	popoua	popoa	popohua	V-u-V>V-hu-V	1571 Molina 1:6 | 1629 Alarcón:3 | 1580 CF Index:2 | 17?? Bnf_362:2 | 1780 ? Bnf_361:2	vt. limpiar algo o a alguien (p.e. con un trapo, con hojas, con papel, limpiar a un niño pequeño que ha ido a hacer de viente, etc.). hacer una limpia curativa a alguien. sobar o frotar (p.e. el cuerpo del enfermo con el jugo medicinal de una planta). frotar algo (p.e. para secar los platos)
A	whole-entry older exact	v94-diccionario-global-snp:015334	posoniya	pozoniya	pozonia	-iya>-ia,current:-iya>-ia	1571 Molina 1:4 | 1780 ? Bnf_361:3 | 1547 Olmos_V ?:2 | 1692 Guerra:2 | 1565 Sahagún Escolios:1	vi. florecer. inflamarse
A	whole-entry older exact	v94-diccionario-global-snp:015456	presentaroua	precentaroa	presentaroa	oua>oa,-oua>-oa	1765 Cortés y Zedeño:1	vr. presentarse (p.e. en un lugar)
A	whole-entry older exact	v94-diccionario-global-snp:015492	resistiroua	Reciztiroa	resistiroa	oua>oa,-oua>-oa	1765 Cortés y Zedeño:1	vt. resistir algo, soportar algo
A	whole-entry older exact	v94-diccionario-global-snp:015653	sauatiya	zahuatiya	zahuatia	current:-tiya>-tia+-iya>-ia	17?? Bnf_362:1	vi. tener granos, ser granoso
A	whole-entry older exact	v94-diccionario-global-snp:015689	se metsti	ce metzti	ce metztli	current:insert l after t	1551-95 Documentos nahuas de la Ciudad de México:1	enero, mes de enero
A	whole-entry older exact	v94-diccionario-global-snp:015806	sekti	cecti	cectli	current:insert l after t	1645 Carochi:1	nieve. hielo. helado. la helada
A	whole-entry older exact	v94-diccionario-global-snp:015853	seltiya	celtiya	celtia	-tiya>-tia,-iya>-ia,current:-tiya>-tia+-iya>-ia	1571 Molina 1:1 | 1765 Cortés y Zedeño:1 | 1780 ? Bnf_361:1	vi. quedarse blando o ablandarse por la humedad (p.e. la piel de pies y manos por estar mucho rato en contacto extendido con el agua). reverdecer (p.e. una planta que se había marchitado)
A	whole-entry older exact	v94-diccionario-global-snp:016165	sentachiya	centlachiya	centlachia	current:-iya>-ia	153? Trilingüe:1	vt. mirar con sorpresa algo. quedarse mirando algo
A	whole-entry older exact	v94-diccionario-global-snp:016414	septiembrej	ceptiembre	septiembre	j>zero+ej>e	1551-95 Documentos nahuas de la Ciudad de México:1	septiembre
A	whole-entry older exact	v94-diccionario-global-snp:016532	sinti	cinti	cintli	current:insert l after t	1580 CF Index:3 | 1571 Molina 1:1 | 1571 Molina 2:1 | 1611 Arenas:1 | 1645 Carochi:1	mazorca. mazorca de maíz. maíz para ser cosechado, seco
A	whole-entry older exact	v94-diccionario-global-snp:016683	siuatayel	cihuatayelli	cihuatlayelli	current:insert l after t	1571 Molina 1:1 | 17?? Bnf_362:1	placenta
A	whole-entry older exact	v94-diccionario-global-snp:016723	siuiya	cihuiya	cihuia	-uiya>-huia,current:-iya>-ia	1611 Arenas:1	vi. (estar cansado?)
A	whole-entry older exact	v94-diccionario-global-snp:016932	tachialiya	tlachiyalia	tlachialia	-iya>-ia	1571 Molina 2:1 | 1645 Carochi:1	vt. ver o cuidar algo por o para alguien (p.e. una parcela, una casa), mirar o echar un ojo a algo en beneficio de alguien
A	whole-entry older exact	v94-diccionario-global-snp:017072	tachti	tlachti	tlachtli	current:insert l after t	1571 Molina 1:2 | 1780 ? Bnf_361:2 | 1571 Molina 2:1 | 1580 CF Index:1 | 1580 Sahagún/Máynez:1	juego de pelota
A	whole-entry older exact	v94-diccionario-global-snp:017159	taijtakol	tlaitacolli	tlaitlacolli	current:insert l after t	1571 Molina 1:3 | 1780 ? Bnf_361:3 | 1571 Molina 2:1	estropeado, deteriorado
A	whole-entry older exact	v94-diccionario-global-snp:017160	taijtakolis	tlaitacoliztli	tlaitlacoliztli	current:insert l after t	153? Trilingüe:2	daño
A	whole-entry older exact	v94-diccionario-global-snp:017554	tajtajtoua	tlatatoa	tlatlatoa	current:insert l after t	1571 Molina 1:2 | 1780 ? Bnf_361:2 | 1571 Molina 2:1 | 1580 CF Index:1	vi. hablar lentamente
A	whole-entry older exact	v94-diccionario-global-snp:017558	tajtakol	tlatacolli	tlatlacolli	current:insert l after t	153? Trilingüe:6 | 1571 Molina 1:5 | 1780 ? Bnf_361:5 | 1759 Paredes:4 | 1551-95 Documentos nahuas de la Ciudad de México:1	pecado, falta moral (egún la ética o moral de determinada religión). delito (según la ley). culpa, acción que tiene una consecuencia negativa. errores. imperfección. transgresión
A	whole-entry older exact	v94-diccionario-global-snp:017559	tajtakolchiua	tlatacolchihua	tlatlacolchihua	current:insert l after t	1580 CF Index:1	vi. pecar, cometer pecados
A	whole-entry older exact	v94-diccionario-global-snp:017561	tajtakolej	tlatacole	tlatlacole	current:insert l after t	1580 CF Index:1	pecador. persona culpable
A	whole-entry older exact	v94-diccionario-global-snp:017571	tajtakolnextiya	tlatacolnextia	tlatlacolnextia	current:insert l after t	1571 Molina 1:2 | 1780 ? Bnf_361:2 | 1571 Molina 2:1 | 17?? Bnf_362:1	vt. mostrarle a alguien sus pecados
A	whole-entry older exact	v94-diccionario-global-snp:017574	tajtakoltiya	tlatacoltia	tlatlacoltia	current:insert l after t	1780 ? Bnf_361:3 | 1551-95 Documentos nahuas de la Ciudad de México:2 | 1571 Molina 1:2 | 1571 Molina 2:2 | 1692 Guerra:1	vt. culpar a alguien de algo, acusar a alguien. echar la culpa de algo a alguien. cometer el error de culpar de algo a alguien inocente. responsabilizar, cargarle de la responsabilidad a alguien de una acción o suceso (p.e. de un delito). culpabilizar a alguien de algo. vr. culparse, tener sentimiento de culpa. echarse la culpa. sentirse culpable (de algo)
A	whole-entry older exact	v94-diccionario-global-snp:017578	tajtakoua	tlatacoa	tlatlacoa	current:insert l after t	1629 Alarcón:3 | 1547 Olmos_V ?:1 | 1571 Molina 2:1 | 1580 CF Index:1 | 1645 Carochi:1	vi. pecar, hacer mal
A	whole-entry older exact	v94-diccionario-global-snp:017579	tajtakouani	tlatacoani	tlatlacoani	current:insert l after t	153? Trilingüe:2 | 1571 Molina 1:2 | 1692 Guerra:2 | 1780 ? Bnf_361:2 | 1571 Molina 2:1	pecador
A	whole-entry older exact	v94-diccionario-global-snp:017587	tajtalilis	tlataliliztli	tlatlaliliztli	current:insert l after t	1571 Molina 1:12 | 1780 ? Bnf_361:12 | 153? Trilingüe:2 | 1571 Molina 2:1	acción de quemar
A	whole-entry older exact	v94-diccionario-global-snp:017590	tajtalkauani	tlatalcahuani	tlatlalcahuani	current:insert l after t	1571 Molina 1:2 | 1780 ? Bnf_361:2 | 1571 Molina 2:1	olvidadizo
A	whole-entry older exact	v94-diccionario-global-snp:017621	tajtapachoua	tlatapachoa	tlatlapachoa	current:insert l after t	1580 CF Index:1	vt. poner boca abajo algo (p.e. naipes)
A	whole-entry older exact	v94-diccionario-global-snp:017633	tajtasaluiya	tlatazalhuia	tlatlazalhuia	current:insert l after t	1571 Molina 1:1 | 1571 Molina 2:1	vt. arreglar algo descompuesto, estropeado. (remendando?)
A	whole-entry older exact	v94-diccionario-global-snp:017638	tajtatiya	tlatatia	tlatlatia	current:insert l after t	1765 Cortés y Zedeño:4 | 1629 Alarcón:3 | 1571 Molina 1:2 | 1571 Molina 2:2 | 1645 Carochi:2	vt. quemar, chamuscar (p.e. a una persona o animal con líquidos o sólidos calientes, fuego, etc.). curar mediante un proceso curativo regional, calentando hojas o líquidos medicinales y aplicándolos a la persona enferma. vr. quemarse
A	whole-entry older exact	v94-diccionario-global-snp:017639	tajtatiya	tlatatia	tlatlatia	current:insert l after t	1765 Cortés y Zedeño:4 | 1629 Alarcón:3 | 1571 Molina 1:2 | 1571 Molina 2:2 | 1645 Carochi:2	vt. esconder en muchos lugares
A	whole-entry older exact	v94-diccionario-global-snp:017641	tajtatsiniya	tlatatzinia	tlatlatzinia	current:insert l after t	17?? Bnf_362:1	vt. dar golpes
A	whole-entry older exact	v94-diccionario-global-snp:017726	tajtoltaniliya	tlatoltanilia	tlatollanilia	current:insert l after t+ltl>ll	1551-95 Documentos nahuas de la Ciudad de México:1	vt. vencer con palabras a alguien (p.e. en una acusación o en un juicio). tener una respuesta adecuada para alguien (p.e. para alguien que acusa o critica)
A	whole-entry older exact	v94-diccionario-global-snp:018102	takochti	tlacochti	tlacochtli	current:insert l after t	153? Trilingüe:1 | 1571 Molina 1:1 | 1571 Molina 2:1 | 1580 CF Index:1 | 17?? Bnf_362:1	dardo, saeta, flecha. flecha de juguete
A	whole-entry older exact	v94-diccionario-global-snp:018212	takuaktiya	tlacuactiya	tlacuactia	current:-tiya>-tia+-iya>-ia	1571 Molina 1:1 | 1580 CF Index:1 | 17?? Bnf_362:1 | 1780 ? Bnf_361:1	vi. entiesarse, quedarse tieso, de movimiento difícil (p.e. las manos, los pies por el frío). endurecer, quedarse duro, cuajarse (p.e. manteca, gelatina por el frío, la tierra por el sol, el cemento al humedecerse, etc.)
A	whole-entry older exact	v94-diccionario-global-snp:018265	takualtiya	tlacualtiya	tlacualtia	current:-tiya>-tia+-iya>-ia	1571 Molina 1:3 | 1780 ? Bnf_361:3 | 1547 Olmos_V ?:2 | 1571 Molina 2:1 | 1692 Guerra:1	vi. cuidar (p.e. el ganado). vt. cuidar a alguien o a algo (p.e. ovejas)
A	whole-entry older exact	v94-diccionario-global-snp:018357	takuitapampa	tlacuitapampa	tlacuitlapampa	current:insert l after t	1571 Molina 1:1 | 1571 Molina 2:1 | 1780 ? Bnf_361:1	atrás, detrás. último (adj.). el último puesto (nombre)
A	whole-entry older exact	v94-diccionario-global-snp:018489	talkuitaxkol	tlalcuitaxcolli	tlalcuitlaxcolli	current:insert l after t	153? Trilingüe:1 | 1580 CF Index:1 | 1780 Clavijero:1	lombriz de tierra
A	whole-entry older exact	v94-diccionario-global-snp:018598	talpiya	tlalpiya	tlalpia	-iya>-ia,current:-iya>-ia	1571 Molina 1:2 | 1780 ? Bnf_361:2 | 1547 Olmos_V ?:1	vi. hacer ligadura. amarrar
A	whole-entry older exact	v94-diccionario-global-snp:018775	tamachiuiliya	tlamachihuilia	tamachihuilia	-iya>-ia,-uiliya>-huilia	1551-95 Documentos nahuas de la Ciudad de México:1	vt. medire el largo de algo de alguien (p.e. tela, terreno, la circunferencia de algo, p.e. la cintura de una persona). pesar algo para alguien (p.e. un niño, granos, etc.). medir a alguien
A	whole-entry older exact	v94-diccionario-global-snp:018779	tamachiuj	tlamachiuh	tamachiuh	j>h,-uj>-uh	1551-95 Documentos nahuas de la Ciudad de México:1	una medida de longitud (p.e. vara, cuarta, metro, etc.). kilo, litro, tonelada, hora, dosis, medida (en general). vara de medir. cucharada. tamaño. medición. estatura (poseído). medida de peso. hecho a mano, elaborado artesanalmente, hecho, elaborado (adj.)
A	whole-entry older exact	v94-diccionario-global-snp:018884	tamaloua	tlamaloa	tamaloa	oua>oa,-oua>-oa	1571 Molina 1:1 | 1571 Molina 2:1 | 1580 CF Index:1 | 1780 ? Bnf_361:1	vt. preparar algo en tamales (p.e. la carne)
A	whole-entry older exact	v94-diccionario-global-snp:018885	tamaltik	tlamaltic	tamaltic	k>c/qu	1580 CF Index:1	en forma de tamal
A	whole-entry older exact	v94-diccionario-global-snp:018948	tamasolin	tlamazolin	tamazolin	s>z	1571 Molina 1:2 | 1571 Molina 2:2 | 1595 Rincón:1 | 17?? Bnf_362:1 | 1759 Paredes:1	sapo grande. sapo. rana
A	whole-entry older exact	v94-diccionario-global-snp:019122	tamiktiya	tlamictiya	tlamictia	current:-tiya>-tia+-iya>-ia	1580 CF Index:2	vi. sentir dolor en los dientes picados (p.e. por tomar alimentos calientes o fríos o muy dulces)
A	whole-entry older exact	v94-diccionario-global-snp:019364	tanakasanti	tlanacazanti	tlanacazantli	current:insert l after t	1571 Molina 1:1 | 1780 ? Bnf_361:1	cuadrado
A	whole-entry older exact	v94-diccionario-global-snp:019407	tanat	tlanatl	tanatl	-t>-tl	1580 CF Index:1	tenate, cesto de paja para sembrar. cesto o esportilla hecho de palma
A	whole-entry older exact	v94-diccionario-global-snp:019701	tanti	tlanti	tlantli	current:insert l after t	153? Trilingüe:1 | 1571 Molina 1:1 | 1571 Molina 2:1 | 1580 CF Index:1 | 1611 Arenas:1	diente (de persona o animal, sólo admite posesión enajenable). diente (p.e. de una rueda dentada)
A	whole-entry older exact	v94-diccionario-global-snp:019948	tapatal	tlapatalli	tlapatlalli	current:insert l after t	1571 Molina 1:1 | 1571 Molina 2:1 | 1765 Cortés y Zedeño:1 | 1780 ? Bnf_361:1	apachurrado, despachurrado (p.e. frutas, hierbas). batido (p.e. harina en agua)
A	whole-entry older exact	v94-diccionario-global-snp:019982	tapayol	tlapayolli	tapayolli	-ol>-olli,-l>-lli	153? Trilingüe:3 | 17?? Bnf_362:2 | 1571 Molina 1:1 | 1780 ? Bnf_361:1	pelota, bola
A	whole-entry older exact	v94-diccionario-global-snp:019984	tapayoltik	tlapayoltic	tapayoltic	k>c/qu	1571 Molina 1:2 | 1780 ? Bnf_361:2 | 153? Trilingüe:1 | 1571 Molina 2:1 | 1580 CF Index:1	pelota de viento
A	whole-entry older exact	v94-diccionario-global-snp:019999	tapejpetani	tlapepetani	tlapepetlani	current:insert l after t	1571 Molina 1:1 | 1571 Molina 2:1 | 1759 Paredes:1 | 1780 ? Bnf_361:1	vi. relampaguear, haber relámpagos en el cielo
A	whole-entry older exact	v94-diccionario-global-snp:020006	tapepetani	tlapepetani	tlapepetlani	current:insert l after t	1571 Molina 1:1 | 1571 Molina 2:1 | 1759 Paredes:1 | 1780 ? Bnf_361:1	vi. relampaguear, iluminar el cielo los relámpagos. relampaguear varias veces
A	whole-entry older exact	v94-diccionario-global-snp:020270	taseliya	tlaceliya	tlacelia	current:-iya>-ia	1780 Clavijero:2 | 1547 Olmos_V ?:1 | 1580 CF Index:1 | 1645 Carochi:1 | 1692 Guerra:1	vi. reverecer o enverdecerse todo el campo (p.e. en la temporada de lluvia, cuando todo se retoña). brotar, germinar, retoñar (p.e. una planta). primavera (nombre). nacer o brotar el pasto o zacate
A	whole-entry older exact	v94-diccionario-global-snp:020283	taseltiya	tlaceltiya	tlaceltia	current:-tiya>-tia+-iya>-ia	1571 Molina 1:1 | 1571 Molina 2:1 | 1780 ? Bnf_361:1	vi. reverder el campo, enverdecerse todo el campo. hacer reverdecer (p.e. la lluvia)
A	whole-entry older exact	v94-diccionario-global-snp:020367	tasojtal	tlazotalli	tlazotlalli	current:insert l after t	1571 Molina 1:1 | 1571 Molina 2:1 | 1765 Cortés y Zedeño:1 | 1780 ? Bnf_361:1	amado
A	whole-entry older exact	v94-diccionario-global-snp:020368	tasojtalis	tlazotaliztli	tlazotlaliztli	current:insert l after t	1765 Cortés y Zedeño:1	amor. cariño, afecto, ternura. estima, estimación, aprecio. pasión. acto de amor
A	whole-entry older exact	v94-diccionario-global-snp:020408	tatachichina	tlatachichina	tlatlachichina	current:insert l after t	1580 CF Index:1	vi. fumar
A	whole-entry older exact	v94-diccionario-global-snp:020460	tatajti	tlatati	tlatlati	current:insert l after t	1571 Molina 2:1 | 1580 CF Index:1 | 1598 Tezozomoc:1	vi. envejecer
A	whole-entry older exact	v94-diccionario-global-snp:020461	tatajtiliya	tlatatilia	tlatlatilia	current:insert l after t	1780 ? Bnf_361:2 | 1571 Molina 1:1 | 1571 Molina 2:1 | 1692 Guerra:1	vt. envejecer a alguien (p.e. el trabajo duro)
A	whole-entry older exact	v94-diccionario-global-snp:020462	tatajtiya	tlatatiya	tlatlatia	current:-tiya>-tia+-iya>-ia	1765 Cortés y Zedeño:4 | 1629 Alarcón:3 | 1571 Molina 1:2 | 1571 Molina 2:2 | 1645 Carochi:2	vi. envejecer (por el paso de tiempo). parecer más viejo (p.e. por haber trabajado muy duramente toda la vida)
A	whole-entry older exact	v94-diccionario-global-snp:020469	tatajtoua	tlatatoa	tlatlatoa	current:insert l after t	1571 Molina 1:2 | 1780 ? Bnf_361:2 | 1571 Molina 2:1 | 1580 CF Index:1	vi. hablar
A	whole-entry older exact	v94-diccionario-global-snp:020470	tatajtsin	tlatatzin	tlatlatzin	current:insert l after t	1580 CF Index:1	señor. anciano, viejito
A	whole-entry older exact	v94-diccionario-global-snp:020474	tatak	tlatac	tlatlac	current:insert l after t	1571 Molina 1:2 | 1780 ? Bnf_361:2 | 1571 Molina 2:1 | 1580 CF Index:1 | 17?? Bnf_362:1	quemado
A	whole-entry older exact	v94-diccionario-global-snp:020504	tatako	tlataco	tlatlaco	current:insert l after t	1580 CF Index:1	vi. sembrar
A	whole-entry older exact	v94-diccionario-global-snp:020507	tatakua	tlatacua	tlatlacua	current:insert l after t	1580 CF Index:2	vi. comer. cenar. participar en un banquete, participar en una comida
A	whole-entry older exact	v94-diccionario-global-snp:020519	tataliliya	tlatalilia	tlatlalilia	current:insert l after t	1571 Molina 1:7 | 1571 Molina 2:4 | 1780 ? Bnf_361:4	vt. prepararle cosas a un difunto (p.e. colocar dentro del ataud velas, flores, etc.). acomodar o colocar en un lugar (p.e. en una mochila) algo (como ropa, herramientas, etc.) de o para alguien, empacar algo para alguien
A	whole-entry older exact	v94-diccionario-global-snp:020521	tatalis	tlataliztli	tlatlaliztli	current:insert l after t	153? Trilingüe:3 | 1571 Molina 1:1 | 1571 Molina 2:1 | 1780 ? Bnf_361:1	ardor. colocará (verbo)
A	whole-entry older exact	v94-diccionario-global-snp:020590	tataneujtiya	tlataneuhtia	tlatlaneuhtia	current:insert l after t	1571 Molina 1:4 | 1780 ? Bnf_361:4 | 153? Trilingüe:2 | 1571 Molina 2:1	vr. prestarse mutuamente (plu.)
A	whole-entry older exact	v94-diccionario-global-snp:020592	tatanextiya	tlatanextia	tlatlanextia	current:insert l after t	1580 CF Index:1	vi. brillar. resplandecer. alumbrar, iluminar. emitir luz. alumbrarse
A	whole-entry older exact	v94-diccionario-global-snp:020596	tatanilis	tlataniliztli	tlatlaniliztli	current:insert l after t	1765 Cortés y Zedeño:2 | 153? Trilingüe:1	ganancia, ventaja, beneficio, sueldo, salario. rifa, acción de echar a suertes. victoria, triunfo. competición
A	whole-entry older exact	v94-diccionario-global-snp:020597	tataniliya	tlatanilia	tlatlanilia	current:insert l after t	1551-95 Documentos nahuas de la Ciudad de México:2 | 1765 Cortés y Zedeño:1	vr. ganar, ganarse un dinero (mediante una actividad o tarea, p.e. ganar un sueldo). obtener una ganancia
A	whole-entry older exact	v94-diccionario-global-snp:020599	tataniya	tlatania	tlatlania	current:insert l after t	1571 Molina 1:10 | 1780 ? Bnf_361:9 | 1765 Cortés y Zedeño:4 | 1551-95 Documentos nahuas de la Ciudad de México:3 | 1571 Molina 2:2	vr. ganar dinero. competir, participar en una competición (competencia en México). vi. ganar (p.e. dinero, un sueldo, etc.). vt. (ganar a alguien, ser más que alguien, sentirse más importante que alguien?)
A	whole-entry older exact	v94-diccionario-global-snp:020603	tatapaka	tlatapaca	tlatlapaca	current:insert l after t	1571 Molina 2:2 | 1571 Molina 1:1 | 1580 CF Index:1 | 1645 Carochi:1 | 1780 ? Bnf_361:1	vi. romperse consecutivamente o varios al mismo tiempo (p.e. los frutos de los árboles cuando se parten y sueltan sus semillas). quebrarse, romperse. quebrarse por completo. resquebrajarse
A	whole-entry older exact	v94-diccionario-global-snp:020614	tatapatsa	tlatapatza	tlatlapatza	current:insert l after t	1571 Molina 1:2 | 1780 ? Bnf_361:2 | 1571 Molina 2:1 | 1645 Carochi:1 | 17?? Bnf_362:1	vt. (aplastar?). romper, quebrar algo. vr. (romper, p.e. el cascarón los pollitos al nacer?)
A	whole-entry older exact	v94-diccionario-global-snp:020620	tatapoloni	tlatapoloni	tlatlapoloni	current:insert l after t	153? Trilingüe:1 | 1571 Molina 1:1 | 1571 Molina 2:1 | 1780 ? Bnf_361:1	llave
A	whole-entry older exact	v94-diccionario-global-snp:020629	tatasa	tlataza	tlatlaza	current:insert l after t	1565 Sahagún Escolios:3 | 1571 Molina 1:3 | 1780 ? Bnf_361:3 | 1571 Molina 2:1 | 1580 CF Index:1	vi. poner huevos (p.e. un ave, un insecto, etc.), poner un huevo, empollar (excepción, no cambia a 4/3)
A	whole-entry older exact	v94-diccionario-global-snp:020630	tatasaluil	tlatazalhuilli	tlatlazalhuilli	current:insert l after t	1780 ? Bnf_361:3 | 1571 Molina 1:2 | 1571 Molina 2:1	remendado
A	whole-entry older exact	v94-diccionario-global-snp:020631	tatasaluiya	tlatazalhuia	tlatlazalhuia	current:insert l after t	1571 Molina 1:1 | 1571 Molina 2:1	poner remiendos
A	whole-entry older exact	v94-diccionario-global-snp:020633	tatasi	tlataci	tlatlaci	current:insert l after t	1571 Molina 1:3 | 1780 ? Bnf_361:3 | 1580 CF Index:2 | 1571 Molina 2:1 | 1645 Carochi:1	vi. toser, tener tos
A	whole-entry older exact	v94-diccionario-global-snp:020635	tataskej	tlatazque	tlatlazque	current:insert l after t	1580 CF Index:1	ponedora (ave doméstica, p.e. gallina o pava)
A	whole-entry older exact	v94-diccionario-global-snp:020653	tatati	tlatati	tlatlati	current:insert l after t	1571 Molina 2:1 | 1580 CF Index:1 | 1598 Tezozomoc:1	vi. (to set off, en inglés?)
A	whole-entry older exact	v94-diccionario-global-snp:020654	tatatil	tlatatilli	tlatlatilli	current:insert l after t	1571 Molina 1:5 | 1780 ? Bnf_361:5 | 17?? Bnf_362:2 | 153? Trilingüe:1 | 1571 Molina 2:1	ardido
A	whole-entry older exact	v94-diccionario-global-snp:020655	tatatilis	tlatatiliztli	tlatlatiliztli	current:insert l after t	1571 Molina 1:1 | 1765 Cortés y Zedeño:1 | 1780 ? Bnf_361:1	acción de hacer lumbre. juego de las escondidillas o el escondite
A	whole-entry older exact	v94-diccionario-global-snp:020656	tatatiliya	tlatatilia	tlatlatilia	current:insert l after t	1780 ? Bnf_361:2 | 1571 Molina 1:1 | 1571 Molina 2:1 | 1692 Guerra:1	vt. atizarle el fuego a un recipiente que está en el fogón (p.e. a olla de tamales para que se cocine antes)
A	whole-entry older exact	v94-diccionario-global-snp:020662	tatatok	tlatatoc	tlatlatoc	current:insert l after t	1571 Molina 2:1 | 1580 CF Index:1	ardiendo
A	whole-entry older exact	v94-diccionario-global-snp:020666	tatatsin	tlatatzin	tlatlatzin	current:insert l after t	1580 CF Index:1	viejito
A	whole-entry older exact	v94-diccionario-global-snp:020667	tatatsini	tlatatzini	tlatlatzini	current:insert l after t	1571 Molina 1:3 | 1780 ? Bnf_361:3 | 1547 Olmos_V ?:2 | 1580 CF Index:2 | 153? Trilingüe:1	vi. tronar, sonar el trueno (al relampaguear), escucharse truenos
A	whole-entry older exact	v94-diccionario-global-snp:020671	tatatska	tlatatzca	tlatlatzca	current:insert l after t	1580 CF Index:1	vi. rechinar (un objeto como cama, tablas, p.e. al friccionarse con otro)
A	whole-entry older exact	v94-diccionario-global-snp:020694	tataxilis	tlataxiliztli	tlatlaxiliztli	current:insert l after t	1571 Molina 1:3 | 1780 ? Bnf_361:3 | 153? Trilingüe:1 | 1571 Molina 2:1 | 17?? Bnf_362:1	acción de toser, el toser, tos
A	whole-entry older exact	v94-diccionario-global-snp:020695	tataxiliya	tlataxilia	tlatlaxilia	current:insert l after t	1571 Molina 2:3 | 1571 Molina 1:2 | 1780 ? Bnf_361:2 | 1547 Olmos_V ?:1 | 1692 Guerra:1	vt. toser sobre algo (p.e. los alimentos)
A	whole-entry older exact	v94-diccionario-global-snp:020696	tataxiliya	tlataxilia	tlatlaxilia	current:insert l after t	1571 Molina 2:3 | 1571 Molina 1:2 | 1780 ? Bnf_361:2 | 1547 Olmos_V ?:1 | 1692 Guerra:1	vt. poner huevos en nido ajeno (de otra ave doméstica). poner huevecillos (un insecto) en un huésped (p.e. una mosca sobre un cádaver). vi. abortar, abortar un bebé
A	whole-entry older exact	v94-diccionario-global-snp:020717	tatayouayan	tlatayohuayan	tlatlayohuayan	current:insert l after t	1580 CF Index:1	de noche. lugar muy oscuro (nombre)
A	whole-entry older exact	v94-diccionario-global-snp:020823	tatemouiya	tlatemahuia	tlatemohuia	-uiya>-huia	1580 CF Index:2	vi. descargar (p.e. mercancías de un camión). bajar (algo)
A	whole-entry older exact	v94-diccionario-global-snp:020892	tateuats	tlatehuatztli	tlatlehuatztli	current:insert l after t	153? Trilingüe:1 | 1571 Molina 1:1 | 1571 Molina 2:1 | 1780 ? Bnf_361:1	tostado (p.e. semillas, carne). asado. frito. tostada (nombre). tortilla tostada (nombre)
A	whole-entry older exact	v94-diccionario-global-snp:020894	tateuatsal	tlatehuatzalli	tlatlehuatzalli	current:insert l after t	1571 Molina 1:2 | 1780 ? Bnf_361:2 | 153? Trilingüe:1 | 1571 Molina 2:1 | 1580 CF Index:1	horneado (p.e. una pieza alfarera)
A	whole-entry older exact	v94-diccionario-global-snp:020947	tatiluil	tlatilhuilli	tlatlilhuilli	current:insert l after t	1571 Molina 1:1 | 1571 Molina 2:1 | 1765 Cortés y Zedeño:1 | 1780 ? Bnf_361:1	tiznado (un cacharro de cocina o traste, a propósito para taparle los poros)
A	whole-entry older exact	v94-diccionario-global-snp:021030	tatokti	tlatocti	tlatoctli	current:insert l after t	1571 Molina 1:3 | 1780 ? Bnf_361:3 | 1571 Molina 2:1 | 1580 CF Index:1 | 17?? Bnf_362:1	cosecha. cultivo, cultivos
A	whole-entry older exact	v94-diccionario-global-snp:021429	taujtapal	tlauhtapalli	tlauhtlapalli	current:insert l after t	1571 Molina 1:1 | 1571 Molina 2:1 | 1780 ? Bnf_361:1	bermellón, púrpura, rojo carmesí
A	whole-entry older exact	v94-diccionario-global-snp:021528	taxotalis	tlaxotaliztli	tlaxotlaliztli	current:insert l after t	1571 Molina 1:1 | 1571 Molina 2:1 | 1765 Cortés y Zedeño:1 | 1780 ? Bnf_361:1	llamarada
A	whole-entry older exact	v94-diccionario-global-snp:021542	taxoxouiya	tlaxoxohuiya	tlaxoxohuia	-uiya>-huia,current:-iya>-ia	1571 Molina 2:1 | 1580 CF Index:1	vi. reverdecerse (en la milpa, en el campo). enverdecer (las plantas)
A	whole-entry older exact	v94-diccionario-global-snp:021548	taxtaua	tlaxtahua	tlaxtlahua	current:insert l after t	1780 ? Bnf_361:5 | 1571 Molina 1:4 | 1580 CF Index:2 | 17?? Bnf_362:1	vt. pagar (en general). vi. pagar
A	whole-entry older exact	v94-diccionario-global-snp:021549	taxtaualis	tlaxtahualiztli	tlaxtlahualiztli	current:insert l after t	1571 Molina 1:3 | 1780 ? Bnf_361:3 | 1571 Molina 2:1	pago
A	whole-entry older exact	v94-diccionario-global-snp:021551	taxtaui	tlaxtahui	tlaxtlahui	current:insert l after t	1551-95 Documentos nahuas de la Ciudad de México:1	paga
A	whole-entry older exact	v94-diccionario-global-snp:021552	taxtauil	tlaxtahuilli	tlaxtlahuilli	current:insert l after t	1571 Molina 1:4 | 1780 ? Bnf_361:4 | 1571 Molina 2:1 | 1580 CF Index:1 | 1611 Arenas:1	salario, sueldo, pago por una actividad realizada. pago, paga. impuesto. rescate. aportación económica. presupuesto. ingresos económicos. premio, galardón. dinero (neologismo)
A	whole-entry older exact	v94-diccionario-global-snp:021555	taxtauiliya	tlaxtahuilia	tlaxtlahuilia	current:insert l after t	1611 Arenas:2 | 1551-95 Documentos nahuas de la Ciudad de México:1 | 1571 Molina 1:1 | 1571 Molina 2:1 | 1780 ? Bnf_361:1	vt. pagar a alguien. pagarle algo a alguien o en lugar de alguien (p.e. pagar el gasto de alguien invitándole, p.e. el billete de autobús). pagar impuestos. pagar (por alguien) algo (p.e. el pasaje). pagar por alguien, en lugar de alguien. vr. pagar impuestos. pagar a alguien
A	whole-entry older exact	v94-diccionario-global-snp:021557	taxtauiya	tlaxtahuia	tlaxtlahuia	current:insert l after t	1571 Molina 1:5 | 1780 ? Bnf_361:5 | 1611 Arenas:4 | 1547 Olmos_V ?:2 | 1551-95 Documentos nahuas de la Ciudad de México:2	vt. pagarle a alguien el precio de algo comprado (p.e. cuando nos pagan nuestro salario). pagar algo a alguien. sobornar. recompensar a alguien. vr. pagarse
A	whole-entry older exact	v94-diccionario-global-snp:021788	tayouiliya	tlayohuilia	tlayouilia	-iya>-ia	1571 Molina 1:1 | 1571 Molina 2:1 | 1780 ? Bnf_361:1	vt. proyectar o echar sombra en perjuicio de alguien, bloquear la luz en perjuicio de alguien (p.e. al pararse enfrente de una proyección luminosa, detenerse ante una venta y tapar la luz a alguien)
A	whole-entry older exact	v94-diccionario-global-snp:022181	tein	tein	tlein	insert l after t,current:insert l after t	1611 Arenas:2 | 1765 Cortés y Zedeño:2 | 1645 Carochi:1	que, el que, lo que, la que, los que, las que (pronombre relativo que crea una claúsula restrictiva, usualmente pero no siempre con un argumento no humano, que modifica un sustantivo). que, cuyo (pronombre relativo). hay (verbo haber). de lo que, de los que. de él. al que, a los que. por lo que
A	whole-entry older exact	v94-diccionario-global-snp:022237	teixtamachtiani	teixtamachtiani	teixtlamachtiani	insert l after t,current:insert l after t	153? Trilingüe:4 | 1565 Sahagún Escolios:1 | 1580 CF Index:1	educador
A	whole-entry older exact	v94-diccionario-global-snp:022254	tejkoka	tecoca	tlecoca	current:insert l after t	1580 CF Index:1	vi. ascender
A	whole-entry older exact	v94-diccionario-global-snp:022273	tejtapouiya	tetapohuia	tetlapohuia	current:insert l after t	1580 CF Index:1	vr. extender la fama de alguien
A	whole-entry older exact	v94-diccionario-global-snp:022438	tekitilo	tequitillo	tequitilo	k>c/qu	1580 CF Index:1	v. impersonal. (?)
A	whole-entry older exact	v94-diccionario-global-snp:022538	tekoltiya	tecoltiya	tlecoltia	current:-tiya>-tia+-iya>-ia	1571 Molina 1:1 | 1571 Molina 2:1 | 1780 ? Bnf_361:1	vi. formar o hacer brasas, llegar a quemarse formando brasas (p.e. leña seca, carbón, combustible sólido)
A	whole-entry older exact	v94-diccionario-global-snp:022566	tekoua	tecoa	tlecoa	current:insert l after t	1580 CF Index:1 | 1611 Arenas:1	vt. reservar. encargar a alguien de algo. encargar algo, encargar la producción o fabricación de algo para adquirirlo, hacer un pedido de un objeto
A	whole-entry older exact	v94-diccionario-global-snp:022573	tekoyot	tecoyotl	tlecoyotl	current:insert l after t	1571 Molina 1:2 | 1580 CF Index:2 | 1780 ? Bnf_361:2 | 1571 Molina 2:1	cueva
A	whole-entry older exact	v94-diccionario-global-snp:022632	tekui	tecui	tlecui	current:insert l after t	1580 CF Index:1 | 1645 Carochi:1	vi. atacar o afectar a la gente (una enfermedad, lit. agarrar a la gente). contraer (una enfermedad), contagiarse, enfermarse (con determinada enfermedad, lit. agarrar a la gente). transmitirse (una enfermedad). agarrar a la gente (un aventurero, un mujeriego). atrapar a la gente (p.e. el fuego)
A	whole-entry older exact	v94-diccionario-global-snp:022634	tekuil	tecuilli	tlecuilli	current:insert l after t	1580 CF Index:2 | 153? Trilingüe:1 | 1565 Sahagún Escolios:1 | 1571 Molina 1:1 | 1571 Molina 2:1	fogón
A	whole-entry older exact	v94-diccionario-global-snp:023036	tematat	tematatl	tematlatl	-t>-tl,current:insert l after t	153? Trilingüe:1 | 1571 Molina 1:1 | 1571 Molina 2:1 | 1580 CF Index:1 | 1580 Sahagún/Máynez:1	honda
A	whole-entry older exact	v94-diccionario-global-snp:023064	temiktiya	temictiya	temictia	-tiya>-tia,-iya>-ia,current:-tiya>-tia+-iya>-ia	1580 CF Index:2 | 1780 ? Bnf_361:1	vi. perder filo (p.e. los objetos cortantes, como un machete). hacer perder el filo (p.e. las piedras a un machete). asesinar, matar al prójimo, matar a la gente, cometer un asesinato. ser mortífero. vt. matar a alguien (a una persona), asesinar a alguien
A	whole-entry older exact	v94-diccionario-global-snp:023128	temouiya	temahuia	temohuia	-iya>-ia,-uiya>-huia	1765 Cortés y Zedeño:4 | 1571 Molina 1:3 | 1547 Olmos_V ?:2 | 1780 ? Bnf_361:2 | 1571 Molina 2:1	vt. bajar a algo (p.e. mazorcas del zarzo, algo colgado en lo alto). bajar a alguien. buscar o procurarse algo. lavar bien o completamente algo (p.e. al quitar bien la mugre de la ropa)
A	whole-entry older exact	v94-diccionario-global-snp:023317	tenextatiani	tenextatiani	tenextlatiani	insert l after t,current:insert l after t	153? Trilingüe:1 | 1571 Molina 1:1 | 1571 Molina 2:1 | 1780 ? Bnf_361:1	calero, el que quema la cal
A	whole-entry older exact	v94-diccionario-global-snp:023318	tenextatiya	tenextatia	tenextlatia	-tiya>-tia,-iya>-ia,current:insert l after t	1571 Molina 1:1 | 1571 Molina 2:1 | 1580 CF Index:1 | 1780 ? Bnf_361:1	vi. fabricar cal, quemar la cal. elaborar cal (quemando piedras)
A	whole-entry older exact	v94-diccionario-global-snp:023468	tenti	tenti	tentli	insert l after t,current:insert l after t	1571 Molina 1:2 | 1547 Olmos_G:1 | 1547 Olmos_V ?:1 | 1571 Molina 2:1 | 1580 CF Index:1	labios, boca. abertura. afilar (verbo)
A	whole-entry older exact	v94-diccionario-global-snp:023548	teotakiya	teotaquia	teotlaquia	current:insert l after t	1571 Molina 1:1 | 1571 Molina 2:1 | 1780 ? Bnf_361:1	vi. atardecer
A	whole-entry older exact	v94-diccionario-global-snp:023552	teotauit	teotahuitl	teotlahuitl	current:insert l after t	1580 CF Index:1	color acre rojo (de ese color los sacerdotes prehispánicos se pintaban el rostro)
A	whole-entry older exact	v94-diccionario-global-snp:023582	tepajuiya	tepahuia	tepahuiya	j>h	1580 CF Index:1	vi. envenenar a la gente. ser venenoso
A	whole-entry older exact	v94-diccionario-global-snp:023648	tepauiya	tepahuia	tepahuiya	V-u-V>V-hu-V	1580 CF Index:1	vi. ser venenoso
A	whole-entry older exact	v94-diccionario-global-snp:023697	tepetat	tepetatl	tepetlatl	-t>-tl,current:insert l after t	1571 Molina 1:2 | 1571 Molina 2:1 | 1580 CF Index:1 | 1580 Sahagún/Máynez:1 | 1598 Tezozomoc:1	tepetate, suelo rocoso de color rojo que queda expuesto después de erosionarse el suelo orgánico
A	whole-entry older exact	v94-diccionario-global-snp:023699	tepetayoj	tepetayo	tepetlayo	current:insert l after t	1571 Molina 2:1 | 1580 CF Index:1	lleno de tepetate, lleno de piedra dura
A	whole-entry older exact	v94-diccionario-global-snp:023760	tepitsa	tepitza	tlepitza	current:insert l after t	1547 Olmos_V ?:1 | 1571 Molina 1:1 | 1571 Molina 2:1 | 1580 CF Index:1 | 1611 Arenas:1	vi. (soplar?)
A	whole-entry older exact	v94-diccionario-global-snp:023869	tepostajtsomaloni	tepoztatzomaloni	tepoztlatzomaloni	current:insert l after t	1571 Molina 1:1 | 1780 ? Bnf_361:1	dedal para coser
A	whole-entry older exact	v94-diccionario-global-snp:023872	tepostaken	tepoztaquen	tepoztlaquen	current:insert l after t	1765 Cortés y Zedeño:2	coraza, armadura (lit. ropa de hierro)
A	whole-entry older exact	v94-diccionario-global-snp:023883	tepostatamachiualoni	tepoztatamachihualoni	tepoztlatamachihualoni	current:insert l after t	1571 Molina 2:1 | 1780 ? Bnf_361:1	reloj
A	whole-entry older exact	v94-diccionario-global-snp:023890	tepostateuiloni	tepoztatehuiloni	tepoztlatehuiloni	current:insert l after t	1571 Molina 1:1 | 1571 Molina 2:1 | 1780 ? Bnf_361:1	martillo (lit. hierro para golpear)
A	whole-entry older exact	v94-diccionario-global-snp:023893	tepostatsakuil	tepoztatzacuilli	tepoztlatzacuilli	current:insert l after t	153? Trilingüe:1	reja de metal (p.e. para instalar como protección en puetas o ventanas)
A	whole-entry older exact	v94-diccionario-global-snp:023895	tepostatsomaloni	tepoztatzomaloni	tepoztlatzomaloni	current:insert l after t	1571 Molina 1:1 | 1780 ? Bnf_361:1	máquina de coser
A	whole-entry older exact	v94-diccionario-global-snp:023896	tepostatsotson	tepoztatzotzontli	tepoztlatzotzontli	current:insert l after t	1571 Molina 1:2 | 1571 Molina 2:1 | 1780 ? Bnf_361:1	aparato de radio, radio. gramola, máquina de música que funciona con monedas
A	whole-entry older exact	v94-diccionario-global-snp:023929	tepotamiya	tepotamia	tepotlamia	-iya>-ia,current:insert l after t	1547 Olmos_V ?:2 | 1571 Molina 1:2 | 1571 Molina 2:2 | 1780 ? Bnf_361:2 | 1565 Sahagún Escolios:1	vt. tentar a alguien con el pecado. poner a prueba a alguien. hacer caer a alguien en el pecado, hacer pecar a alguien. vr. tropezar, tropezarse. verse tentado
A	whole-entry older exact	v94-diccionario-global-snp:023933	tepotsti	tepotzti	tepotztli	current:insert l after t	153? Trilingüe:1 | 1571 Molina 1:1 | 1571 Molina 2:1 | 1580 CF Index:1 | 1645 Carochi:1	espalda, dorso
A	whole-entry older exact	v94-diccionario-global-snp:024008	tesuat	tezoatl	tezuatl	-t>-tl	1580 CF Index:1	nombre genérico para varias especies de árboles de la familia melastomataceae que se utilizan para leña y construcción de casa, su tronco y madera al descomponerse sirve de sustrato al hongo llamado en mexicano pïsin
A	whole-entry older exact	v94-diccionario-global-snp:024046	tetakeual	tetaquehualli	tetlaquehualli	current:insert l after t	1765 Cortés y Zedeño:2	siervo, siervo de alguien. mozo
A	whole-entry older exact	v94-diccionario-global-snp:024049	tetakuikuilijkej	tetacuicuilique	tetlacuicuilique	current:insert l after t	1580 CF Index:1 | 1580 Sahagún/Máynez:1	retirador de piedras (así eran llamados los curanderos en la antigüedad)
A	whole-entry older exact	v94-diccionario-global-snp:024050	tetakuikuiliya	tetacuicuilia	tetlacuicuilia	current:insert l after t	1580 CF Index:2	vi. retirar piedras, sacar piedras (una forma de sanación en la tradición indígena)
A	whole-entry older exact	v94-diccionario-global-snp:024057	tetamachtijkej	tetamachtique	tetlamachtique	current:insert l after t	1580 CF Index:1	maestro, profesor
A	whole-entry older exact	v94-diccionario-global-snp:024072	tetanejnektiya	tetanenectia	tetlanenectia	current:insert l after t	1580 CF Index:1	vi. hacer desear algo a la gente
A	whole-entry older exact	v94-diccionario-global-snp:024076	tetaneujtiya	tetaneuhtia	tetlaneuhtia	current:insert l after t	1780 ? Bnf_361:1 | 1780 Clavijero:1	vi. (prestar a la gente?)
A	whole-entry older exact	v94-diccionario-global-snp:024079	tetanokuilankej	tetanocuilanque	tetlanocuilanque	current:insert l after t	1580 CF Index:1	los que extraen gusanos de los dientes o de las muelas
A	whole-entry older exact	v94-diccionario-global-snp:024087	tetapololtiya	tetapololtia	tetlapololtia	-tiya>-tia,-iya>-ia,current:insert l after t	1580 CF Index:1	vi. confundir a la gente
A	whole-entry older exact	v94-diccionario-global-snp:024118	tetatiya	tetatia	tetlatia	-tiya>-tia,-iya>-ia,current:insert l after t	1580 CF Index:1 | 1780 Clavijero:1	vi. quemar
A	whole-entry older exact	v94-diccionario-global-snp:024123	tetauelita	tetahuelitta	tetlahuelitta	current:insert l after t	1580 CF Index:1	vi. odiar a la gente. odiar
A	whole-entry older exact	v94-diccionario-global-snp:024126	tetaueliya	tetahuelia	tetlahuelia	current:insert l after t	1580 CF Index:1	vi. hacer maleficios a la gente. causar malos efectos a la gente. ser perjudicial para la gente, p.e. un animal. (ser de mal agüero para alguien, anunciarle catástrofes, afectar negativamente a la gente?)
A	whole-entry older exact	v94-diccionario-global-snp:024283	tetsaujkokolisti	tetzauhcocolizti	tetzauhcocoliztli	current:insert l after t	1571 Molina 1:1 | 1571 Molina 2:1 | 1780 ? Bnf_361:1	tuberculosis
A	whole-entry older exact	v94-diccionario-global-snp:024312	teuachiliya	tehuachilia	tlehuachilia	current:insert l after t	1759 Paredes:1	vt. secarle el borde a algo o de algo (p.e. de una tela, de una enagua, etc.). tostar algo para o en beneficio de alguien (p.e. granos, tortillas, carne sobre comal o en una cazuela)
A	whole-entry older exact	v94-diccionario-global-snp:024314	teuaki	tehuaqui	tlehuaqui	current:insert l after t	1645 Carochi:1	vi. tostarse (p.e. maíz, ajonjolí, café, arroz, carne, chicharrón). bajar de peso (p.e. una persona por desnutrición). resecarse (p.e. la piel de personas o animales). resecarse la tierra hasta endurecerse. endurecerse (p.e. una tortilla). (asar, freír?). vi. secarse
A	whole-entry older exact	v94-diccionario-global-snp:024315	teuaki	tehuaqui	tlehuaqui	current:insert l after t	1645 Carochi:1	vi. tener la boca reseca (p.e. al tener resaca). secársele el borde a algo (p.e. un tela)
A	whole-entry older exact	v94-diccionario-global-snp:024332	teuatsa	tehuatza	tlehuatza	current:insert l after t	1571 Molina 1:3 | 1780 ? Bnf_361:3 | 1547 Olmos_V ?:2 | 1571 Molina 2:1 | 1611 Arenas:1	vt. tostar algo en el comal o cazuela (p.e. café, maíz, arroz, ajonjolí). tostar algo (p.e. el café). dorar algo. guisar, cocinar. freír. asar. secar (p.e. por ejemplo chile dejándole al sol). (secado, secado solo?) (adj.). vr. tostarse, asarse
A	whole-entry older exact	v94-diccionario-global-snp:024333	teuatsa	tehuatza	tlehuatza	current:insert l after t	1571 Molina 1:3 | 1780 ? Bnf_361:3 | 1547 Olmos_V ?:2 | 1571 Molina 2:1 | 1611 Arenas:1	vt. secarle los labios a alguien (p.e. la fiebre). secar el borde de algo (p.e. de una tela)
A	whole-entry older exact	v94-diccionario-global-snp:024397	texiujtatij	texiuhtati	texiuhtlati	current:insert l after t	1571 Molina 1:1 | 1571 Molina 2:1 | 1580 CF Index:1 | 1780 ? Bnf_361:1	caliente (la temperatura de un objeto). caliente (que causa calor)
A	whole-entry older exact	v94-diccionario-global-snp:024491	teyoua	teyohua	tleyohua	current:insert l after t	1571 Molina 1:2 | 1780 ? Bnf_361:2 | 1580 CF Index:1	vi. formarsele semilla (p.e. a las plantas, a los árboles, etc.). dar semilla. fantasear, ver espejismos. delirar, ver visiones. mezclarse con piedritas (p.e. los granos)
A	whole-entry older exact	v94-diccionario-global-snp:024577	tilaniya	tilania	tlilania	-iya>-ia,current:insert l after t	1571 Molina 1:2 | 1780 ? Bnf_361:2 | 1571 Molina 2:1	(?)
A	whole-entry older exact	v94-diccionario-global-snp:024682	timiki	tlimiqui	timiqui	k>c/qu	1580 CF Index:2	vi. excederse de fuego (puesto al comal)
A	whole-entry older exact	v94-diccionario-global-snp:024934	tiya	tiya	tia	-tiya>-tia,-iya>-ia,current:-tiya>-tia+-iya>-ia	1580 CF Index:1 | 1598 Tezozomoc:1	vi. fuiste (2ª pers. sing. pretérito perfecto verbo ir)
A	whole-entry older exact	v94-diccionario-global-snp:024960	tochkuitat	tochcuitatl	tochcuitlatl	current:insert l after t	1571 Molina 1:1 | 1780 ? Bnf_361:1	excremento de conejo
A	whole-entry older exact	v94-diccionario-global-snp:024984	tojmait	tomaitl	tlomaitl	current:insert l after t	1580 CF Index:1	hoja
A	whole-entry older exact	v94-diccionario-global-snp:025111	tokpa	tocpa	tlocpa	current:insert l after t	1571 Molina 2:2 | 1645 Carochi:1 | 17?? Bnf_362bis:1	al lado
A	whole-entry older exact	v94-diccionario-global-snp:025113	tokti	tocti	toctli	current:insert l after t	17?? Bnf_362:2 | 153? Trilingüe:1 | 1571 Molina 1:1 | 1571 Molina 2:1 | 1580 CF Index:1	vegetación
A	whole-entry older exact	v94-diccionario-global-snp:025235	tonalejekat	tonaleecatl	tonalehecatl	-kat>-catl	1571 Molina 2:1 | 1780 ? Bnf_361:1	aire caliente. viento caliente. un viento del sudeste, muy seco y caliente que ocurre de marzo a mayo, cuando es fuerte, tumba las milpas y derriba árboles y casas. viento caliente (son vientos que soplan en la sierra norte entre marzo y abril y vienen del noreste, su intensidad varía y puede tumbar árboles o destechar casas)
A	whole-entry older exact	v94-diccionario-global-snp:025506	totolkuitat	totolcuitatl	totolcuitlatl	current:insert l after t	153? Trilingüe:1 | 1571 Molina 1:1 | 1571 Molina 2:1 | 1780 ? Bnf_361:1	excremento de pavo o guajolote
A	whole-entry older exact	v94-diccionario-global-snp:025532	totoniya	totoniya	totonia	-iya>-ia,current:-iya>-ia	1571 Molina 1:11 | 1780 ? Bnf_361:10 | 1571 Molina 2:4 | 1580 CF Index:2 | 1595 Rincón:2	vi. tener fiebre. calentarse (algo, p.e. tortillas). vt. calentar algo. vt. calentar algo para alguien. vr. calentarse
A	whole-entry older exact	v94-diccionario-global-snp:025766	tsikti	tzicti	tzictli	current:insert l after t	1580 CF Index:1 | 1580 Sahagún/Máynez:1	chicle, goma de mascar
A	whole-entry older exact	v94-diccionario-global-snp:025769	tsiktiya	tzictiya	tzictia	current:-tiya>-tia+-iya>-ia	1580 CF Index:1	vi. hacerse o quedarse chicloso (el piloncillo, que toma consistencia chiclosa al solidificar)
A	whole-entry older exact	v94-diccionario-global-snp:025978	tsomiya	tzomiya	tzomia	-iya>-ia,current:-iya>-ia	1571 Molina 2:2 | 17?? Bnf_362:1	vi. sonarse la nariz
A	whole-entry older exact	v94-diccionario-global-snp:026036	tsonkaltiya	tzoncaltiya	tzoncaltia	current:-tiya>-tia+-iya>-ia	1571 Molina 2:1	vi. despeinarse, quedar despeinado
A	whole-entry older exact	v94-diccionario-global-snp:026095	tsonti	tzonti	tzontli	current:insert l after t	1765 Cortés y Zedeño:3 | 153? Trilingüe:2 | 1571 Molina 1:2 | 1580 CF Index:2 | 1780 ? Bnf_361:2	cabello, pelo, cabellos (de la cabeza de un ser humano, sólo admite posesión enajenable). manojo. pubis. cuatrocientos (numeral). crin, crines (solamente del cuello del caballo, mula, macho o burro)
A	whole-entry older exact	v94-diccionario-global-snp:026148	tsotaktik	tzotactic	tzotlactic	current:insert l after t	1580 CF Index:1	sucio
A	whole-entry older exact	v94-diccionario-global-snp:026209	tsoyotiya	tzoyotiya	tzoyotia	-tiya>-tia,-iya>-ia,current:-tiya>-tia+-iya>-ia	1571 Molina 1:2 | 1571 Molina 2:2 | 1547 Olmos_V ?:1 | 1611 Arenas:1 | 1780 ? Bnf_361:1	vi. debilitarse (p.e. una planta, un animal, etc.)
A	whole-entry older exact	v94-diccionario-global-snp:026244	uakkatatasi	huaccatlataci	huaccatlatlaci	current:insert l after t	1580 CF Index:1	vi. toser secamente (particularmente por padecer de tuberculosis). tener tuberculosis
A	whole-entry older exact	v94-diccionario-global-snp:026497	uaujti	huauhti	huauhtli	current:insert l after t	1580 CF Index:2 | 1565 Sahagún Escolios:1 | 1571 Molina 1:1 | 1571 Molina 2:1 | 1579 Durán:1	amaranto. animal nocturno parecido al zopilote
A	whole-entry older exact	v94-diccionario-global-snp:026532	ueiti	hueyiti	hueiti	initial u>hu	1580 CF Index:1	vi. infectarse (p.e. una herida). complicarse (p.e. un conflicto)
A	whole-entry older exact	v94-diccionario-global-snp:026537	ueiya	hueyiya	hueiya	initial u>hu	1580 CF Index:2 | 1645 Carochi:1	vi. crecer (p.e. una planta, un ser vivo). crecer (un río). hacerse grande. ser grande
A	whole-entry older exact	v94-diccionario-global-snp:026574	uejkatachiya	huecatlachiya	huecatlachia	current:-iya>-ia	153? Trilingüe:2 | 1571 Molina 1:1 | 1780 ? Bnf_361:1	vi. tener una visión a lo lejos, tener una visión amplia
A	whole-entry older exact	v94-diccionario-global-snp:026761	uelitiya	huelitiya	huelitia	-tiya>-tia,-iya>-ia,current:-tiya>-tia+-iya>-ia	1765 Cortés y Zedeño:3 | 1571 Molina 2:1	vi. (aprender?). (contestar?)
A	whole-entry older exact	v94-diccionario-global-snp:026765	ueliya	hueliya	huelia	-iya>-ia,current:-iya>-ia	1580 CF Index:1	vi. aprender, comprender, entender. él podía (vbo. poder, pretérito imperfecto 3ª per. sing.)
A	whole-entry older exact	v94-diccionario-global-snp:026777	ueltajtoua	hueltatoa	huellatoa	current:insert l after t+ltl>ll	1580 CF Index:2 | 1571 Molina 2:1	vi. poder hablar
A	whole-entry older exact	v94-diccionario-global-snp:026784	uenti	huenti	huentli	current:insert l after t	1571 Molina 1:3 | 153? Trilingüe:2 | 1580 CF Index:2 | 1765 Cortés y Zedeño:2 | 1547 Olmos_V ?:1	ofrenda, sacrificio, presente que se da
A	whole-entry older exact	v94-diccionario-global-snp:026788	uesuati	huezhuati	huezhuatli	current:insert l after t	1571 Molina 1:1 | 1571 Molina 2:1 | 1645 Carochi:1 | 1780 ? Bnf_361:1	cuñada de la mujer
A	whole-entry older exact	v94-diccionario-global-snp:026795	uetsitiya	huetzitiya	huetzitia	current:-tiya>-tia+-iya>-ia	1571 Molina 1:2 | 1571 Molina 2:1 | 1780 ? Bnf_361:1	vi. caer
A	whole-entry older exact	v94-diccionario-global-snp:026875	uexotakot	huexotacotl	huexotlacotl	current:insert l after t	1571 Molina 1:1 | 1571 Molina 2:1 | 1780 ? Bnf_361:1	mimbre, vara
A	whole-entry older exact	v94-diccionario-global-snp:026887	ueyakiya	hueyaquiya	hueyaquia	current:-iya>-ia	1580 CF Index:2	vi. alargarse (p.e. una liga al estirarse). (crecer, p.e. el cabello?). (crecer hasta hacerse de gran tamaño, hacerse de gran tamaño?)
A	whole-entry older exact	v94-diccionario-global-snp:027371	uitsti	huitzti	huitztli	current:insert l after t	1565 Sahagún Escolios:2 | 1580 CF Index:2 | 1571 Molina 1:1 | 1571 Molina 2:1 | 1580 Sahagún/Máynez:1	espina (p.e. las que producen plantas como los cítricos u otras). fruto conocido como chayote o espinoso (sechium edule), planta de la familia cucurbitaceae cuyas hojas tiernas y frutos son comestibles. espino (arbusto). un tipo de fruto denominado espinoso (sechium edule). erizo. espinoso (adj.)
A	whole-entry older exact	v94-diccionario-global-snp:027722	xikalpechti	xicalpechti	xicalpechtli	current:insert l after t	1580 CF Index:1 | 17?? Bnf_362:1	batea
A	whole-entry older exact	v94-diccionario-global-snp:027766	xikti	xicti	xictli	current:insert l after t	1571 Molina 1:2 | 153? Trilingüe:1 | 1571 Molina 2:1 | 1580 CF Index:1 | 1611 Arenas:1	ombligo (siempre poseído). lo que queda de la flor en el fruto (p.e. en la naranja). cordón umbilical
A	whole-entry older exact	v94-diccionario-global-snp:027828	xiotiya	xiotiya	xiotia	-tiya>-tia,-iya>-ia,current:-tiya>-tia+-iya>-ia	1571 Molina 2:2 | 17?? Bnf_362:1	vi. hacer figuras o lisos en la tela con el telar indígena
A	whole-entry older exact	v94-diccionario-global-snp:027839	xipinti	xipinti	xipintli	insert l after t,current:insert l after t	153? Trilingüe:1 | 1571 Molina 1:1 | 1571 Molina 2:1 | 1580 CF Index:1 | 1780 ? Bnf_361:1	glande del pene
A	whole-entry older exact	v94-diccionario-global-snp:027934	xiujtatiya	xiuhtatia	xiuhtlatia	current:insert l after t	1571 Molina 1:6 | 1547 Olmos_V ?:2 | 1571 Molina 2:2 | 1780 ? Bnf_361:2 | 1759 Paredes:1	vt. dar calor, hacer sentir calor a alguien (p.e. ropa gruesa, el sol fuerte). vr. acalorarse
A	whole-entry older exact	v94-diccionario-global-snp:027963	xiujtiya	xiuhtiya	xiuhtia	-tiya>-tia,-iya>-ia,current:-tiya>-tia+-iya>-ia	1551-95 Documentos nahuas de la Ciudad de México:2 | 1645 Carochi:1	vi. cumplir años. celebrar el cumpleaños o el aniversario. cumplir su primer año (un bebé)
A	whole-entry older exact	v94-diccionario-global-snp:027998	xixti	xixti	xixtli	insert l after t,current:insert l after t	1571 Molina 1:2 | 1580 CF Index:2 | 1571 Molina 2:1 | 17?? Bnf_362:1 | 1780 ? Bnf_361:1	pis, orines
A	whole-entry older exact	v94-diccionario-global-snp:028152	xokokototsauilisti	xococototzahuilizti	xococototzahuiliztli	current:insert l after t	1571 Molina 1:1 | 1571 Molina 2:1 | 1780 ? Bnf_361:1	gota en los pies, enfermedad de la gota o exceso de ácido úrico en los pies
A	whole-entry older exact	v94-diccionario-global-snp:028233	xokti	xocti	xoctli	current:insert l after t	153? Trilingüe:2 | 1571 Molina 1:1 | 1571 Molina 2:1 | 1580 CF Index:1 | 17?? Bnf_362:1	caracol. babosillo
A	whole-entry older exact	v94-diccionario-global-snp:028295	xomati	xomati	xomatli	insert l after t,current:insert l after t	1571 Molina 2:2 | 1571 Molina 1:1 | 1580 CF Index:1 | 1611 Arenas:1 | 1780 ? Bnf_361:1	cuchara de barro
A	whole-entry older exact	v94-diccionario-global-snp:028360	xotatok	xotatoc	xotlatoc	current:insert l after t	1580 CF Index:1	ardiendo, encendido
A	whole-entry older exact	v94-diccionario-global-snp:028394	xoxotani	xoxotani	xoxotlani	insert l after t,current:insert l after t	1580 CF Index:1	luciérnaga
A	whole-entry older exact	v94-diccionario-global-snp:028399	xoxouiya	xoxohuiya	xoxohuia	-iya>-ia,-uiya>-huia,current:-iya>-ia	1571 Molina 1:6 | 1780 ? Bnf_361:6 | 1571 Molina 2:2 | 1580 CF Index:2 | 153? Trilingüe:1	vi. salirle a alguien un cardenal, hematoma o moretón en una parte del cuerpo por efecto de n golpe (moretearse una parte del cuerpo en México). ponerse amoratada la piel. enverdecer, reverdecer (p.e. la milpa se va poniendo verde a media que va creciendo el maíz)
A	whole-entry older exact	v94-diccionario-global-snp:028496	yauitakat	yahuitlacatl	yahuitacatl	-kat>-catl	1580 CF Index:1	hombre de piel morena (lit. hombre morado)
A	whole-entry older exact	v94-diccionario-global-snp:028519	yejon	yeon	yehon	j>h	1565 Sahagún Escolios:1 | 1580 CF Index:1	esos
A	whole-entry older exact	v94-diccionario-global-snp:029931	youa	yoa	yohua	V-u-V>V-hu-V	1580 CF Index:4 | 1571 Molina 1:2 | 1571 Molina 2:2 | 1565 Sahagún Escolios:1 | 1645 Carochi:1	anochecer. todos (adv.)
A	whole-entry older exact	v94-diccionario-global-snp:029993	yoyomokti	yoyomocti	yoyomoctli	current:insert l after t	1580 CF Index:2 | 1571 Molina 2:1	riñón
B	token family older-backed	v94-diccionario-global-snp:000007	a ver katin!	a ver catin!	a ver catlin!	catin>catlin (catin-family)	older catl* family: catli, catlie, catlehuatl	¡a ver!, ¡vamos a ver! (lit. ¡a ver cuál!)
B	token family older-backed	v94-diccionario-global-snp:003991	ika katin	ica catin	ica catlin	catin>catlin (catin-family)	older catl* family: catli, catlie, catlehuatl	con qué
B	token family older-backed	v94-diccionario-global-snp:006699	katin yejkej?	catin yeque?	catlin yeque?	catin>catlin (catin-family)	older catl* family: catli, catlie, catlehuatl	¿cuáles son?
B	token family older-backed	v94-diccionario-global-snp:006702	katini	catini	catlin	catini>catlin (catin-family)	older catl* family: catli, catlie, catlehuatl	cuál, cuáles. qué
B	token family older-backed	v94-diccionario-global-snp:006703	katini?	catini?	catlin?	catini>catlin (catin-family)	older catl* family: catli, catlie, catlehuatl	¿cuál?, ¿cuáles?
C	token older exact	v94-diccionario-global-snp:000023	achi ijistak	achi iiztac	achi iiztlac	iiztac>iiztlac (insert l after t)	iiztlac: 1580 CF Index:1	blanquecino
C	token older exact	v94-diccionario-global-snp:000634	akin peualtij	aquin pehualti	aquin pehualli	pehualti>pehualli (insert l after t+ltl>ll)	pehualli: 1571 Molina 1:1 | 1571 Molina 2:1 | 1780 ? Bnf_361:1	fundador (lit. quien fundó, p.e. una ciudad)
C	token older exact	v94-diccionario-global-snp:000656	akin tatani	aquin tlatani	aquin tlatlani	tlatani>tlatlani (insert l after t)	tlatlani: 1780 ? Bnf_361:4 | 1580 CF Index:3 | 1571 Molina 1:2 | 1611 Arenas:2 | 1645 Carochi:2	victorioso (lit. quien vence)
C	token older exact	v94-diccionario-global-snp:001015	amo akin tatani nión akin tapoloua	amo aquin tlatani nión aquin tlapoloa	amo aquin tlatlani nión aquin tlapoloa	tlatani>tlatlani (insert l after t)	tlatlani: 1780 ? Bnf_361:4 | 1580 CF Index:3 | 1571 Molina 1:2 | 1611 Arenas:2 | 1645 Carochi:2	vi. quedar empatados (p.e. en un partido de fútbol, lit. nadie gana ni nadie pierde)
C	token older exact	v94-diccionario-global-snp:001063	amo kuali ikuit!	amo cualli icuit!	amo cualli icuitl!	icuit>icuitl (-it>-itl,-t>-tl)	icuitl: 1571 Molina 1:2 | 1571 Molina 2:2 | 1580 CF Index:2	¡mierda del diablo! (exclamación de ira o fastidio)
C	token older exact	v94-diccionario-global-snp:001082	amo kualtiya	amo cualtiya	amo cualtia	cualtiya>cualtia (-tiya>-tia,-iya>-ia)	cualtia: 1547 Olmos_G:3 | 1645 Carochi:2 | 1759 Paredes:2 | 1780 Clavijero:2 | 1551-95 Documentos nahuas de la Ciudad de México:1	vi. valerle a uno de poco (lit. no sirve) (futuro amo kualtiyas)
C	token older exact	v94-diccionario-global-snp:001181	amo tapaleuiya	amo tlapalehuiya	amo tlapalehuia	tlapalehuiya>tlapalehuia (-iya>-ia)	tlapalehuia: 1580 CF Index:2 | 1571 Molina 2:1	vi. ser una desventaja (lit. no ayudar). ser inútil (p.e. una actitud)
C	token older exact	v94-diccionario-global-snp:001189	amo teikneliya	amo teicneliya	amo teicnelia	teicneliya>teicnelia (-iya>-ia)	teicnelia: 153? Trilingüe:1 | 1580 CF Index:1	vi. ser cruel, ser despiadado (lit. no tener compasión de la gente)
C	token older exact	v94-diccionario-global-snp:001211	amo teyi kualtiya	amo teyi cualtiya	amo teyi cualtia	cualtiya>cualtia (-tiya>-tia,-iya>-ia)	cualtia: 1547 Olmos_G:3 | 1645 Carochi:2 | 1759 Paredes:2 | 1780 Clavijero:2 | 1551-95 Documentos nahuas de la Ciudad de México:1	vi. no servir para nada
C	token older exact	v94-diccionario-global-snp:001214	amo teyi tanankiliya	amo teyi tlananquiliya	amo teyi tlananquilia	tlananquiliya>tlananquilia (-iya>-ia)	tlananquilia: 1551-95 Documentos nahuas de la Ciudad de México:2 | 1580 CF Index:2	vi. callar (lit. nada responder)
C	token older exact	v94-diccionario-global-snp:001216	amo teyika kualtiya	amo teyica cualtiya	amo teyica cualtia	cualtiya>cualtia (-tiya>-tia,-iya>-ia)	cualtia: 1547 Olmos_G:3 | 1645 Carochi:2 | 1759 Paredes:2 | 1780 Clavijero:2 | 1551-95 Documentos nahuas de la Ciudad de México:1	vi. no importar nada
C	token older exact	v94-diccionario-global-snp:001235	amo ueli ok	amo ueli oc	amo hueli oc	ueli>hueli (initial u>hu,original:initial u>hu)	hueli: 1780 ? Bnf_361:5 | 1571 Molina 1:4 | 1645 Carochi:4 | 17?? Bnf_362bis:4 | 1571 Molina 2:2	vi. ser imposible (realizar una acción, lit. no puede ya…)
C	token older exact	v94-diccionario-global-snp:001239	amo ueltajtoua	amo hueltatoa	amo huellatoa	hueltatoa>huellatoa (insert l after t+ltl>ll)	huellatoa: 1580 CF Index:2 | 1571 Molina 2:1	mudo (lit. no puede hablar)
C	token older exact	v94-diccionario-global-snp:001498	ata kemaj?	ata quema?	atla quema?	ata>atla (insert l after t,original:insert l after t)	atla: 153? Trilingüe:1 | 1571 Molina 2:1 | 1580 CF Index:1 | 1645 Carochi:1	¿verdad que sí?
C	token older exact	v94-diccionario-global-snp:001500	ata?	ata?	atla?	ata>atla (insert l after t,original:insert l after t)	atla: 153? Trilingüe:1 | 1571 Molina 2:1 | 1580 CF Index:1 | 1645 Carochi:1	¿verdad que? (colocado con un adverbio o verbo para pedir confirmación en una pregunta)
C	token older exact	v94-diccionario-global-snp:002334	chikauak metsti	chicahuac metzti	chicahuac metztli	metzti>metztli (insert l after t)	metztli: 1571 Molina 1:43 | 1571 Molina 2:25 | 1780 ? Bnf_361:15 | 153? Trilingüe:11 | 1765 Cortés y Zedeño:7	luna menguante, luna llena (lit. luna recia)
C	token older exact	v94-diccionario-global-snp:002352	chikauaya metsti	chicahuaya metzti	chicahuaya metztli	metzti>metztli (insert l after t)	metztli: 1571 Molina 1:43 | 1571 Molina 2:25 | 1780 ? Bnf_361:15 | 153? Trilingüe:11 | 1765 Cortés y Zedeño:7	vi. hacerse la luna llena, haber luna llena, estar la luna llena
C	token older exact	v94-diccionario-global-snp:002443	chiknauipoual uan majtak	chicnahuipohualli huan matac	chicnahuipohualli huan matlac	matac>matlac (insert l after t)	matlac: 1571 Molina 2:10 | 17?? Bnf_362bis:2 | 153? Trilingüe:1 | 1551-95 Documentos nahuas de la Ciudad de México:1 | 1580 CF Index:1	ciento noventa
C	token older exact	v94-diccionario-global-snp:002477	chikome poual uan majtak	chicome pohualli huan matac	chicome pohualli huan matlac	matac>matlac (insert l after t)	matlac: 1571 Molina 2:10 | 17?? Bnf_362bis:2 | 153? Trilingüe:1 | 1551-95 Documentos nahuas de la Ciudad de México:1 | 1580 CF Index:1	ciento cincuenta
C	token older exact	v94-diccionario-global-snp:002487	chikomepoual uan majtak	chicomepohualli huan matac	chicomepohualli huan matlac	matac>matlac (insert l after t)	matlac: 1571 Molina 2:10 | 17?? Bnf_362bis:2 | 153? Trilingüe:1 | 1551-95 Documentos nahuas de la Ciudad de México:1 | 1580 CF Index:1	ciento cincuenta
C	token older exact	v94-diccionario-global-snp:002530	chikuasenpoual uan majtak	chicuacenpohualli huan matac	chicuacenpohualli huan matlac	matac>matlac (insert l after t)	matlac: 1571 Molina 2:10 | 17?? Bnf_362bis:2 | 153? Trilingüe:1 | 1551-95 Documentos nahuas de la Ciudad de México:1 | 1580 CF Index:1	ciento treinta y cinco
C	token older exact	v94-diccionario-global-snp:002549	chikueyipoual uan majtak	chicueyipohualli huan matac	chicueyipohualli huan matlac	matac>matlac (insert l after t)	matlac: 1571 Molina 2:10 | 17?? Bnf_362bis:2 | 153? Trilingüe:1 | 1551-95 Documentos nahuas de la Ciudad de México:1 | 1580 CF Index:1	ciento setenta
C	token older exact	v94-diccionario-global-snp:003318	eyi tonalika majtakti metsti	eyi tonalica matacti metzti	eyi tonalica matacti metztli	metzti>metztli (insert l after t)	metztli: 1571 Molina 1:43 | 1571 Molina 2:25 | 1780 ? Bnf_361:15 | 153? Trilingüe:11 | 1765 Cortés y Zedeño:7	el día 3 de octubre
C	token older exact	v94-diccionario-global-snp:003325	eyipan metsti	eyipan metzti	eyipan metztli	metzti>metztli (insert l after t)	metztli: 1571 Molina 1:43 | 1571 Molina 2:25 | 1780 ? Bnf_361:15 | 153? Trilingüe:11 | 1765 Cortés y Zedeño:7	marzo (lit. tercer mes)
C	token older exact	v94-diccionario-global-snp:003337	eyipoual uan majtak	eyipohualli huan matac	eyipohualli huan matlac	matac>matlac (insert l after t)	matlac: 1571 Molina 2:10 | 17?? Bnf_362bis:2 | 153? Trilingüe:1 | 1551-95 Documentos nahuas de la Ciudad de México:1 | 1580 CF Index:1	setenta
C	token older exact	v94-diccionario-global-snp:003395	hasta mosta!	Hazta mozta!	Hazta moztla!	mozta>moztla (insert l after t)	moztla: 1629 Alarcón:6 | 17?? Bnf_362bis:3 | 153? Trilingüe:2 | 1571 Molina 2:2 | 1580 CF Index:2	¡adiós! (despedida común, lit. hasta mañana)
C	token older exact	v94-diccionario-global-snp:003839	ijtakoua taltikpak	itacoa tlalticpac	itlacoa tlalticpac	itacoa>itlacoa (insert l after t)	itlacoa: 153? Trilingüe:6 | 1571 Molina 1:5 | 1571 Molina 2:4 | 1611 Arenas:4 | 1765 Cortés y Zedeño:4	vr. haber problemas medioa ambientales
C	token older exact	v94-diccionario-global-snp:003997	ika mauiltiya	ica mahuiltiya	ica mahuiltia	mahuiltiya>mahuiltia (-tiya>-tia,-iya>-ia)	mahuiltia: 1580 CF Index:3 | 1765 Cortés y Zedeño:3	vi. abusar de (p.e. sexualmente, lit. abusar de él). aprovecharse (de alguien)
C	token older exact	v94-diccionario-global-snp:004019	ika patachtik	ica patachtic	ica patlachtic	patachtic>patlachtic (insert l after t)	patlachtic: 1551-95 Documentos nahuas de la Ciudad de México:1 | 1571 Molina 1:1 | 1571 Molina 2:1 | 1580 CF Index:1 | 1780 ? Bnf_361:1	de ancho
C	token older exact	v94-diccionario-global-snp:004350	imájtakti metsti in xiuit	imátacti metzti in xihuitl	imátacti metztli in xihuitl	metzti>metztli (insert l after t)	metztli: 1571 Molina 1:43 | 1571 Molina 2:25 | 1780 ? Bnf_361:15 | 153? Trilingüe:11 | 1765 Cortés y Zedeño:7	octubre (lit. su diez mes delaño)
C	token older exact	v94-diccionario-global-snp:004615	ipilkonetsin akin kitamaka ok	ipilconetzin aquin quitamaca oc	ipilconetzin aquin quitlamaca oc	quitamaca>quitlamaca (insert l after t)	quitlamaca: 1580 CF Index:2	su hijo de pecho, su niño de pecho (lit. su hijito a quien alimenta ya)
C	token older exact	v94-diccionario-global-snp:004883	itamachiuj naui tsonti	itlamachiuh nahui tzonti	itlamachiuh nahui tzontli	tzonti>tzontli (insert l after t)	tzontli: 1571 Molina 1:4 | 1571 Molina 2:3 | 1765 Cortés y Zedeño:3 | 153? Trilingüe:2 | 1580 CF Index:2	sus cuatro kilómetros
C	token older exact	v94-diccionario-global-snp:004957	itech majtak telpochmej chiknaui	itech matac telpochme chicnahui	itech matlac telpochme chicnahui	matac>matlac (insert l after t)	matlac: 1571 Molina 2:10 | 17?? Bnf_362bis:2 | 153? Trilingüe:1 | 1551-95 Documentos nahuas de la Ciudad de México:1 | 1580 CF Index:1	cada diez muchachos nueve…
C	token older exact	v94-diccionario-global-snp:004965	itech tanemiliya	itech tlanemiliya	itech tlanemilia	tlanemiliya>tlanemilia (-iya>-ia)	tlanemilia: 1580 CF Index:2 | 1565 Sahagún Escolios:1 | 1571 Molina 2:1 | 17?? Bnf_362:1 | 1780 Clavijero:1	vi. pensar en
C	token older exact	v94-diccionario-global-snp:005757	ixtaua inmachtil	ixtahua inmachtil	ixtlahua inmachtil	ixtahua>ixtlahua (insert l after t)	ixtlahua: 1551-95 Documentos nahuas de la Ciudad de México:8 | 1571 Molina 1:4 | 1611 Arenas:2 | 1759 Paredes:2 | 153? Trilingüe:1	vt. conceder una beca de estudios a alguien (lit. pagar sus estudios)
C	token older exact	v94-diccionario-global-snp:005758	ixtaua panian	ixtahua panian	ixtlahua panian	ixtahua>ixtlahua (insert l after t)	ixtlahua: 1551-95 Documentos nahuas de la Ciudad de México:8 | 1571 Molina 1:4 | 1611 Arenas:2 | 1759 Paredes:2 | 153? Trilingüe:1	sobre la pradera, en la pradera
C	token older exact	v94-diccionario-global-snp:006494	kampa kintamakaj	campa quintamaca	campa quintlamaca	quintamaca>quintlamaca (insert l after t)	quintlamaca: 1580 CF Index:2	comedor (lit. donde les alimentan o donde les dan de comer)
C	token older exact	v94-diccionario-global-snp:006526	kampa okachi kitanij tomin	campa ocachi quitani tomin	campa ocachi quitlani tomin	quitani>quitlani (insert l after t)	quitlani: 1580 CF Index:1	más próspero (p.e. un país, lit. donde más ganan dinero)
C	token older exact	v94-diccionario-global-snp:006964	keman tatayouayan	queman tlatayohuayan	queman tlatlayohuayan	tlatayohuayan>tlatlayohuayan (insert l after t)	tlatlayohuayan: 1580 CF Index:1	cuando es de noche (p.e. todas las horas en las que no hay luz solar)
C	token older exact	v94-diccionario-global-snp:007276	kixtiya in tajtakol	quixtia in tlatacolli	quixtia in tlatlacolli	tlatacolli>tlatlacolli (insert l after t)	tlatlacolli: 1759 Paredes:12 | 1571 Molina 1:11 | 153? Trilingüe:9 | 1780 ? Bnf_361:9 | 1765 Cortés y Zedeño:3	vt. perdonar los pecados a alguien. quitarle el pecado a alguien (dios)
C	token older exact	v94-diccionario-global-snp:007338	kochti	cochti	cochtli	cochti>cochtli (insert l after t)	cochtli: 153? Trilingüe:1 | 1571 Molina 1:1	hondura. bache. hueco
C	token older exact	v94-diccionario-global-snp:007715	koujtaj chamakij	cuauhta chamaqui	cuauhtla chamaqui	cuauhta>cuauhtla (insert l after t)	cuauhtla: 1571 Molina 1:14 | 1765 Cortés y Zedeño:9 | 153? Trilingüe:7 | 1571 Molina 2:6 | 1645 Carochi:2	planta (heliconia sp.) de la familia heliconiaceae, es una especie silvestre de heliconia que produce flores rojas rosadas que amarradas a palos se usan como adorno en los altares de la iglesa y de las casas. flor de esta especie
C	token older exact	v94-diccionario-global-snp:007716	koujtaj kaual	cuauhta cahualli	cuauhtla cahualli	cuauhta>cuauhtla (insert l after t)	cuauhtla: 1571 Molina 1:14 | 1765 Cortés y Zedeño:9 | 153? Trilingüe:7 | 1571 Molina 2:6 | 1645 Carochi:2	acahual, areas de cultivo abandonadas
C	token older exact	v94-diccionario-global-snp:007717	koujtaj uaxin	cuauhta huaxin	cuauhtla huaxin	cuauhta>cuauhtla (insert l after t)	cuauhtla: 1571 Molina 1:14 | 1765 Cortés y Zedeño:9 | 153? Trilingüe:7 | 1571 Molina 2:6 | 1645 Carochi:2	planta (leucaena diversifolia) de la familia leguminosae, subfamilia mimosoideae, sus frutos son comestibles
C	token older exact	v94-diccionario-global-snp:007718	koujtaj xomet	cuauhta xometl	cuauhtla xometl	cuauhta>cuauhtla (insert l after t)	cuauhtla: 1571 Molina 1:14 | 1765 Cortés y Zedeño:9 | 153? Trilingüe:7 | 1571 Molina 2:6 | 1645 Carochi:2	cierto tipo de saúco silvestre (sambucus sp.), árbol de la familia caprifolliaceae, su madera sirve para leña y para postes, sus hojas no tienen ningún uso medicinal, al contrario que el árbol denominado en mexicano xömët
C	token older exact	v94-diccionario-global-snp:008091	kuali tanemiliya	cualli tlanemiliya	cualli tlanemilia	tlanemiliya>tlanemilia (-iya>-ia)	tlanemilia: 1580 CF Index:2 | 1565 Sahagún Escolios:1 | 1571 Molina 2:1 | 17?? Bnf_362:1 | 1780 Clavijero:1	vi. poseer una inteligencia elevada, ser muy inteligente (lit. pensar o discurrir bien)
C	token older exact	v94-diccionario-global-snp:008160	kualo metsti	cualo metzti	cualo metztli	metzti>metztli (insert l after t)	metztli: 1571 Molina 1:43 | 1571 Molina 2:25 | 1780 ? Bnf_361:15 | 153? Trilingüe:11 | 1765 Cortés y Zedeño:7	vi. haber un eclipse de luna
C	token older exact	v94-diccionario-global-snp:008163	kualoj metsti	cualo metzti	cualo metztli	metzti>metztli (insert l after t)	metztli: 1571 Molina 1:43 | 1571 Molina 2:25 | 1780 ? Bnf_361:15 | 153? Trilingüe:11 | 1765 Cortés y Zedeño:7	eclipse de luna
C	token older exact	v94-diccionario-global-snp:008178	kualtiya (1/2)	cualtiya (1/2)	cualtia (1/2)	cualtiya>cualtia (-tiya>-tia,-iya>-ia)	cualtia: 1547 Olmos_G:3 | 1645 Carochi:2 | 1759 Paredes:2 | 1780 Clavijero:2 | 1551-95 Documentos nahuas de la Ciudad de México:1	vi. usarse. ser bueno para algo, ser bueno para cierto uso. ser útil, servir o valer (para un fin o para cierta actividad). estar bien. hacerse bueno, volverse bueno. estar listo. tener derecho, estar en posesión de un derecho (que le permite realizar cierta acción). poder (realizar algo)
C	token older exact	v94-diccionario-global-snp:008401	kuaujtaj itskuinti	cuauhta itzcuinti	cuauhtla itzcuinti	cuauhta>cuauhtla (insert l after t)	cuauhtla: 1571 Molina 1:14 | 1765 Cortés y Zedeño:9 | 153? Trilingüe:7 | 1571 Molina 2:6 | 1645 Carochi:2	coyote (cánido, lit. perro salvaje)
C	token older exact	v94-diccionario-global-snp:008402	kuaujtaj pio	cuauhta pio	cuauhtla pio	cuauhta>cuauhtla (insert l after t)	cuauhtla: 1571 Molina 1:14 | 1765 Cortés y Zedeño:9 | 153? Trilingüe:7 | 1571 Molina 2:6 | 1645 Carochi:2	paloma
C	token older exact	v94-diccionario-global-snp:008403	kuaujtaj piotsin tanauatijkej	cuauhta piotzin tlanahuatique	cuauhtla piotzin tlanahuatique	cuauhta>cuauhtla (insert l after t)	cuauhtla: 1571 Molina 1:14 | 1765 Cortés y Zedeño:9 | 153? Trilingüe:7 | 1571 Molina 2:6 | 1645 Carochi:2	paloma mensajera
C	token older exact	v94-diccionario-global-snp:008404	kuaujtaj piotsin	cuauhta piotzin	cuauhtla piotzin	cuauhta>cuauhtla (insert l after t)	cuauhtla: 1571 Molina 1:14 | 1765 Cortés y Zedeño:9 | 153? Trilingüe:7 | 1571 Molina 2:6 | 1645 Carochi:2	paloma, palomita
C	token older exact	v94-diccionario-global-snp:008791	kuitaxkol pitsauak	cuitaxcolli pitzahuac	cuitlaxcolli pitzahuac	cuitaxcolli>cuitlaxcolli (insert l after t)	cuitlaxcolli: 1571 Molina 1:3 | 1571 Molina 2:3 | 1580 CF Index:3 | 1765 Cortés y Zedeño:3 | 153? Trilingüe:2	intestino delgado
C	token older exact	v94-diccionario-global-snp:008792	kuitaxkol tomauak	cuitaxcolli tomahuac	cuitlaxcolli tomahuac	cuitaxcolli>cuitlaxcolli (insert l after t)	cuitlaxcolli: 1571 Molina 1:3 | 1571 Molina 2:3 | 1580 CF Index:3 | 1765 Cortés y Zedeño:3 | 153? Trilingüe:2	intesino grueso
C	token older exact	v94-diccionario-global-snp:008921	kuoujtaj okuilin	cuauhta ocuilin	cuauhtla ocuilin	cuauhta>cuauhtla (insert l after t)	cuauhtla: 1571 Molina 1:14 | 1765 Cortés y Zedeño:9 | 153? Trilingüe:7 | 1571 Molina 2:6 | 1645 Carochi:2	animal salvaje. animal de monte
C	token older exact	v94-diccionario-global-snp:008948	kuoujtal tepet tatampa tech in talkuetaxkuapan	cuauhtalli tepetl tlatlampa tech in tlalcuetaxcuapan	cuauhtlalli tepetl tlatlampa tech in tlalcuetaxcuapan	cuauhtalli>cuauhtlalli (insert l after t)	cuauhtlalli: 1551-95 Documentos nahuas de la Ciudad de México:1 | 1580 CF Index:1 | 17?? Bnf_362:1	sierra norte del estado de puebla
C	token older exact	v94-diccionario-global-snp:009172	machtiya kichiuas seki tekit	machtia quichihuaz cequi tequit	machtia quichihuaz cequi tequitl	tequit>tequitl (-it>-itl,-t>-tl)	tequitl: 1765 Cortés y Zedeño:9 | 153? Trilingüe:8 | 1571 Molina 1:8 | 17?? Bnf_362bis:3 | 1571 Molina 2:2	vr. estudiar un curso de formación profesional (lit. estudiar hacer un trabajo o una profesión)
C	token older exact	v94-diccionario-global-snp:009363	májtajti uan ome metsti	mátati huan ome metzti	mátati huan ome metztli	metzti>metztli (insert l after t)	metztli: 1571 Molina 1:43 | 1571 Molina 2:25 | 1780 ? Bnf_361:15 | 153? Trilingüe:11 | 1765 Cortés y Zedeño:7	diciembre (lit. mes doce)
C	token older exact	v94-diccionario-global-snp:009365	majtak youak	matac yohuac	matlac yohuac	matac>matlac (insert l after t)	matlac: 1571 Molina 2:10 | 17?? Bnf_362bis:2 | 153? Trilingüe:1 | 1551-95 Documentos nahuas de la Ciudad de México:1 | 1580 CF Index:1	las diez (horas) de la noche
C	token older exact	v94-diccionario-global-snp:009373	májtakti metsti	mátacti metzti	mátacti metztli	metzti>metztli (insert l after t)	metztli: 1571 Molina 1:43 | 1571 Molina 2:25 | 1780 ? Bnf_361:15 | 153? Trilingüe:11 | 1765 Cortés y Zedeño:7	octubre (lit. mes diez)
C	token older exact	v94-diccionario-global-snp:009380	májtakti uan se metsti	mátacti huan ce metzti	mátacti huan ce metztli	metzti>metztli (insert l after t)	metztli: 1571 Molina 1:43 | 1571 Molina 2:25 | 1780 ? Bnf_361:15 | 153? Trilingüe:11 | 1765 Cortés y Zedeño:7	noviembre
C	token older exact	v94-diccionario-global-snp:009388	majtaktionome metsti	matactionome metzti	matactionome metztli	metzti>metztli (insert l after t)	metztli: 1571 Molina 1:43 | 1571 Molina 2:25 | 1780 ? Bnf_361:15 | 153? Trilingüe:11 | 1765 Cortés y Zedeño:7	diciembre
C	token older exact	v94-diccionario-global-snp:009531	makuil panti tapoual	macuilli panti tlapohualli	macuilli pantli tlapohualli	panti>pantli (insert l after t,original:insert l after t)	pantli: 153? Trilingüe:1	a las cinco (de la madrugada o de la tarde). cinco horas
C	token older exact	v94-diccionario-global-snp:009534	makuil tsonti	macuilli tzonti	macuilli tzontli	tzonti>tzontli (insert l after t)	tzontli: 1571 Molina 1:4 | 1571 Molina 2:3 | 1765 Cortés y Zedeño:3 | 153? Trilingüe:2 | 1580 CF Index:2	dos mil
C	token older exact	v94-diccionario-global-snp:009555	makuilpoual uan majtak tionse	macuilpohualli huan matac tionce	macuilpohualli huan matlac tionce	matac>matlac (insert l after t)	matlac: 1571 Molina 2:10 | 17?? Bnf_362bis:2 | 153? Trilingüe:1 | 1551-95 Documentos nahuas de la Ciudad de México:1 | 1580 CF Index:1	ciento once
C	token older exact	v94-diccionario-global-snp:009556	makuilpoual uan majtak	macuilpohualli huan matac	macuilpohualli huan matlac	matac>matlac (insert l after t)	matlac: 1571 Molina 2:10 | 17?? Bnf_362bis:2 | 153? Trilingüe:1 | 1551-95 Documentos nahuas de la Ciudad de México:1 | 1580 CF Index:1	ciento diez
C	token older exact	v94-diccionario-global-snp:009665	manamik tein ika moteuiyaj	manamic tlein ica motehuia	manamic tlein ica motlehuia	motehuia>motlehuia (insert l after t)	motlehuia: 1580 CF Index:1	proyectil (lit. instrumento con el que combaten)
C	token older exact	v94-diccionario-global-snp:009776	mapapatauak tesuat	mapapatahuac tezoatl	mapapatlahuac tezoatl	mapapatahuac>mapapatlahuac (insert l after t)	mapapatlahuac: 1580 CF Index:1	árbol (miconia trinervia) de la familia melastomataceae, se usa para construir casas
C	token older exact	v94-diccionario-global-snp:009809	mapisiltik matalin	mapiciltic matalin	mapiciltic matlalin	matalin>matlalin (insert l after t,original:insert l after t)	matlalin: 1571 Molina 1:1 | 1571 Molina 2:1 | 1580 CF Index:1 | 1780 ? Bnf_361:1	nombre genérico para varias especies de commelina, plantas de la familia commelinnaceae, todas tienen las flores azules, son maleza, se usan como forraje verde para los animales y algunos lo dejan crecer en los cafetales para retener la humedad
C	token older exact	v94-diccionario-global-snp:009982	matalin azul	matalin azulli	matlalin azulli	matalin>matlalin (insert l after t,original:insert l after t)	matlalin: 1571 Molina 1:1 | 1571 Molina 2:1 | 1580 CF Index:1 | 1780 ? Bnf_361:1	nombre genérico para varias especies de plantas de la familia commelinnaceae, todas son malezas de flor azúl, difieren en el número de pétalos y en el color del tallo, se usan como forraje verde para los animales y algunos lo dejan crecer en los cafetales para retener la humedad
C	token older exact	v94-diccionario-global-snp:009983	matalin istak	matalin iztac	matlalin iztac	matalin>matlalin (insert l after t,original:insert l after t)	matlalin: 1571 Molina 1:1 | 1571 Molina 2:1 | 1580 CF Index:1 | 1780 ? Bnf_361:1	nombre genérico para varias especies de plantas de la familia commelinnaceae, todas tienen las flores blancas, son maleza, se usan como forraje verde para los animales y algunos lo dejan crecer en los cafetales para retener la humedad
C	token older exact	v94-diccionario-global-snp:009984	matalin moradoj	matalin morado	matlalin morado	matalin>matlalin (insert l after t,original:insert l after t)	matlalin: 1571 Molina 1:1 | 1571 Molina 2:1 | 1580 CF Index:1 | 1780 ? Bnf_361:1	nombre específico para una especie de la familia commelinnaceae, en algunas zonas son malezas, en otras son cultivadas como plantas de jardín, tiene hojas moradas matizadas con verde y blanco, sus flores son moradas de tres pétalos, se usa para tratar la disentería
C	token older exact	v94-diccionario-global-snp:010359	mayouiya se konet	mayahuiya ce conetl	mayahuia ce conetl	mayahuiya>mayahuia (-iya>-ia)	mayahuia: 1765 Cortés y Zedeño:6 | 17?? Bnf_362:2	vi. abortar un niño
C	token older exact	v94-diccionario-global-snp:010755	metsti chikauak	metzti chicahuac	metztli chicahuac	metzti>metztli (insert l after t)	metztli: 1571 Molina 1:43 | 1571 Molina 2:25 | 1780 ? Bnf_361:15 | 153? Trilingüe:11 | 1765 Cortés y Zedeño:7	luna llena
C	token older exact	v94-diccionario-global-snp:010756	metsti mixpoliujtok	metzti mixpoliuhtoc	metztli mixpoliuhtoc	metzti>metztli (insert l after t)	metztli: 1571 Molina 1:43 | 1571 Molina 2:25 | 1780 ? Bnf_361:15 | 153? Trilingüe:11 | 1765 Cortés y Zedeño:7	luna escondida
C	token older exact	v94-diccionario-global-snp:010757	metsti tetsauit	metzti tetzahuitl	metztli tetzahuitl	metzti>metztli (insert l after t)	metztli: 1571 Molina 1:43 | 1571 Molina 2:25 | 1780 ? Bnf_361:15 | 153? Trilingüe:11 | 1765 Cortés y Zedeño:7	supersticción o creencia del eclipse
C	token older exact	v94-diccionario-global-snp:010758	metsti yankuik	metzti yancuic	metztli yancuic	metzti>metztli (insert l after t)	metztli: 1571 Molina 1:43 | 1571 Molina 2:25 | 1780 ? Bnf_361:15 | 153? Trilingüe:11 | 1765 Cortés y Zedeño:7	luna nueva
C	token older exact	v94-diccionario-global-snp:010766	metstitika	metztitica	metztlitica	metztitica>metztlitica (insert l after t)	metztlitica: 17?? Bnf_362:1	vi. hinchársele el pie o pata (a un ser vivo)
C	token older exact	v94-diccionario-global-snp:010948	mijkuaniya	micuaniya	micuania	micuaniya>micuania (-iya>-ia)	micuania: 153? Trilingüe:2	vi. irse fuera. moverse de un sitio. desplazarse de un sitio. quitarse de un sitio. apartarse
C	token older exact	v94-diccionario-global-snp:011202	mixti uitsitalpan	mixti huitzitlalpan	mixtli huitzitlalpan	mixti>mixtli (insert l after t,original:insert l after t)	mixtli: 1571 Molina 1:5 | 1571 Molina 2:3 | 1580 CF Index:2 | 153? Trilingüe:1 | 1547 Olmos_G:1	neblina
C	token older exact	v94-diccionario-global-snp:011410	mosta mosta	mozta moztla	moztla moztla	mozta>moztla (insert l after t)	moztla: 1629 Alarcón:6 | 17?? Bnf_362bis:3 | 153? Trilingüe:2 | 1571 Molina 2:2 | 1580 CF Index:2	cada día. todos los días, diariamente. día a día, de día en día
C	token older exact	v94-diccionario-global-snp:011411	mosta ok	mozta oc	moztla oc	mozta>moztla (insert l after t)	moztla: 1629 Alarcón:6 | 17?? Bnf_362bis:3 | 153? Trilingüe:2 | 1571 Molina 2:2 | 1580 CF Index:2	hasta mañana (lit. mañana todavía)
C	token older exact	v94-diccionario-global-snp:011412	mosta uikta	mozta huictla	moztla huictla	mozta>moztla (insert l after t)	moztla: 1629 Alarcón:6 | 17?? Bnf_362bis:3 | 153? Trilingüe:2 | 1571 Molina 2:2 | 1580 CF Index:2	pasado mañana
C	token older exact	v94-diccionario-global-snp:011415	mostaj de okiepa	mozta de oquiepa	moztla de oquiepa	mozta>moztla (insert l after t)	moztla: 1629 Alarcón:6 | 17?? Bnf_362bis:3 | 153? Trilingüe:2 | 1571 Molina 2:2 | 1580 CF Index:2	(por la mañana temprano, por la mañana al amanecer)
C	token older exact	v94-diccionario-global-snp:011416	mostaj mostaj	mozta moztla	moztla moztla	mozta>moztla (insert l after t)	moztla: 1629 Alarcón:6 | 17?? Bnf_362bis:3 | 153? Trilingüe:2 | 1571 Molina 2:2 | 1580 CF Index:2	diariamente
C	token older exact	v94-diccionario-global-snp:011434	motalolis de ne tatanilis	motaloliztli de ne tlataniliztli	motlaloliztli de ne tlatlaniliztli	motaloliztli>motlaloliztli (insert l after t); tlataniliztli>tlatlaniliztli (insert l after t)	motlaloliztli: 1765 Cortés y Zedeño:1 | tlatlaniliztli: 153? Trilingüe:2 | 1765 Cortés y Zedeño:2	carrera deportiva, carrera como competición deportiva
C	token older exact	v94-diccionario-global-snp:011869	naltiya	naltiya	naltia	naltiya>naltia (-tiya>-tia,-iya>-ia,original:-tiya>-tia+-iya>-ia)	naltia: 1571 Molina 1:1	vi. ponersele la voz grave (por la edad, especialmnete los niños al llegar a la pubertad). ponérsele la voz grave, afónica o ronca (por enfriamiento o tos)
C	token older exact	v94-diccionario-global-snp:012053	naui tsonti uan kaxtol poual	nahui tzonti huan caxtolli pohualli	nahui tzontli huan caxtolli pohualli	tzonti>tzontli (insert l after t)	tzontli: 1571 Molina 1:4 | 1571 Molina 2:3 | 1765 Cortés y Zedeño:3 | 153? Trilingüe:2 | 1580 CF Index:2	mil novecientos
C	token older exact	v94-diccionario-global-snp:012054	naui tsonti uan kaxtolonaui poual kaxtolonaui	nahui tzonti huan caxtolonahui pohualli caxtolonahui	nahui tzontli huan caxtolonahui pohualli caxtolonahui	tzonti>tzontli (insert l after t)	tzontli: 1571 Molina 1:4 | 1571 Molina 2:3 | 1765 Cortés y Zedeño:3 | 153? Trilingüe:2 | 1580 CF Index:2	mil novecientos noventa y nueve
C	token older exact	v94-diccionario-global-snp:012072	nauipoual uan majtak	nahuipohualli huan matac	nahuipohualli huan matlac	matac>matlac (insert l after t)	matlac: 1571 Molina 2:10 | 17?? Bnf_362bis:2 | 153? Trilingüe:1 | 1551-95 Documentos nahuas de la Ciudad de México:1 | 1580 CF Index:1	noventa
C	token older exact	v94-diccionario-global-snp:012246	nejnentok mixti	nenentoc mixti	nenentoc mixtli	mixti>mixtli (insert l after t,original:insert l after t)	mixtli: 1571 Molina 1:5 | 1571 Molina 2:3 | 1580 CF Index:2 | 153? Trilingüe:1 | 1547 Olmos_G:1	nubes que se mueven
C	token older exact	v94-diccionario-global-snp:012315	nekiltiya!	nequiltiya!	nequiltia!	nequiltiya>nequiltia (-tiya>-tia,-iya>-ia)	nequiltia: 1571 Molina 2:3 | 1780 ? Bnf_361:3 | 153? Trilingüe:2 | 1571 Molina 1:2 | 1765 Cortés y Zedeño:2	fórmula de saludo con respeto
C	token older exact	v94-diccionario-global-snp:012593	nepantajtij!	nepantlati!	nepantlatli!	nepantlati>nepantlatli (insert l after t)	nepantlatli: 1571 Molina 1:1 | 1571 Molina 2:1 | 1780 ? Bnf_361:1	saludo (de las 9 a las 12 horas). saludo inicial femenino. (cierta parte del día, el medio día?, nombre)
C	token older exact	v94-diccionario-global-snp:012705	neteuilis tein mochiuak itech nochi taltikpak	netehuiliztli tlein Mochihuac itech Nochi tlalticpac	netlehuiliztli tlein Mochihuac itech Nochi tlalticpac	netehuiliztli>netlehuiliztli (insert l after t)	netlehuiliztli: 1571 Molina 1:1 | 1571 Molina 2:1 | 1780 ? Bnf_361:1	guerra mundial (lit. guerar que ocurrió en toda la tierra)
C	token older exact	v94-diccionario-global-snp:013372	ojpatika neteuilis itech nochi taltikpak	opatica Netehuiliztli itech Nochi tlalticpac	opatica netlehuiliztli itech Nochi tlalticpac	Netehuiliztli>netlehuiliztli (insert l after t)	netlehuiliztli: 1571 Molina 1:1 | 1571 Molina 2:1 | 1780 ? Bnf_361:1	segunda guerra mundial
C	token older exact	v94-diccionario-global-snp:013399	ojti chijchiujkej	oti chichiuhque	otli chichiuhque	oti>otli (insert l after t)	otli: 1571 Molina 1:15 | 1571 Molina 2:10 | 1780 ? Bnf_361:8 | 1580 CF Index:5 | 153? Trilingüe:4	constructor de carreteras
C	token older exact	v94-diccionario-global-snp:013400	ojti kampa ojtokaj teposmej	oti campa otoca tepozme	otli campa otoca tepozme	oti>otli (insert l after t)	otli: 1571 Molina 1:15 | 1571 Molina 2:10 | 1780 ? Bnf_361:8 | 1580 CF Index:5 | 153? Trilingüe:4	carretera
C	token older exact	v94-diccionario-global-snp:013401	ojti para in tapialmej	oti para in tlapiyalme	otli para in tlapiyalme	oti>otli (insert l after t)	otli: 1571 Molina 1:15 | 1571 Molina 2:10 | 1780 ? Bnf_361:8 | 1580 CF Index:5 | 153? Trilingüe:4	camino de herradura (lit. camino para animales)
C	token older exact	v94-diccionario-global-snp:013402	ojti patauak	oti patahuac	otli patlahuac	oti>otli (insert l after t); patahuac>patlahuac (insert l after t)	otli: 1571 Molina 1:15 | 1571 Molina 2:10 | 1780 ? Bnf_361:8 | 1580 CF Index:5 | 153? Trilingüe:4 | patlahuac: 1551-95 Documentos nahuas de la Ciudad de México:12 | 1780 ? Bnf_361:6 | 1571 Molina 1:5 | 1580 CF Index:3 | 1611 Arenas:3	carretera
C	token older exact	v94-diccionario-global-snp:013534	oksekin tein nemiyaj itech itonaluan	occequin tlein nemiya itech itonalhuan	occequin tlein nemia itech itonalhuan	nemiya>nemia (-iya>-ia)	nemia: 1580 CF Index:2 | 17?? Bnf_362:1	su generación (lit. otros u otras personas que vivían en sus días o en su tiempo)
C	token older exact	v94-diccionario-global-snp:013686	ome panti tapoual	ome panti tlapohualli	ome pantli tlapohualli	panti>pantli (insert l after t,original:insert l after t)	pantli: 153? Trilingüe:1	a las dos (de la madrugada o de la tarde). dos horas
C	token older exact	v94-diccionario-global-snp:013687	ome panti	ome panti	ome pantli	panti>pantli (insert l after t,original:insert l after t)	pantli: 153? Trilingüe:1	dos pares
C	token older exact	v94-diccionario-global-snp:013690	ome taktson uan chiknauipoual majtak	ome tlactzon huan chicnahuipohualli matac	ome tlactzon huan chicnahuipohualli matlac	matac>matlac (insert l after t)	matlac: 1571 Molina 2:10 | 17?? Bnf_362bis:2 | 153? Trilingüe:1 | 1551-95 Documentos nahuas de la Ciudad de México:1 | 1580 CF Index:1	novecientos noventa
C	token older exact	v94-diccionario-global-snp:013719	omepoual uan majtak	omepohualli huan matac	omepohualli huan matlac	matac>matlac (insert l after t)	matlac: 1571 Molina 2:10 | 17?? Bnf_362bis:2 | 153? Trilingüe:1 | 1551-95 Documentos nahuas de la Ciudad de México:1 | 1580 CF Index:1	cincuenta
C	token older exact	v94-diccionario-global-snp:013735	ometika metsti	ometica metzti	ometica metztli	metzti>metztli (insert l after t)	metztli: 1571 Molina 1:43 | 1571 Molina 2:25 | 1780 ? Bnf_361:15 | 153? Trilingüe:11 | 1765 Cortés y Zedeño:7	febrero (lit. segundo mes)
C	token older exact	v94-diccionario-global-snp:014016	pajpata itesyo	papata itezyo	papatla itezyo	papata>papatla (insert l after t)	papatla: 1571 Molina 1:5 | 1765 Cortés y Zedeño:5 | 1571 Molina 2:4 | 1780 ? Bnf_361:4 | 1580 CF Index:1	camote de plátano
C	token older exact	v94-diccionario-global-snp:014289	panoltiliya esti	panoltilia ezti	panoltilia eztli	ezti>eztli (insert l after t)	eztli: 1571 Molina 1:7 | 1571 Molina 2:5 | 1629 Alarcón:4 | 17?? Bnf_362:4 | 1780 ? Bnf_361:3	vr. recibir una transfusión de sangre (lit. transferirse sangre)
C	token older exact	v94-diccionario-global-snp:014389	panti soldados	panti zoldadoz	pantli zoldadoz	panti>pantli (insert l after t,original:insert l after t)	pantli: 153? Trilingüe:1	ejército
C	token older exact	v94-diccionario-global-snp:014390	panti tilmaj	panti tilma	pantli tilma	panti>pantli (insert l after t,original:insert l after t)	pantli: 153? Trilingüe:1	muda de ropa
C	token older exact	v94-diccionario-global-snp:014529	patauak ojti	patahuac oti	patlahuac otli	patahuac>patlahuac (insert l after t); oti>otli (insert l after t)	patlahuac: 1551-95 Documentos nahuas de la Ciudad de México:12 | 1780 ? Bnf_361:6 | 1571 Molina 1:5 | 1580 CF Index:3 | 1611 Arenas:3 | otli: 1571 Molina 1:15 | 1571 Molina 2:10 | 1780 ? Bnf_361:8 | 1580 CF Index:5 | 153? Trilingüe:4	carretera (lit. ancho camino)
C	token older exact	v94-diccionario-global-snp:014537	pati mixti	pati mixti	pati mixtli	mixti>mixtli (insert l after t,original:insert l after t)	mixtli: 1571 Molina 1:5 | 1571 Molina 2:3 | 1580 CF Index:2 | 153? Trilingüe:1 | 1547 Olmos_G:1	vi. deshacerse o levantarse la neblina (cuando se va aclarando)
C	token older exact	v94-diccionario-global-snp:014712	petat gabán	petatl gabán	petlatl gabán	petatl>petlatl (insert l after t)	petlatl: 1547 Olmos_G:3 | 153? Trilingüe:2 | 1571 Molina 1:2 | 1551-95 Documentos nahuas de la Ciudad de México:1 | 1571 Molina 2:1	cotón de petate
C	token older exact	v94-diccionario-global-snp:014730	peua tatotoniya ya	pehua tlatotoniya ya	pehua tlatotonia ya	tlatotoniya>tlatotonia (-iya>-ia)	tlatotonia: 1580 CF Index:2 | 153? Trilingüe:1 | 1547 Olmos_V ?:1 | 1565 Sahagún Escolios:1 | 1571 Molina 1:1	primavera (lit. comienza a hacer calor ya)
C	token older exact	v94-diccionario-global-snp:015061	pitsauak kuitaxkol	pitzahuac cuitaxcolli	pitzahuac cuitlaxcolli	cuitaxcolli>cuitlaxcolli (insert l after t)	cuitlaxcolli: 1571 Molina 1:3 | 1571 Molina 2:3 | 1580 CF Index:3 | 1765 Cortés y Zedeño:3 | 153? Trilingüe:2	intestino delgado
C	token older exact	v94-diccionario-global-snp:015239	poliui metsti	polihui metzti	polihui metztli	metzti>metztli (insert l after t)	metztli: 1571 Molina 1:43 | 1571 Molina 2:25 | 1780 ? Bnf_361:15 | 153? Trilingüe:11 | 1765 Cortés y Zedeño:7	vi. haber luna nueva, estar la luna nueva
C	token older exact	v94-diccionario-global-snp:015688	se metsti agosto, 2012	ce metzti agozto, 2012	ce metztli agozto, 2012	metzti>metztli (insert l after t)	metztli: 1571 Molina 1:43 | 1571 Molina 2:25 | 1780 ? Bnf_361:15 | 153? Trilingüe:11 | 1765 Cortés y Zedeño:7	uno de agosto de 2012
C	token older exact	v94-diccionario-global-snp:015697	se panti	ce panti	ce pantli	panti>pantli (insert l after t,original:insert l after t)	pantli: 153? Trilingüe:1	un par
C	token older exact	v94-diccionario-global-snp:015703	se taktson uan majtakpoual	ce tlactzon huan matacpohualli	ce tlactzon huan matlacpohualli	matacpohualli>matlacpohualli (insert l after t)	matlacpohualli: 1611 Arenas:7 | 153? Trilingüe:5 | 1571 Molina 2:3 | 1551-95 Documentos nahuas de la Ciudad de México:2 | 1571 Molina 1:1	seiscientos
C	token older exact	v94-diccionario-global-snp:015719	se tonaltiya	ce tonaltiya	ce tonaltia	tonaltiya>tonaltia (-tiya>-tia,-iya>-ia,original:-tiya>-tia+-iya>-ia)	tonaltia: 1571 Molina 1:1 | 1629 Alarcón:1 | 1765 Cortés y Zedeño:1 | 1780 ? Bnf_361:1	vi. tardar un día (p.e. para hacer una actividad)
C	token older exact	v94-diccionario-global-snp:015720	se tsonti tatamachiuj ipan in ueyimolonapan	ce tzonti tlatamachiuh ipan in hueyimolonapan	ce tzontli tlatamachiuh ipan in hueyimolonapan	tzonti>tzontli (insert l after t)	tzontli: 1571 Molina 1:4 | 1571 Molina 2:3 | 1765 Cortés y Zedeño:3 | 153? Trilingüe:2 | 1580 CF Index:2	cuatrocientos metros sobre el nivel del mar. (lit. cuatrocientos metros sobre el mar)
C	token older exact	v94-diccionario-global-snp:015721	se tsonti uan makuilpoual	ce tzonti huan macuilpohualli	ce tzontli huan macuilpohualli	tzonti>tzontli (insert l after t)	tzontli: 1571 Molina 1:4 | 1571 Molina 2:3 | 1765 Cortés y Zedeño:3 | 153? Trilingüe:2 | 1580 CF Index:2	quinientos
C	token older exact	v94-diccionario-global-snp:015722	se tsonti	ce tzonti	ce tzontli	tzonti>tzontli (insert l after t)	tzontli: 1571 Molina 1:4 | 1571 Molina 2:3 | 1765 Cortés y Zedeño:3 | 153? Trilingüe:2 | 1580 CF Index:2	cuatrocientos
C	token older exact	v94-diccionario-global-snp:015725	se ueyi panti	ce hueyi panti	ce hueyi pantli	panti>pantli (insert l after t,original:insert l after t)	pantli: 153? Trilingüe:1	una gran parte de. un regimiento (de soldados)
C	token older exact	v94-diccionario-global-snp:015823	selik metsti	celic metzti	celic metztli	metzti>metztli (insert l after t)	metztli: 1571 Molina 1:43 | 1571 Molina 2:25 | 1780 ? Bnf_361:15 | 153? Trilingüe:11 | 1765 Cortés y Zedeño:7	luna nueva. luna creciente, pocos días después de la luna nueva (lit. luna tierna)
C	token older exact	v94-diccionario-global-snp:015879	semi amo teyi kualtiya	cemi amo teyi cualtiya	cemi amo teyi cualtia	cualtiya>cualtia (-tiya>-tia,-iya>-ia)	cualtia: 1547 Olmos_G:3 | 1645 Carochi:2 | 1759 Paredes:2 | 1780 Clavijero:2 | 1551-95 Documentos nahuas de la Ciudad de México:1	vi. valer muy poco (p.e. como persona)
C	token older exact	v94-diccionario-global-snp:015935	sempoual uan majtak	cempohualli huan matac	cempohualli huan matlac	matac>matlac (insert l after t)	matlac: 1571 Molina 2:10 | 17?? Bnf_362bis:2 | 153? Trilingüe:1 | 1551-95 Documentos nahuas de la Ciudad de México:1 | 1580 CF Index:1	treinta
C	token older exact	v94-diccionario-global-snp:016531	sinti tapixkal	cinti tlapixcalli	cintli tlapixcalli	cinti>cintli (insert l after t)	cintli: 1580 CF Index:3 | 153? Trilingüe:1 | 1571 Molina 1:1 | 1571 Molina 2:1 | 1611 Arenas:1	mazorca de maíz
C	token older exact	v94-diccionario-global-snp:017378	tajko metsti agosto	tlaco metzti agozto	tlaco metztli agozto	metzti>metztli (insert l after t)	metztli: 1571 Molina 1:43 | 1571 Molina 2:25 | 1780 ? Bnf_361:15 | 153? Trilingüe:11 | 1765 Cortés y Zedeño:7	15 de agosto (lit. en medio del mes de agosto)
C	token older exact	v94-diccionario-global-snp:017379	tajko metsti	tlaco metzti	tlaco metztli	metzti>metztli (insert l after t)	metztli: 1571 Molina 1:43 | 1571 Molina 2:25 | 1780 ? Bnf_361:15 | 153? Trilingüe:11 | 1765 Cortés y Zedeño:7	luna en cuarto creciente
C	token older exact	v94-diccionario-global-snp:018776	tamachiuj naui tsonti	tlamachiuh nahui tzonti	tlamachiuh nahui tzontli	tzonti>tzontli (insert l after t)	tzontli: 1571 Molina 1:4 | 1571 Molina 2:3 | 1765 Cortés y Zedeño:3 | 153? Trilingüe:2 | 1580 CF Index:2	cuatro kilómetros (lit. medida cuatro mil)
C	token older exact	v94-diccionario-global-snp:018778	tamachiuj tsonti	tlamachiuh tzonti	tlamachiuh tzontli	tzonti>tzontli (insert l after t)	tzontli: 1571 Molina 1:4 | 1571 Molina 2:3 | 1765 Cortés y Zedeño:3 | 153? Trilingüe:2 | 1580 CF Index:2	un kilómetro (lit. medida mil)
C	token older exact	v94-diccionario-global-snp:019700	tanti axoj	tlanti axo	tlantli axo	tlanti>tlantli (insert l after t)	tlantli: 153? Trilingüe:1 | 1571 Molina 1:1 | 1571 Molina 2:1 | 1580 CF Index:1 | 1611 Arenas:1	diente de ajo
C	token older exact	v94-diccionario-global-snp:019953	tapataua!	tlapatahua!	tlapatlahua!	tlapatahua>tlapatlahua (insert l after t)	tlapatlahua: 1580 CF Index:2 | 1571 Molina 2:1	¡que se vaya!
C	token older exact	v94-diccionario-global-snp:020407	tata!	tlata!	tlatla!	tlata>tlatla (insert l after t)	tlatla: 1571 Molina 1:5 | 1765 Cortés y Zedeño:3 | 1780 ? Bnf_361:3 | 1547 Olmos_V ?:2 | 1571 Molina 2:2	¡señor!
C	token older exact	v94-diccionario-global-snp:020419	tataj ueyi	tlata hueyi	tlatla hueyi	tlata>tlatla (insert l after t)	tlatla: 1571 Molina 1:5 | 1765 Cortés y Zedeño:3 | 1780 ? Bnf_361:3 | 1547 Olmos_V ?:2 | 1571 Molina 2:2	abuelo
C	token older exact	v94-diccionario-global-snp:020473	tatak xiuit	tlatac xihuitl	tlatlac xihuitl	tlatac>tlatlac (insert l after t)	tlatlac: 1571 Molina 1:3 | 1571 Molina 2:3 | 1780 ? Bnf_361:3 | 1580 CF Index:1 | 17?? Bnf_362:1	planta (euphorbia heterophylla) de la familia euphorbiaceae, se llama así por las manchas negras, como quemaduras, que tienen las hojas, se da en la milpa y se usa para tratar los granos
C	token older exact	v94-diccionario-global-snp:020581	tatan ipiltsin	tlatan ipiltzin	tlatlan ipiltzin	tlatan>tlatlan (insert l after t)	tlatlan: 1580 CF Index:1	segundo tenamaste que se coloca hacia el sur
C	token older exact	v94-diccionario-global-snp:020582	tatan talokan	tlatan tlalocan	tlatlan tlalocan	tlatan>tlatlan (insert l after t)	tlatlan: 1580 CF Index:1	padre de talokan
C	token older exact	v94-diccionario-global-snp:020793	tatelchiual!	tlatelchihual!	tlatelchihualli!	tlatelchihual>tlatelchihualli (-al>-alli,-l>-lli)	tlatelchihualli: 1571 Molina 1:5 | 1780 ? Bnf_361:4 | 17?? Bnf_362:2 | 153? Trilingüe:1 | 1571 Molina 2:1	¡desgraciado! (insulto dirigido a personas que hacen travesuras)
C	token older exact	v94-diccionario-global-snp:020843	tateno	tlateno	tlatleno	tlateno>tlatleno (insert l after t)	tlatleno: 1765 Cortés y Zedeño:1	en la orilla
C	token older exact	v94-diccionario-global-snp:020845	tatenoj	tlateno	tlatleno	tlateno>tlatleno (insert l after t)	tlatleno: 1765 Cortés y Zedeño:1	margen. borde de un objeto (p.e. de una mesa, el techo de una casa, de un terreno, etc.). orilla (de un espacio o sitio). abismo, barranco. en la orilla, a la orilla, en el borde, por el borde (adv.)
C	token older exact	v94-diccionario-global-snp:021481	taxkal tateuats	tlaxcalli tlatehuatztli	tlaxcalli tlatlehuatztli	tlatehuatztli>tlatlehuatztli (insert l after t)	tlatlehuatztli: 153? Trilingüe:1 | 1571 Molina 1:1 | 1571 Molina 2:1 | 1780 ? Bnf_361:1	tortilla tostada
C	token older exact	v94-diccionario-global-snp:021554	taxtauilis	tlaxtahuiliztli	tlaxtlahuiliztli	tlaxtahuiliztli>tlaxtlahuiliztli (insert l after t)	tlaxtlahuiliztli: 1571 Molina 1:1	acción de pagar
C	token older exact	v94-diccionario-global-snp:021556	taxtauiya itonal	tlaxtahuia itonalli	tlaxtlahuia itonalli	tlaxtahuia>tlaxtlahuia (insert l after t)	tlaxtlahuia: 1571 Molina 1:5 | 1780 ? Bnf_361:5 | 153? Trilingüe:4 | 1611 Arenas:4 | 1765 Cortés y Zedeño:3	vt. pagar su salario
C	token older exact	v94-diccionario-global-snp:021924	tein amo kipiya miak esti	tlein amo quipiya miac ezti	tlein amo quipiya miac eztli	ezti>eztli (insert l after t)	eztli: 1571 Molina 1:7 | 1571 Molina 2:5 | 1629 Alarcón:4 | 17?? Bnf_362:4 | 1780 ? Bnf_361:3	anémico (lit. el que no tiene mucha sangre)
C	token older exact	v94-diccionario-global-snp:021948	tein amo teyi kualtiya	tlein amo tleyi cualtiya	tlein amo tleyi cualtia	cualtiya>cualtia (-tiya>-tia,-iya>-ia)	cualtia: 1547 Olmos_G:3 | 1645 Carochi:2 | 1759 Paredes:2 | 1780 Clavijero:2 | 1551-95 Documentos nahuas de la Ciudad de México:1	inútil (lit. que nada vale)
C	token older exact	v94-diccionario-global-snp:022080	tein motamachtia itech taneltokalis	tlein motamachtia itech tlaneltocaliztli	tlein motlamachtia itech tlaneltocaliztli	motamachtia>motlamachtia (insert l after t,original:insert l after t)	motlamachtia: 1571 Molina 1:1 | 1580 CF Index:1	doctrina religiosa (lit. lo que se enseña en la religión)
C	token older exact	v94-diccionario-global-snp:022459	tekiuaj juez	tequihua uez	tequihua huez	uez>huez (initial u>hu)	huez: 1547 Olmos_V ?:1	juez
C	token older exact	v94-diccionario-global-snp:022631	tekui mayanalis	tecui mayanaliztli	tlecui mayanaliztli	tecui>tlecui (insert l after t)	tlecui: 1580 CF Index:1 | 1645 Carochi:1	vi. provocar el apetito
C	token older exact	v94-diccionario-global-snp:023576	tepajtijkej den tanti	tepatique den tlanti	tepatique den tlantli	tlanti>tlantli (insert l after t)	tlantli: 153? Trilingüe:1 | 1571 Molina 1:1 | 1571 Molina 2:1 | 1580 CF Index:1 | 1611 Arenas:1	dentista
C	token older exact	v94-diccionario-global-snp:023702	tepetitan tsitsikitsin	tepetitan tzitziquitzin	tepetitlan tzitziquitzin	tepetitan>tepetitlan (insert l after t,original:insert l after t)	tepetitlan: 1580 CF Index:1	localidad de tepetitan chico
C	token older exact	v94-diccionario-global-snp:023803	tepos tein pajpatani	tepoz tlein papatani	tepoz tlein papatlani	papatani>papatlani (insert l after t)	papatlani: 1580 CF Index:1	avión (lit. aparato que vuela)
C	token older exact	v94-diccionario-global-snp:023804	tepos tein patani	tepoz tlein patani	tepoz tlein patlani	patani>patlani (insert l after t,original:insert l after t)	patlani: 153? Trilingüe:4 | 1571 Molina 1:3 | 1571 Molina 2:3 | 1780 ? Bnf_361:3 | 1580 CF Index:2	avión (lit. aparato que vuela)
C	token older exact	v94-diccionario-global-snp:023806	tepos tein taseseliya oso takauantiya	tepoz tlein tlaceceliya ozo tlacahuantia	tepoz tlein tlacecelia ozo tlacahuantia	tlaceceliya>tlacecelia (-iya>-ia)	tlacecelia: 1580 CF Index:1	aire acondicionado, aparato de aire acondicionado (lit. aparato que enfría o calienta)
C	token older exact	v94-diccionario-global-snp:024095	tetapouiya (1/2)	tetapohuia (1/2)	tetlapohuia (1/2)	tetapohuia>tetlapohuia (insert l after t)	tetlapohuia: 1580 CF Index:1	vt. contar algo a alguien. contar algo a la gente, narrar algo a las personas, proclamar algo a la gente. difundir una noticia. anunciar algo. divulgar algo. predicar o proclamar algo. hablar a la gente de alguien. dar razón de algo. dar testimonio a la gente de algo. difundir una noticia sobre algo
C	token older exact	v94-diccionario-global-snp:024096	tetapouiya (2/2)	tetapohuia (2/2)	tetlapohuia (2/2)	tetapohuia>tetlapohuia (insert l after t)	tetlapohuia: 1580 CF Index:1	vr. decirse, contarse algo (p.e. una noticia) entre la gente. correrse la voz. vi. narrar a la gente. testificar. contar a la gente
C	token older exact	v94-diccionario-global-snp:025155	tomauak kuitaxkol	tomahuac cuitaxcolli	tomahuac cuitlaxcolli	cuitaxcolli>cuitlaxcolli (insert l after t)	cuitlaxcolli: 1571 Molina 1:3 | 1571 Molina 2:3 | 1580 CF Index:3 | 1765 Cortés y Zedeño:3 | 153? Trilingüe:2	intestino grueso
C	token older exact	v94-diccionario-global-snp:025218	tonal tatanilis	tonalli tlataniliztli	tonalli tlatlaniliztli	tlataniliztli>tlatlaniliztli (insert l after t)	tlatlaniliztli: 153? Trilingüe:2 | 1765 Cortés y Zedeño:2	jornal, ganancia de un día
C	token older exact	v94-diccionario-global-snp:025219	tonal taxtauil	tonalli tlaxtahuilli	tonalli tlaxtlahuilli	tlaxtahuilli>tlaxtlahuilli (insert l after t)	tlaxtlahuilli: 1780 ? Bnf_361:6 | 1571 Molina 1:5 | 1571 Molina 2:2 | 1580 CF Index:1 | 1611 Arenas:1	jornal, pago por un día
C	token older exact	v94-diccionario-global-snp:025650	tsakuiliya in esti	tzacuilia in ezti	tzacuilia in eztli	ezti>eztli (insert l after t)	eztli: 1571 Molina 1:7 | 1571 Molina 2:5 | 1629 Alarcón:4 | 17?? Bnf_362:4 | 1780 ? Bnf_361:3	vt. detener o contener una hemorragia
C	token older exact	v94-diccionario-global-snp:026907	ueyi ixtauat	hueyi ixtahuatl	hueyi ixtlahuatl	ixtahuatl>ixtlahuatl (insert l after t)	ixtlahuatl: 1580 CF Index:6 | 1571 Molina 1:5 | 153? Trilingüe:3 | 1780 ? Bnf_361:2 | 1571 Molina 2:1	potrero grande
C	token older exact	v94-diccionario-global-snp:026930	ueyi ojti	hueyi oti	hueyi otli	oti>otli (insert l after t)	otli: 1571 Molina 1:15 | 1571 Molina 2:10 | 1780 ? Bnf_361:8 | 1580 CF Index:5 | 153? Trilingüe:4	calle. avenida. camino grande, carretera
C	token older exact	v94-diccionario-global-snp:027239	uijuitatinemi	huihuitatinemi	huihuitlatinemi	huihuitatinemi>huihuitlatinemi (insert l after t)	huihuitlatinemi: 1565 Sahagún Escolios:1	vt. andar recogiendo algo (p.e. la cosecha)
C	token older exact	v94-diccionario-global-snp:027788	xiloxochiko ojti	xiloxochico oti	xiloxochico otli	oti>otli (insert l after t)	otli: 1571 Molina 1:15 | 1571 Molina 2:10 | 1780 ? Bnf_361:8 | 1580 CF Index:5 | 153? Trilingüe:4	el camino de xiloxochico
C	token older exact	v94-diccionario-global-snp:027850	xitamajseua!	xitamacehua!	xitlamacehua!	xitamacehua>xitlamacehua (insert l after t)	xitlamacehua: 1580 CF Index:1	¡buen provecho!
C	token older exact	v94-diccionario-global-snp:028164	xokoliya ika cuchillo	xocoliya ica cuchilllo	xocolia ica cuchilllo	xocoliya>xocolia (-iya>-ia)	xocolia: 1571 Molina 1:3 | 1780 ? Bnf_361:2 | 1571 Molina 2:1 | 1759 Paredes:1 | 1780 Clavijero:1	vt. dar una puñalada a alguien
C	token older exact	v94-diccionario-global-snp:028525	yejua juan	yehua uan	yehua huan	uan>huan (initial u>hu)	huan: 1595 Rincón:1 | 1629 Alarcón:1 | 1645 Carochi:1 | 17?? Bnf_362bis:1 | 1780 ? Bnf_361:1	el mismo juan, el propio juan
C	token older exact	v94-diccionario-global-snp:028735	yekinika metsti	yequinica metzti	yequinica metztli	metzti>metztli (insert l after t)	metztli: 1571 Molina 1:43 | 1571 Molina 2:25 | 1780 ? Bnf_361:15 | 153? Trilingüe:11 | 1765 Cortés y Zedeño:7	enero (lit. el primer mes)
C	token older exact	v94-diccionario-global-snp:028736	yekinika metsti	yequinica metzti	yequinica metztli	metzti>metztli (insert l after t)	metztli: 1571 Molina 1:43 | 1571 Molina 2:25 | 1780 ? Bnf_361:15 | 153? Trilingüe:11 | 1765 Cortés y Zedeño:7	enero (lit. primer mes)
C	token older exact	v94-diccionario-global-snp:028738	yekinika neteuilis itech nochi taltikpak	yequinica Netehuiliztli itech Nochi tlalticpac	yequinica netlehuiliztli itech Nochi tlalticpac	Netehuiliztli>netlehuiliztli (insert l after t)	netlehuiliztli: 1571 Molina 1:1 | 1571 Molina 2:1 | 1780 ? Bnf_361:1	primera guerra mundial
C	token older exact	v94-diccionario-global-snp:029485	yolkokolisti	yolcocolizti	yolcocoliztli	yolcocolizti>yolcocoliztli (insert l after t)	yolcocoliztli: 1765 Cortés y Zedeño:1	enfermo del corazón
C	token older exact	v94-diccionario-global-snp:029976	youej itech okse ojti	yahui itech occe oti	yahui itech occe otli	oti>otli (insert l after t)	otli: 1571 Molina 1:15 | 1571 Molina 2:10 | 1780 ? Bnf_361:8 | 1580 CF Index:5 | 153? Trilingüe:4	vi. desviarse (lit. ir por otro camino)
