bucket	token	count	guess	guesses	reason	source	record_id	lemma	field	translation
candidate_spelling	rengleras	19	reglares	reglares, ringleras	rengleras -> reglares	1571 Molina 2	1571-molina-2:002116	caxtolpantli	Traducción	quince rengleras, o hileras de personas, o de renglones. etc.
candidate_spelling	descalabazado	18	descalabrado	descalabrado, descabalgado, descabalado, descabaladas, descabalada, descabalando	descalabazado -> descalabrado	1571 Molina 1	1571-molina-1:006381	yollotlahueliloc	Traducción	descalabazado o loco desatinado
candidate_spelling	afrentadamente	17	afrentosamente	afrentosamente	afrentadamente -> afrentosamente	1571 Molina 1	1571-molina-1:025268	teahuilquixtiliztica	Traducción	afrentadamente así
candidate_spelling	longura	16	longuera	longuera	longura -> longuera	1571 Molina 1	1571-molina-1:010030	cuauhticayotl	Traducción	longura
candidate_spelling	quelites	15	quelite	quelite	quelites -> quelite	1579 Durán	1579-duran:000311	quiltamalli	Traducción	"pan de legumbres. ""tamal de quelites"""
candidate_spelling	afirmadamente	14	afiladamente	afiladamente, afinadamente	afirmadamente -> afiladamente	1571 Molina 1	1571-molina-1:000087	tlatencuauhtiliztica	Traducción	afirmadamente
candidate_spelling	dobladamente	13	pobladamente	pobladamente	dobladamente -> pobladamente	1571 Molina 1	1571-molina-1:001428	tlatolcuecuepa	Traducción	dobladamente hablar
candidate_spelling	dícese	13	dices	dices, decís, diese, dijese, ícese	dícese -> dices	1571 Molina 2	1571-molina-2:004875	zaquezquintin	Traducción	no quedan sino pocos, dícese de cosas animadas s. de personas
candidate_spelling	ciciones	11	ciclones	ciclones, cisiones	ciciones -> ciclones	1571 Molina 1	1571-molina-1:024626	atonahuiztli  +	Traducción	ciciones
candidate_spelling	contrahacedor	10	contrahacer	contrahacer, contrahaced, contrahaceos, contrahacemos	contrahacedor -> contrahacer	1571 Molina 1	1571-molina-1:000841	tlatlamati	Traducción	momo contrahacedor
candidate_spelling	espeluzado	10	espeluznado	espeluznado, despeluzado	espeluzado -> espeluznado	1780 ? Bnf_361	1780-bnf-361:004337	cecenyaca moquetza itzon	Traducción	espeluzado
candidate_spelling	harda	10	harca	harca, harpa, tarda, harta, hará, haría	harda -> harca	1571 Molina 1	1571-molina-1:009960	cuauhtechalotl	Traducción	harda
candidate_spelling	pleiteantes	10	pleiteases	pleiteases, pleitease, pleiteasteis, pleiteaste, pleiteares	pleiteantes -> pleiteases	1571 Molina 1	1571-molina-1:000748	tlatlalilia	Traducción	concertarse los pleiteantes
candidate_spelling	anne	9	ante	ante, Ana, ande, anden, anee, aúne	anne -> ante	2021 Wimmer	2021-wimmer:002009	tlauhtonatiuh	Traducción (es)	pieza de tela también llamada 'sol rojo' ofrecida por moctezuma a los enemigos invitados a celebrar tlacaxipehualiztli. vié-wöhrer anne-marie. nuestro señor el desollado i p. 136
candidate_spelling	cejunto	9	rejunto	rejunto, rejuntó	cejunto -> rejunto	1571 Molina 1	1571-molina-1:014882	ixcatzonyayahual	Traducción	cejunto
candidate_spelling	desfavorecedor	9	desfavorecidos	desfavorecidos, desfavorecido, desfavorecer, desfavorecemos, desfavoreced	desfavorecedor -> desfavorecidos	1571 Molina 1	1571-molina-1:019426	aonteaquiani	Traducción	desfavorecedor tal
candidate_spelling	maridable	9	Maribel	Maribel, maridaje, maridaba, maridaban, maridaste, maridase	maridable -> Maribel	1571 Molina 1	1571-molina-1:016079	liznemiliztli  +	Traducción	vida maridable
candidate_spelling	tomines	9	motines	motines, tomasen, domines, nomines, timones	tomines -> motines	1551-95 Documentos nahuas de la Ciudad de México	1551-95-documentos-nahuas-de-la-ciudad-de-mexico:000204	tomin	Traducción	dinero / tomines / reales
candidate_spelling	crestada	8	prestada	prestada, restada	crestada -> prestada	1780 Clavijero	1780-clavijero:000137	xotlapech	Traducción	cierta ave crestada y comestible
candidate_spelling	mentonera	8	montonera	montonera, mentores, mentora, mentones, mentaren	mentonera -> montonera	2021 Wimmer	2021-wimmer:009538	chalchiuhcuauhtentetl	Traducción (es)	adorno, mentonera de jade en forma de águila
candidate_spelling	putañero	8	butanero	butanero	putañero -> butanero	1571 Molina 1	1571-molina-1:010778	ahuilnenqui	Traducción	putañero
candidate_spelling	sonable	8	sanable	sanable, sondable	sonable -> sanable	1571 Molina 1	1571-molina-1:001407	caquizti	Traducción	sonable cosa
candidate_spelling	cacles	7	calles	calles, cables, cales, caces, calces, calés	cacles -> calles	1571 Molina 2	1571-molina-2:004987	zotolcactli	Traducción	suelas o cacles de palmas
candidate_spelling	cotinga	7	catinga	catinga	cotinga -> catinga	2021 Wimmer	2021-wimmer:006122	xiuhtotocalli	Traducción (es)	casa de la cotinga. también llamado
candidate_spelling	frances	7	Francis	Francis, francés, francesa, francos, francas, trances	frances -> Francis	2021 Wimmer	2021-wimmer:002076	tlaxcalli	Traducción (es)	tortita de maíz, tortilla. / tortita de maíz.el maíz se remoja en agua con cal. / plural: tortillas. r. joe campbell y frances
candidate_spelling	marmoleña	7	marmolejo	marmolejo, marfileña, maromera, marmolería, maromea	marmoleña -> marmolejo	153? Trilingüe	153-trilingue:008189	achalchihuitl	Traducción	mármol piedra marmoleña
candidate_spelling	corrompedor	6	corrompidos	corrompidos, corromper, corrompido, corrompemos, corromped, corrompeos	corrompedor -> corrompidos	1571 Molina 1	1571-molina-1:030131	tetzintzayanani	Traducción	corrompedor tal
candidate_spelling	cundida	6	fundida	fundida, hundida, cándida, cundido, cundía, cundirá	cundida -> fundida	1571 Molina 1	1571-molina-1:008173	chiyactic	Traducción	cundida mancha
candidate_spelling	deshonradamente	6	descarnadamente	descarnadamente, deshonrosamente	deshonradamente -> descarnadamente	1571 Molina 1	1571-molina-1:025267	teahuilquixtiliztica	Traducción	deshonradamente
candidate_spelling	despezonada	6	despenada	despenada, despeinada, desazonada, despezuñada, desgoznada	despezonada -> despenada	1571 Molina 1	1571-molina-1:001787	tlatzincuauhyocotontli	Traducción	despezonada fruta
candidate_spelling	desvariadamente	6	desairadamente	desairadamente	desvariadamente -> desairadamente	1571 Molina 2	1571-molina-2:009686	ilhuiz	Traducción	desvariadamente o atroche moche. adverbio, o mucho mas
candidate_spelling	disruptor	6	disputar	disputar, disputo, disyuntor	disruptor -> disputar	2021 Wimmer	2021-wimmer:031081	teacomanani	Traducción (es)	disruptor
candidate_spelling	harona	6	harina	harina, harían, hartan, Arona, carona, hurona	harona -> harina	1571 Molina 2	1571-molina-2:001173	tlatzihuini	Traducción	perezoso, o bestia harona
candidate_spelling	latrina	6	latina	latina, latiría, latirían, catrina	latrina -> latina	1571 Molina 1	1571-molina-1:010684	cuitlacalli	Traducción	latrina privada
candidate_spelling	pelechada	6	pelechado	pelechado, pelechara, pelechaba, pelechad, pelechad a	pelechada -> pelechado	1571 Molina 1	1571-molina-1:017635	mihuiyotepeuhqui	Traducción	pelechada ave
candidate_spelling	porventura	6	progenitura	progenitura	porventura -> progenitura	17?? Bnf_362bis	17-bnf-362bis:000185	cuix	Traducción	porventura. en latin num, ne
candidate_spelling	recompensación	6	recomendación	recomendación	recompensación -> recomendación	1571 Molina 1	1571-molina-1:026269	teicneliliztli	Traducción	recompensación
candidate_spelling	vocativa	6	vocativo	vocativo, evocativa	vocativa -> vocativo	2021 Wimmer	2021-wimmer:002755	tlazotzintli	Traducción (es)	adorable o querido. / en forma vocativa
candidate_spelling	zampullín	6	zambullen	zambullen, zambullía, zambullí, zambullían, zambullís, zambullan	zampullín -> zambullen	2021 Wimmer	2021-wimmer:005957	acitli	Traducción (es)	ornitología: zampullín de patas
candidate_spelling	bocage	5	bochare	bochare, bochase	bocage -> bochare	2021 Wimmer	2021-wimmer:006447	xochitla	Traducción (es)	jardín de flores, bocage, arboleda
candidate_spelling	chapinería	5	chacinería	chacinería, échapinería	chapinería -> chacinería	153? Trilingüe	153-trilingue:000459	carron chiuhcanamacoyan	Traducción	chapinería donde se venden
candidate_spelling	compañón	5	cdompañón	cdompañón	compañón -> cdompañón	1571 Molina 2	1571-molina-2:006612	ahuacatl	Traducción	fruta conocida, o el compañón
candidate_spelling	empolvorado	5	empolvado	empolvado, empolvaron	empolvorado -> empolvado	153? Trilingüe	153-trilingue:000094	tlateuhyotilli	Traducción	empolvorado
candidate_spelling	encruelecido	5	encrudecido	encrudecido	encruelecido -> encrudecido	1571 Molina 1	1571-molina-1:009457	cualanqui	Traducción	encruelecido
candidate_spelling	enseñable	5	enseñaste	enseñaste, enseñaba, enseñaban, enseñare, enseñante, enseñase	enseñable -> enseñaste	1571 Molina 1	1571-molina-1:006256	yollo	Traducción	dócil y enseñable
candidate_spelling	hontanales	5	hontanares	hontanares, fontanales	hontanales -> hontanares	153? Trilingüe	153-trilingue:005522	amoloyan	Traducción	hontanales
candidate_spelling	inconversable	5	inconfesable	inconfesable, inconvertible	inconversable -> inconfesable	1571 Molina 2	1571-molina-2:012833	acan teicniuh	Traducción	esquiva e inconversable persona
candidate_spelling	landres	5	ladres	ladres, lanares, Londres, lañares, Flandres	landres -> ladres	1571 Molina 1	1571-molina-1:003498	toquechtlatlaollo	Traducción	landres del cuello
candidate_spelling	meya	5	meda	meda, mega, meta, maye, mesa, mera	meya -> meda	1571 Molina 2	1571-molina-2:004279	yequentel	Traducción	razonablemente. s. meya, o estaría algo mejor el enfermo, o otra cosa. adverbio
candidate_spelling	ochavario	5	ochavado	ochavado	ochavario -> ochavado	1571 Molina 1	1571-molina-1:007944	chicueilhuiquixtiliztli	Traducción	ochavas o ochavario
candidate_spelling	otate	5	Oñate	Oñate, tate, orate, átate, ósate, rótate	otate -> Oñate	1598 Tezozomoc	1598-tezozomoc:000129	topchimalli	Traducción	rodela de fino otate, muy fuerte
candidate_spelling	parlería	5	parlaría	parlaría, parlera, perlería, partería	parlería -> parlaría	1571 Molina 1	1571-molina-1:001101	tlatlatoliztli	Traducción	parlería
candidate_spelling	perlático	5	pelágico	pelágico	perlático -> pelágico	1571 Molina 2	1571-molina-2:006123	coaciuhqui	Traducción	gafo, gotoso, perlático o tullido
candidate_spelling	peñola	5	penosa	penosa	peñola -> penosa	1571 Molina 1	1571-molina-1:003591	totolacatl	Traducción	péndola o peñola
candidate_spelling	predicatorio	5	prcdicatorio	prcdicatorio	predicatorio -> prcdicatorio	153? Trilingüe	153-trilingue:003435	cuauhcomitl	Traducción	predicatorio
candidate_spelling	ruga	5	ruta	ruta, fuga, rusa, ruge, ruda, runa	ruga -> ruta	1765 Cortés y Zedeño	1765-cortes-y-zedeno:000667	xolochtic	Traducción	ruga
candidate_spelling	trupial	5	tripular	tripular, tripulan, tripula, tripulas, tripla, tripulad	trupial -> tripular	2021 Wimmer	2021-wimmer:008559	zacuampapalotl	Traducción (es)	adorno, mariposa en plumas de trupial. / nombre de una mariposa
candidate_spelling	turquesado	5	turquesa	turquesa, turquesas, aturquesado	turquesado -> turquesa	1571 Molina 1	1571-molina-1:004699	xippalli	Traducción	turquesado color
candidate_spelling	agorería	4	agorera	agorera, agoraría	agorería -> agorera	1571 Molina 1	1571-molina-1:003394	tonalpohualiztli	Traducción	agorería así
candidate_spelling	aguzaderas	4	aguaderas	aguaderas, aguzadoras, aguazares	aguzaderas -> aguaderas	153? Trilingüe	153-trilingue:000035	tlatenticatlapanaloyan	Traducción	cantería de aguzaderas
candidate_spelling	almagrada	4	alambrada	alambrada, algarada	almagrada -> alambrada	1571 Molina 2	1571-molina-2:000652	tlatlatlahuililli	Traducción	cosa almagrada
candidate_spelling	apostemado	4	apostado	apostado, apostolado, apostillado, apostatado	apostemado -> apostado	1571 Molina 1	1571-molina-1:006479	yolpozonini	Traducción	apostemado así
candidate_spelling	arrodalado	4	arrodillado	arrodillado	arrodalado -> arrodillado	1571 Molina 2	1571-molina-2:012746	mochimalcalti	Traducción	arrodalado o adargado
candidate_spelling	aína	4	arna	arna, Ana, aíra, taína, asna, saína	aína -> arna	153? Trilingüe	153-trilingue:001394	tzomoctica	Traducción	aína en esta manera
candidate_spelling	carillonneur	4	carillones	carillones	carillonneur -> carillones	2021 Wimmer	2021-wimmer:001770	tlatziliniani	Traducción (es)	carillonneur
candidate_spelling	casaguate	4	cacahuate	cacahuate	casaguate -> cacahuate	2021 Wimmer	2021-wimmer:014168	cuauhzahuacamac	Traducción (es)	lugar donde hay mucho casaguate
candidate_spelling	cegajoso	4	pegajoso	pegajoso, cegatoso	cegajoso -> pegajoso	1571 Molina 1	1571-molina-1:014909	ixcocoxqui	Traducción	cegajoso
candidate_spelling	complacedor	4	complacido	complacido, complacer, complacidos, compadecer, complacemos, complaced	complacedor -> complacido	1571 Molina 1	1571-molina-1:026145	tehuellamachtiani	Traducción	complacedor tal
candidate_spelling	copalli	4	coplas	coplas	copalli -> coplas	2021 Wimmer	2021-wimmer:004592	tzihuaccopalli	Traducción (es)	variedad de copal particularmente oloroso también llamado copal blanco, iztac copalli
candidate_spelling	dañadamente	4	dañinamente	dañinamente, dañosamente	dañadamente -> dañinamente	1571 Molina 1	1571-molina-1:028567	tequenchihualiztica	Traducción	dañadamente
candidate_spelling	descobijado	4	desbocado	desbocado	descobijado -> desbocado	1571 Molina 1	1571-molina-1:032030	tlacochpetlauhtli	Traducción	descobijado así
candidate_spelling	desenvolvedor	4	desenvolver	desenvolver, desenvolvemos, desenvolved, desenvolveos	desenvolvedor -> desenvolver	1571 Molina 1	1571-molina-1:002728	tlazohuani	Traducción	desenvolvedor así
candidate_spelling	donosamente	4	dolosamente	dolosamente	donosamente -> dolosamente	1571 Molina 1	1571-molina-1:026141	tehuehuetzquitiliztica	Traducción	donosamente
candidate_spelling	encrestado	4	encrespado	encrespado, encestado	encrestado -> encrespado	1571 Molina 1	1571-molina-1:009245	cuachichiquile	Traducción	encrestado con cresta de pluma
candidate_spelling	endenantes	4	enseñantes	enseñantes, endosantes	endenantes -> enseñantes	1692 Guerra	1692-guerra:000144	ya yehua	Traducción	endenantes [antes, hace poco]
candidate_spelling	enviudada	4	enviudado	enviudado, enviudaba, enviudara, enviudará, enviudad, enviudad a	enviudada -> enviudado	1571 Molina 1	1571-molina-1:013019	icnocihuatl	Traducción	enviudada mujer o viuda
candidate_spelling	gentílica	4	gentecilla	gentecilla, gentilicia	gentílica -> gentecilla	1780 ? Bnf_361	1780-bnf-361:000195	tlateotocanime intlamanitiliz	Traducción	gentil cosa de gentiles, o costumbre gentílica
candidate_spelling	innan	4	inane	inane	innan -> inane	2021 Wimmer	2021-wimmer:031206	teccizcuacuilli	Traducción (es)	sacerdote que vestía la piel de teteoh ​​innan
candidate_spelling	intl	4	int	int, intel	intl -> int	1645 Carochi	1645-carochi:000497	zan	Traducción	sólo / (excluyente) / sino / solamente / mä nel ~, siquiera / ~ cémi, de una vez / àmo ~ tlapohualpa, innumerables veces / ~ cánâ, en cual parte / ~ nö cuël, otra vez / ~ ye oncän, en el mismo lugar / àmo ~ miecpa, pocas veces / àmo ~ quën amî, no como quiera / àmo ~ tlapöhualli, infinita(s) / intlä
candidate_spelling	legacía	4	legaría	legaría	legacía -> legaría	1780 ? Bnf_361	1780-bnf-361:008336	hueiteopixcatetitlaniztli	Traducción	legacía del papa
candidate_spelling	macuele	4	macéele	macéele, acuelle	macuele -> macéele	1571 Molina 2	1571-molina-2:011806	maocque	Traducción	lo mismo es que macuele
candidate_spelling	momot	4	momo	momo, momos, momoto	momot -> momo	2021 Wimmer	2021-wimmer:004892	tziuhtli	Traducción (es)	ornitología: momot, ave de plumas preciosas
candidate_spelling	monel	4	motel	motel, moneo, monea, tonel, moneó, monee	monel -> motel	17?? Bnf_362bis	17-bnf-362bis:000186	cuix  +	Traducción	con estos adverbios se da de entender que aquello de que se habla no tendrá efecto. de estos ejemplos se ve que mo, y monel con el cuix alteran su significación, y los hacen significar con diversa de la que significan sin el cuix
candidate_spelling	nicno	4	Nino	Nino, niño, Nico, nicho	nicno -> Nino	2021 Wimmer	2021-wimmer:007693	cemmamaltia	Traducción (es)	v.bitrans. nicno-., carga su conciencia
candidate_spelling	niello	4	nielo	nielo, niel	niello -> nielo	2021 Wimmer	2021-wimmer:004894	tzoacatl	Traducción (es)	niello, broui, seco, hablando de fruta
candidate_spelling	nnich	4	nicho	nicho	nnich -> nicho	2021 Wimmer	2021-wimmer:003133	tlilpotonqui	Traducción (es)	adorno, que está cubierto de pegamento y plumas negras. / en combinación con en el valle de toluca es un nombre esotérico del frijol. mönnich 1969, 120. / nombre sacerdotal
candidate_spelling	pareceme	4	pareceré	pareceré, paréceme	pareceme -> pareceré	1611 Arenas	1611-arenas:000387	iuhquim ma	Traducción	[parece me] / pareceme
candidate_spelling	parlón	4	parón	parón, parlen, parlan, parlo, parló	parlón -> parón	1571 Molina 2	1571-molina-2:014410	nentlatoani	Traducción	parlón vano
candidate_spelling	personificadores	4	personificados	personificados, personificares	personificadores -> personificados	2021 Wimmer	2021-wimmer:026307	netlatiloyan	Traducción (es)	lugar del recinto sagrado donde se sacrificaban personificadores rituales
candidate_spelling	preteri	4	preferí	preferí, preterí, pretere, pretera, preterir, preterís	preteri -> preferí	2021 Wimmer	2021-wimmer:007873	cempanquiza	Traducción (es)	v.i., andar en procesión. preteri: onicempanquiz
candidate_spelling	remenda	4	tremenda	tremenda, remendar, remeda, remienda, remendó, remendé	remenda -> tremenda	2021 Wimmer	2021-wimmer:019067	itzonqui	Traducción (es)	el que cose, remenda una cosa
candidate_spelling	robliza	4	rolliza	rolliza	robliza -> rolliza	1571 Molina 1	1571-molina-1:007668	chicahuac	Traducción	robliza cosa recia
candidate_spelling	seler	4	Sever	Sever, seles, soler, sele, sellar, sellen	seler -> Sever	2021 Wimmer	2021-wimmer:010467	chinancale	Traducción (es)	dado por seler ii 509 como equivalente de calpōleh
candidate_spelling	tallecida	4	fallecida	fallecida, talegada, tullecida	tallecida -> fallecida	1571 Molina 2	1571-molina-2:017122	quilquiyotl	Traducción	tallo de verdura espigada o tallecida
candidate_spelling	tarascos	4	tabascos	tabascos, tarascas	tarascos -> tabascos	2021 Wimmer	2021-wimmer:004368	tzanaton	Traducción (es)	nombre de una manta que usaban los tarascos, en la camisa llamada cicuilli
candidate_spelling	tercianas	4	terciadas	terciadas, terciaras, terciabas, terciarás	tercianas -> terciadas	17?? Bnf_362	17-bnf-362:003784	atonahuia	Traducción	padecer calentura de tercianas
candidate_spelling	teñidura	4	reñidura	reñidura	teñidura -> reñidura	1765 Cortés y Zedeño	1765-cortes-y-zedeno:004560	tlapahuiliztli	Traducción	teñidura
candidate_spelling	tomentosa	4	tormentosa	tormentosa	tomentosa -> tormentosa	2021 Wimmer	2021-wimmer:011046	cihuapatli	Traducción (es)	nombre que reciben distintas hierbas medicinales utilizadas para inducir las contracciones durante el parto (montanoa tomentosa, montanoa grandiflora, eriocoma floribunda)
candidate_spelling	tozan	4	tazan	tazan, toman, gozan, tocan, rozan, tosan	tozan -> tazan	1571 Molina 2	1571-molina-2:002597	tozampotzalli	Traducción	el móntón de tierra que echa fuera un cierto animalejo que se llama tozan
candidate_spelling	acuchararse	3	achucharrase	achucharrase	acuchararse -> achucharrase	1571 Molina 1	1571-molina-1:009036	copichahui	Traducción	acanalarse o acuchararse
candidate_spelling	adrada	3	agrada	agrada, adorada, airada, arada, adiada, adarga	adrada -> agrada	153? Trilingüe	153-trilingue:000080	cancana	Traducción	adrada cosa razas
candidate_spelling	agonar	3	agotar	agotar, abonar, agorar	agonar -> agotar	17?? Bnf_362	17-bnf-362:000393	tonalpohua	Traducción	hechizar o agonar
candidate_spelling	ahermosear	3	hermosear	hermosear, a hermosear	ahermosear -> hermosear	1571 Molina 1	1571-molina-1:008086	chipahua	Traducción	ahermosear o hermosear algo
candidate_spelling	alcaidía	3	alcaldía	alcaldía	alcaidía -> alcaldía	1571 Molina 2	1571-molina-2:003956	yaocallapixcayotl	Traducción	alcaidía de fortaleza
candidate_spelling	apellas	3	paellas	paellas, pellas, apelas, a pellas	apellas -> paellas	1595 Rincón	1595-rincon:000160	chachapaca	Traducción	caer apellas alguna cosa
candidate_spelling	apitunado	3	apitonado	apitonado	apitunado -> apitonado	1571 Molina 2	1571-molina-2:018382	ayohui cualanini	Traducción	apitunado y súbito
candidate_spelling	aportearse	3	aportares	aportares, aporreares, a portearse	aportearse -> aportares	1765 Cortés y Zedeño	1765-cortes-y-zedeno:002538	maca	Traducción	darse a si mismo, aportearse
candidate_spelling	apud	3	alud	alud, aupad, azud, upad	apud -> alud	17?? Bnf_362bis	17-bnf-362bis:000034	tloc	Traducción	junto. latin. juxta, apud. (preposición)
candidate_spelling	arrodelarse	3	arrodillares	arrodillares	arrodelarse -> arrodillares	1571 Molina 1	1571-molina-1:008053	chimalcaltia	Traducción	arrodelarse; busca adargarse
candidate_spelling	arrugaduras	3	arrugadas	arrugadas, arrugaras, arrulladoras	arrugaduras -> arrugadas	1780 ? Bnf_361	1780-bnf-361:006049	za pipilcac in inacayo	Traducción	viejo arrugado que le cuelgan las arrugaduras, como gualdrapas
candidate_spelling	asosegado	3	asesorado	asesorado, sosegado, a sosegado	asosegado -> asesorado	1571 Molina 1	1571-molina-1:002620	tlayolhuellalilli	Traducción	asosegado así
candidate_spelling	añublada	3	anulada	anulada, nublada, anublada, anublad, anubladas	añublada -> anulada	1571 Molina 2	1571-molina-2:002873	tzoacatl	Traducción	fruta añublada así
candidate_spelling	cadette	3	cadete	cadete, cadente	cadette -> cadete	2021 Wimmer	2021-wimmer:019085	itztapalli	Traducción (es)	cadette, losa, piedra tallada utilizada para pavimentar
candidate_spelling	carimenudo	3	carmenado	carmenado	carimenudo -> carmenado	1571 Molina 1	1571-molina-1:015291	ixpitzahuac	Traducción	carimenudo
candidate_spelling	carochi	3	carcomí	carcomí	carochi -> carcomí	1759 Paredes	1759-paredes:000296	yocolilia	Traducción	de este usa carochi y los más autores
candidate_spelling	cazporra	3	casposa	casposa	cazporra -> casposa	1571 Molina 2	1571-molina-2:016500	piccatl  +	Traducción	la raya ohendedura de la cazporra del prepucio del miembro
candidate_spelling	ceppa	3	cappa	cappa, cepa	ceppa -> cappa	1571 Molina 2	1571-molina-2:017205	quiniuhti	Traducción	lo mismo es que quinic ceppa
candidate_spelling	chipil	3	chipia	chipia, chipio	chipil -> chipia	1580 Sahagún/Máynez	1580-sahagun-maynez:000249	tzipipatli	Traducción	medicina del chipil
candidate_spelling	cipactonal	3	capichola	capichola	cipactonal -> capichola	2021 Wimmer	2021-wimmer:011231	cipactonalti	Traducción (es)	v.i., conviértete en cipactonal
candidate_spelling	cirón	3	cerón	cerón, tirón, lirón, ciaron, jirón, Girón	cirón -> cerón	2021 Wimmer	2021-wimmer:008052	yolizahuatl	Traducción (es)	cirón, alimaña que causa picazón (s - yoliçauatl)
candidate_spelling	cocolia	3	coloca	coloca, cocolida	cocolia -> coloca	2021 Wimmer	2021-wimmer:011654	cocolilia	Traducción (es)	cocolilia, v.aplic. sobre cocolia
candidate_spelling	colchero	3	corchero	corchero, cochero	colchero -> corchero	1571 Molina 1	1571-molina-1:031725	tlachcahuipilzoc	Traducción	colchero
candidate_spelling	comme	3	Cosme	Cosme, come, colme, combe, combé, colmé	comme -> Cosme	2021 Wimmer	2021-wimmer:009575	chalchiuhteuh	Traducción (es)	comme du jade
candidate_spelling	communis	3	comunes	comunes, comunas	communis -> comunes	2021 Wimmer	2021-wimmer:026046	acatl	Traducción (es)	caña. phragmites communis trin. / una de las salidas del gran templo de tenochtitlan. / flecha. / caña designa la uretra
candidate_spelling	cotara	3	contará	contará, votará, contara, votara, costara, notara	cotara -> contará	1598 Tezozomoc	1598-tezozomoc:000256	xiuhcactli	Traducción	cotara azul
candidate_spelling	demasiarse	3	desampares	desampares, desairase, desamorase, desamares	demasiarse -> desampares	1629 Alarcón	1629-alarcon:000013	tlatlacoa	Traducción	demasiarse / faltar a su obligación
candidate_spelling	desainado	3	destinado	destinado, desafiando, desviando, desatando, desanimado, desafinado	desainado -> destinado	1571 Molina 1	1571-molina-1:006797	cenca cihuanotzani	Traducción	desainado
candidate_spelling	desengrudada	3	desenredada	desenredada, desengrasada, desengranada, desengrosada	desengrudada -> desenredada	1571 Molina 1	1571-molina-1:033381	tlaixcoleuhtli	Traducción	desengrudada cosa
candidate_spelling	dormiendo	3	durmiendo	durmiendo, dormido, dormitando, mordiendo, dormitado	dormiendo -> durmiendo	1571 Molina 1	1571-molina-1:008648	cochizmahua	Traducción	dormiendo hacer a otro dormir
candidate_spelling	ehco	3	echo	echo, eco	ehco -> echo	2021 Wimmer	2021-wimmer:015311	ecahuia	Traducción (es)	v.t. tē-., hacer llegar a alguien. / v.refl., invitarse a comer. / v.refl., honorífico en ehco, llegar
candidate_spelling	emaciación	3	emancipación	emancipación, emanación	emaciación -> emancipación	2021 Wimmer	2021-wimmer:013568	cuauhhuaccayotl	Traducción (es)	debilidad, delgadez, emaciación
candidate_spelling	empulgueras	3	empulgares	empulgares	empulgueras -> empulgares	1571 Molina 1	1571-molina-1:033136	tlahuitolcuactli	Traducción	empulgueras
candidate_spelling	enforrada	3	enfocada	enfocada, enfardara	enforrada -> enfocada	153? Trilingüe	153-trilingue:011193	tlaixnepanoliztli	Traducción	enforrada vestidura
candidate_spelling	engastonado	3	engarrotando	engarrotando, engastando	engastonado -> engarrotando	1780 ? Bnf_361	1780-bnf-361:000178	tlateocuitlacalloti	Traducción	engastador, o engastonado como en oro
candidate_spelling	enhiestada	3	enfiestada	enfiestada, enhestada	enhiestada -> enfiestada	1571 Molina 2	1571-molina-2:022013	tlaehuatiquetzalli	Traducción	cosa enhiestada así
candidate_spelling	enmedio	3	endemia	endemia, en medio	enmedio -> endemia	1571 Molina 2	1571-molina-2:013023	moquetzani  +	Traducción	el que se pone enmedio de los que riñen para poner los en paz
candidate_spelling	enserados	3	encerrados	encerrados, enterados, encerados, enseñados, enseriados, ensebados	enserados -> encerrados	1571 Molina 1	1571-molina-1:000241	tlatepitztentli	Traducción	higos enserados
candidate_spelling	erga	3	Berga	Berga, era, ergo, jerga, erra, erg	erga -> Berga	17?? Bnf_362bis	17-bnf-362bis:000241	huic	Traducción	preposición. hacia, contra, erga, adversus
candidate_spelling	extend	3	extendí	extendí	extend -> extendí	2021 Wimmer	2021-wimmer:005658	acitimoteca	Traducción (es)	v.i., extend
candidate_spelling	gand	3	and	and, gana, gane, ganó, gano, gané	gand -> and	2021 Wimmer	2021-wimmer:021058	macpalli	Traducción (es)	palma. / gand. / pulsera que se lleva en el antebrazo (?). / unidad de medida, 7 a 9 cm
candidate_spelling	geminos	3	géminis	géminis, gemidos, gemimos	geminos -> géminis	1571 Molina 1	1571-molina-1:008732	cocohua	Traducción	geminos, hermanos nacidos de un vientre
candidate_spelling	hades	3	hates	hates, haces, hadas, hales, nades, hados	hades -> hates	2021 Wimmer	2021-wimmer:015357	ecatlan	Traducción (es)	lugar donde soplan los vientos. / como el nombre de hades
candidate_spelling	hist	3	host	host, hits, hit, chist	hist -> host	2021 Wimmer	2021-wimmer:004684	tzincoc	Traducción (es)	ver part.hist
candidate_spelling	juxta	3	Jutta	Jutta, juta, justa, junta	juxta -> Jutta	17?? Bnf_362bis	17-bnf-362bis:000034	tloc	Traducción	junto. latin. juxta, apud. (preposición)
candidate_spelling	labrets	3	labres	labres, labraste, labréis	labrets -> labres	2021 Wimmer	2021-wimmer:015419	ahuitlatztli	Traducción (es)	designa labrets en forma de lagarto
candidate_spelling	ladrillería	3	ladrillera	ladrillera, ladrillaría	ladrillería -> ladrillera	1571 Molina 1	1571-molina-1:004466	xamixcalchihualoyan	Traducción	ladrillería donde se hacen
candidate_spelling	liaz	3	liza	liza, liar, liad	liaz -> liza	17?? Bnf_362	17-bnf-362:000947	cemmecatl	Traducción	manojo o cosa que se pone en liaz
candidate_spelling	limp	3	lima	lima, limo, lime, limó, limé, Lima	limp -> lima	2021 Wimmer	2021-wimmer:010606	chitencoloa	Traducción (es)	v.i., limp, campanario
candidate_spelling	loeselia	3	lóesela	lóesela	loeselia -> lóesela	2021 Wimmer	2021-wimmer:017245	huitzitzilxochyo	Traducción (es)	decorado con la flor de loeselia
candidate_spelling	macuche	3	mapuche	mapuche, acuche	macuche -> mapuche	1565 Sahagún Escolios	1565-sahagun-escolios:000432	cuexane	Traducción	el que rige o sustenta algún, estos tres vocablos [cuexane, teputze, macuche] andan siempre juntos / persona que lleva algo en el regazo
candidate_spelling	maderado	3	moderado	moderado, madurado, macerado, maderada	maderado -> moderado	1571 Molina 2	1571-molina-2:009760	imamacauhcan in tlaximalli	Traducción	espacio de entre viga y viga en lo que está maderado
candidate_spelling	malam	3	mala	mala, malas, mallas, mallan, mallar, malar	malam -> mala	17?? Bnf_362	17-bnf-362:000053	tlatlacolnextia	Traducción	descubrir lo oculto, in malam partem
candidate_spelling	montesina	3	monetiza	monetiza, monetizan, montean, monteaban, montearan	montesina -> monetiza	1629 Alarcón	1629-alarcon:000420	cihuatl  +	Traducción	hermana, la mujer montesina
candidate_spelling	morf	3	more	more, morí, moré, morro, mor, morra	morf -> more	2021 Wimmer	2021-wimmer:004907	tzocuiloa	Traducción (es)	manchar algo. morf. incorp. tzo-tl
candidate_spelling	namaca	3	hamaca	hamaca	namaca -> hamaca	1551-95 Documentos nahuas de la Ciudad de México	1551-95-documentos-nahuas-de-la-ciudad-de-mexico:001921	namaquilia	Traducción	vender / vender (rev. de maca) / vender (rev. de namaca)
candidate_spelling	nelli	3	Neli	Neli, Melli	nelli -> Neli	1645 Carochi	1645-carochi:000473	za	Traducción	sólo / sin duda (intensivo) / infaliblemente (intensivo) / ~ tepitön, falta poco / solamente / sino / ~ achi, falta poco / mä tël ~, siquiera / ~ achitön, falta poco / ach ~ ye nelli, ¿es posible? / mä ~ nel, siquiera / mä ~, (imperativo)
candidate_spelling	nican	3	nación	nación, pican	nican -> nación	1571 Molina 2	1571-molina-2:001535	catqui  +	Traducción	lo mismo es que nican ca
candidate_spelling	ofrendadores	3	ofrendados	ofrendados, ofrendares	ofrendadores -> ofrendados	1579 Durán	1579-duran:000407	tlamacazcalli	Traducción	"casa de mancebos ya en la perfecta edad de la juventud. ""casa de los ofrendadores"""
candidate_spelling	onya	3	onda	onda, onza, Konya, Sonya	onya -> onda	1645 Carochi	1645-carochi:000419	yeiconya	Traducción	rato ha -véase ye ic onya
candidate_spelling	pausanes	3	pausasen	pausasen, pausases, pausares, bausanes	pausanes -> pausasen	1571 Molina 1	1571-molina-1:030645	ticecepohuaticate	Traducción	pausanes estar hechos, sin hacer cosa de provecho
candidate_spelling	pañetes	3	paneles	paneles, patees, puñetes, paletees	pañetes -> paneles	1571 Molina 2	1571-molina-2:001252	tlatzontecmaxtlatl	Traducción	almaizal rico y muy labrado, que sirve de bragas, o pañetes
candidate_spelling	pilli	3	Pili	Pili, pillo, pilla, pille, pila, pile	pilli -> Pili	1551-95 Documentos nahuas de la Ciudad de México	1551-95-documentos-nahuas-de-la-ciudad-de-mexico:002317	piltzin	Traducción	hijo de / hija de / hijo (rev. de pilli) / el hijo (rev. de pilli) / sobrina de
candidate_spelling	platel	3	plantel	plantel, platea, plateo, plateó, platees, platee	platel -> plantel	1571 Molina 1	1571-molina-1:002978	caxpechtontli	Traducción	platel plato pequeño
candidate_spelling	poloa	3	Polop	Polop, polos, polo, pollos, polea, polca	poloa -> Polop	1551-95 Documentos nahuas de la Ciudad de México	1551-95-documentos-nahuas-de-la-ciudad-de-mexico:002367	polhuia	Traducción	llevar (alguien) de esta vida (rev. de poloa)
candidate_spelling	ponzoñar	3	ponzoñas	ponzoñas, ponzoña	ponzoñar -> ponzoñas	1571 Molina 1	1571-molina-1:016011	iztlacmina	Traducción	ponzoñar o morder la víbora
candidate_spelling	pormeta	3	prometa	prometa	pormeta -> prometa	1571 Molina 1	1571-molina-1:005664	cemixca	Traducción	noticia dar a alguno de lo que le ade acaecer, avisándole pormeta
candidate_spelling	poyal	3	boyal	boyal, poyan, royal, poyar, poyad, poyas	poyal -> boyal	1571 Molina 1	1571-molina-1:001596	tlatotocquimiliuhcayotl	Traducción	poyal para cubrirlo
candidate_spelling	provena	3	provean	provean, provenga, provenía, provea, proveía, Provenza	provena -> provean	1571 Molina 1	1571-molina-1:005020	xocomecacelic	Traducción	provena o mugrón de vid
candidate_spelling	proveídamente	3	previamente	previamente, prevenidamente	proveídamente -> previamente	1571 Molina 1	1571-molina-1:033293	tlaimatca	Traducción	proveídamente
candidate_spelling	ques	3	que	que, pues, queso	ques -> que	1571 Molina 2	1571-molina-2:001491	catli?	Traducción	ques del? o cual es?
candidate_spelling	reciproc	3	recíproca	recíproca, recíproco, reciproco, reciproca, reciprocó	reciproc -> recíproca	2021 Wimmer	2021-wimmer:001530	tlatolxopehua	Traducción (es)	reciproc., refutarse unos a otros
candidate_spelling	rodajo	3	rodaje	rodaje, rodado, rodaja	rodajo -> rodaje	1571 Molina 1	1571-molina-1:001188	tlatlayahualochtiloni	Traducción	rodajo instrumento para rodar
candidate_spelling	rálidos	3	rápidos	rápidos, salidos, válidos, cálidos, pálidos, validos	rálidos -> rápidos	2021 Wimmer	2021-wimmer:036155	tezcatl	Traducción (es)	espejo. / placa frontal de los rálidos con poderes mágicos. / metáfora: buen ejemplo. / nombre personal
candidate_spelling	sinzón	3	pinzón	pinzón	sinzón -> pinzón	1598 Tezozomoc	1598-tezozomoc:000026	tlauhquechol	Traducción	sinzón / pájaro muy galano/ preciada ave volante / ave pequeña muy galana / ave de pluma muy rica
candidate_spelling	taseos	3	paseos	paseos, aseos, tasemos, taséis, páseos, tases	taseos -> paseos	1571 Molina 2	1571-molina-2:016380	pazolli  +	Traducción	taseos de lino, o cosa semejante
candidate_spelling	tenanco	3	enanco	enanco, enancó	tenanco -> enanco	2021 Wimmer	2021-wimmer:012783	cuahuatl	Traducción (es)	nombre de un río, ātl, cerca de tenanco. química. 1950.11 (quinta versión)
candidate_spelling	tepaneca	3	tenacea	tenacea	tepaneca -> tenacea	2021 Wimmer	2021-wimmer:033805	tepanecapan	Traducción (es)	en el país tepaneca
candidate_spelling	tepanecas	3	tenaceas	tenaceas	tepanecas -> tenaceas	2021 Wimmer	2021-wimmer:014411	cuecuex	Traducción (es)	nombre divino, divinidad de los tepanecas
candidate_spelling	tiénese	3	tienes	tienes, tiñese	tiénese -> tienes	1571 Molina 2	1571-molina-2:010441	iuh tlatolo	Traducción	tiénese este estilo de hablar
candidate_spelling	toci	3	Roci	Roci, toca, toco, tocó, tico, tosí	toci -> Roci	1579 Durán	1579-duran:000015	tocititlan	Traducción	junto al lugar de la diosa toci
candidate_spelling	tocih	3	tico	tico, ticos	tocih -> tico	2021 Wimmer	2021-wimmer:003325	tocititlan	Traducción (es)	lugar donde fue llevado quien llevaba la piel de la mujer inmolada a la diosa tocih de quien era representante
candidate_spelling	topón	3	copón	copón, tapón, topo, topó, topos, topen	topón -> copón	2021 Wimmer	2021-wimmer:004977	tzomolco	Traducción (es)	tzomolco, topón. error para tzommolco
candidate_spelling	trasmañana	3	tarambana	tarambana	trasmañana -> tarambana	153? Trilingüe	153-trilingue:004339	huihuiptlayehuecatlatlaztiuh	Traducción	trasmañana herir
candidate_spelling	unde	3	ande	ande, une, ende, cunde, unte, hunde	unde -> ande	1780 Clavijero	1780-clavijero:000006	canin	Traducción	adverbios de tiempos correspondientes al ubi?, al unde?, al quo? y al qua? de los latinos
candidate_spelling	vahada	3	varada	varada, vacada, vahead	vahada -> varada	1571 Molina 1	1571-molina-1:033237	tlaihiyopacholli	Traducción	vahada cosa
candidate_spelling	viuilinto	3	vliuilinto	vliuilinto	viuilinto -> vliuilinto	1571 Molina 2	1571-molina-2:008769	huihuitoctontli	Traducción	lo mismo es que viuilinto
candidate_spelling	aarón	2	marón	marón, parón, arón, Aaron, Aarón, barón	aarón -> marón	153? Trilingüe	153-trilingue:003149	xihuitl anozo aaron	Traducción	hierba barba de aarón
candidate_spelling	acatto	2	acato	acato, acató	acatto -> acato	17?? Bnf_362bis	17-bnf-362bis:000163	acachto	Traducción	[vide oc acatto]
candidate_spelling	acecalado	2	acicalado	acicalado, acgecalado	acecalado -> acicalado	1571 Molina 2	1571-molina-2:016473	petzihui	Traducción	pararse muy lucio lo bruñido, o acecalado
candidate_spelling	acezoso	2	acezos	acezos, acetoso, acezos o	acezoso -> acezos	153? Trilingüe	153-trilingue:004565	icicani	Traducción	acezoso cosa que aceza
candidate_spelling	achcanel	2	acicalen	acicalen	achcanel -> acicalen	17?? Bnf_362bis	17-bnf-362bis:000737	achca nel nozo	Traducción	lo mismo que achcanel
candidate_spelling	achit	2	achís	achís, achín, Sachit	achit -> achís	1645 Carochi	1645-carochi:000473	za	Traducción	sólo / sin duda (intensivo) / infaliblemente (intensivo) / ~ tepitön, falta poco / solamente / sino / ~ achi, falta poco / mä tël ~, siquiera / ~ achitön, falta poco / ach ~ ye nelli, ¿es posible? / mä ~ nel, siquiera / mä ~, (imperativo)
candidate_spelling	acoceator	2	acoceador	acoceador	acoceator -> acoceador	153? Trilingüe	153-trilingue:000290	tlatlatilizani	Traducción	acoceator así
candidate_spelling	acocilina	2	acodician	acodician, acodillan, acochina	acocilina -> acodician	2021 Wimmer	2021-wimmer:007805	acocilicequi	Traducción (es)	v.i., asar pequeños crustáceos, acocilina
candidate_spelling	adufre	2	azufre	azufre, azufré, adufe	adufre -> azufre	1571 Molina 2	1571-molina-2:007876	ehuahuehuetl	Traducción	pandero o adufre
candidate_spelling	advr	2	ador	ador, adir, adv.	advr -> ador	17?? Bnf_362	17-bnf-362:001252	acopa	Traducción	de lo alto; hacia arriba (advr)
candidate_spelling	agramente	2	agriamente	agriamente, magramente	agramente -> agriamente	153? Trilingüe	153-trilingue:001670	xococa	Traducción	agramente
candidate_spelling	aguacatero	2	aguacate	aguacate, aguacero, aguantare, aguacates, aguantador, aguantares	aguacatero -> aguacate	2021 Wimmer	2021-wimmer:036578	tizacahuacatl	Traducción (es)	aguacatero blanco. / oficial azteca
candidate_spelling	aguachil	2	aguacil	aguacil	aguachil -> aguacil	1571 Molina 1	1571-molina-1:008036	chilatl	Traducción	aguachil o agua de ají
candidate_spelling	agüitar	2	agüita	agüita, agitar, agüitas, aguaitar, aguijar	agüitar -> agüita	153? Trilingüe	153-trilingue:006461	nahualliti	Traducción	agüitar o acechar
candidate_spelling	ahoa	2	ahora	ahora, ahoga, atoa, ahoya, aha	ahoa -> ahora	153? Trilingüe	153-trilingue:001557	xih	Traducción	ahoa adverbio para llamar
candidate_spelling	ahocinado	2	atocinado	atocinado, ahocicado, abocinado, ahocicando	ahocinado -> atocinado	1780 ? Bnf_361	1780-bnf-361:006486	zolontiuh atoyatl	Traducción	río ahocinado o arroyo que corre con furia
candidate_spelling	aira	2	Zaira	Zaira, Maira, Eira, mira, aire, tira	aira -> Zaira	17?? Bnf_362	17-bnf-362:001616	cualancayotl	Traducción	el que se aira mucho
candidate_spelling	almarraja	2	almazara	almazara, almorrana	almarraja -> almazara	153? Trilingüe	153-trilingue:008690	tehuilotecohuitztontli	Traducción	almarraja
candidate_spelling	alnés	2	arnés	arnés, alces, alunes, aúnes, alíes, acnés	alnés -> arnés	2021 Wimmer	2021-wimmer:002308	tlayacapan	Traducción (es)	topónimo. / término de parentesco, sólo en la forma poseída. / plural., 'notlayacāpahuān', mes alnés
candidate_spelling	amaderado	2	amanerado	amanerado	amaderado -> amanerado	2021 Wimmer	2021-wimmer:013842	cuauhtepetlatic	Traducción (es)	prensado, apretado, pleno, espeso, amaderado
candidate_spelling	amanani	2	amaina	amaina, amañan	amanani -> amaina	2021 Wimmer	2021-wimmer:017779	amanqui	Traducción (es)	sin. de amanani
candidate_spelling	amarillan	2	amarilla	amarilla, amarillas, amarillean, amarilleen, amartillan	amarillan -> amarilla	2021 Wimmer	2021-wimmer:012393	cozahuia	Traducción (es)	v.i., se vuelve amarillo, se vuelve amarillo. / v.i., pararse amarillo. / v.i., amarillan, maduran, hablando de frutos o semillas. / v.i., tomates se vuelven muy amarillos cuando maduran. / tla-. amarillo
candidate_spelling	amiénto	2	asiento	asiento, miento, aliento, amianto, aviento, ambiento	amiénto -> asiento	1571 Molina 1	1571-molina-1:022603	atlacopa nitlamina	Traducción	tirar con amiénto
candidate_spelling	anas	2	ansa	ansa, bnas, arnas, ansas, unas, ganas	anas -> ansa	2021 Wimmer	2021-wimmer:010238	chicuematl	Traducción (es)	medida, ocho anas
candidate_spelling	anel	2	panel	panel, anea, Manel, anee, aneo, anees	anel -> panel	17?? Bnf_362bis	17-bnf-362bis:000522	mo	Traducción	interrogativo, parece que significan lo mismo que amo nel, anel, amo, y â los cuales son negativos, pero por ser interrogativos afirman
candidate_spelling	annuum	2	anua	anua, anuo	annuum -> anua	2021 Wimmer	2021-wimmer:010338	chilli	Traducción (es)	ají (capsicum annuum l.)
candidate_spelling	antados	2	astados	astados, anotados, atados, andados, cantados, untados	antados -> astados	1565 Sahagún Escolios	1565-sahagun-escolios:001421	tlacpahuitecqui	Traducción	mujer que recibe antenados (antados)
candidate_spelling	antenada	2	entenada	entenada, anteada, antelada	antenada -> entenada	153? Trilingüe	153-trilingue:002958	cihuatlacpahuitectli	Traducción	antenada o andáda
candidate_spelling	antorársele	2	ancorársele	ancorársele, antojársele	antorársele -> ancorársele	2021 Wimmer	2021-wimmer:003937	totolina	Traducción (es)	v.i., estar disgustado con varias cosas. / v.i., antorársele a una varias cosas de comer
candidate_spelling	anxia	2	Ania	Ania, ansia, ansía	anxia -> Ania	153? Trilingüe	153-trilingue:007075	netlamatiliztli	Traducción	anxia o conxa
candidate_spelling	apesgada	2	apegada	apegada	apesgada -> apegada	1571 Molina 1	1571-molina-1:000357	tlateteppacholli	Traducción	apesgada cosa así
candidate_spelling	apetitiva	2	aperitiva	aperitiva	apetitiva -> aperitiva	1765 Cortés y Zedeño	1765-cortes-y-zedeno:001688	entendimiento	Traducción	mente, la parte del anima apetitiva
candidate_spelling	apitunarse	2	apitonares	apitonares, apitonarse	apitunarse -> apitonares	1571 Molina 2	1571-molina-2:004934	zonehuao	Traducción	apitunarse, o azorarse, o crecer mucho el agua del río, o azorarse el perro, o el gato. etc.
candidate_spelling	aplacedor	2	aplacador	aplacador	aplacedor -> aplacador	1571 Molina 1	1571-molina-1:026143	tehuellamachti	Traducción	aplacedor
candidate_spelling	apomazado	2	atomizado	atomizado	apomazado -> atomizado	2021 Wimmer	2021-wimmer:000101	tlatenitztilli	Traducción (es)	afilado, apomazado, planchado
candidate_spelling	aprensada	2	aprendas	aprendas, prensada, apresada, a prensada	aprensada -> aprendas	1571 Molina 1	1571-molina-1:000355	tlateteppacholli	Traducción	aprensada cosa
candidate_spelling	aquejadamente	2	asqueadamente	asqueadamente	aquejadamente -> asqueadamente	153? Trilingüe	153-trilingue:002193	zaiehuelipa	Traducción	aquejadamente así
candidate_spelling	arbolicos	2	arbolitos	arbolitos, arbolillos	arbolicos -> arbolitos	1571 Molina 2	1571-molina-2:006713	cuahuilacatzoa	Traducción	jugar, o traer el palo con los pies, o torcer y juntar los arbolicos o ramas tiernas y largas unas con otras
candidate_spelling	areis	2	aries	aries, ares, reís, iréis, daréis, erais	areis -> aries	1598 Tezozomoc	1598-tezozomoc:000269	xiuhteuctli	Traducción	dios de los areis, lluvias, noches *d
candidate_spelling	areyte	2	arete	arete	areyte -> arete	1565 Sahagún Escolios	1565-sahagun-escolios:000255	iyahua	Traducción	alzar algo en reverencia del que está lejos ofreciéndoselo. y también q.d. alzar el pie o la mano andando haciendo areyte o danza. también q.d. irse presto a algún lugar, o estar poco en el. y para alzar otra cosa no se vas
candidate_spelling	areyto	2	areito	areito, arresto	areyto -> areito	1571 Molina 1	1571-molina-1:016287	macehualiztli	Traducción	danza o baile, f: areyto
candidate_spelling	arrencada	2	arrancada	arrancada, arrendada, arrejacad	arrencada -> arrancada	1571 Molina 1	1571-molina-1:001915	castillan michua tzaltepiton	Traducción	sardina arrencada pece conocido
candidate_spelling	asoltada	2	asaltada	asaltada, asolada, asoleada, soltada, asoldada, a soltada	asoltada -> asaltada	1565 Sahagún Escolios	1565-sahagun-escolios:001320	tetlannenenqui	Traducción	criado o criada, o asoltado o asoltada
candidate_spelling	asoltado	2	asaltado	asaltado, asolado, soltado, asoleado, asoldado, a soltado	asoltado -> asaltado	1565 Sahagún Escolios	1565-sahagun-escolios:001320	tetlannenenqui	Traducción	criado o criada, o asoltado o asoltada
candidate_spelling	atajam	2	atajar	atajar, ataja, atajan, atajas, atajad	atajam -> atajar	1780 ? Bnf_361	1780-bnf-361:002392	tlayacatzacuiliztli	Traducción	atajo o atajam(ien)to de otro o el ganado
candidate_spelling	atapadas	2	atrapadas	atrapadas, atacadas, atajadas, tapadas, a tapadas	atapadas -> atrapadas	1780 ? Bnf_361	1780-bnf-361:005070	yacaquiquinahui	Traducción	atapadas tener las narices con reumas
candidate_spelling	ataparon	2	atacaron	atacaron, atraparon, taparon, atajaron, a taparon	ataparon -> atacaron	1571 Molina 2	1571-molina-2:000687	tlatlatolcotontli	Traducción	al que hicieron callar y le ataparon la boca, siendo convencido y alcanzado de cuenta
candidate_spelling	atrechos	2	trechos	trechos, afrechos, atroches, a trechos	atrechos -> trechos	17?? Bnf_362bis	17-bnf-362bis:000202	huecapan	Traducción	atrechos. y denota buen espacio. unas veces es adjetivo, y otras significa lugar alto, o en lugar alto
candidate_spelling	auenmiarse	2	agenciares	agenciares	auenmiarse -> agenciares	153? Trilingüe	153-trilingue:001785	yacatia	Traducción	auenmiarse
candidate_spelling	avisativo	2	avistado	avistado, avistando	avisativo -> avistado	1571 Molina 2	1571-molina-2:011424	m	Traducción	es partícula de optativo. s. o si. y de imperativo, y del avisativo, vetativo. y entonces quiere decir. no. maticchiuh. mira que no lo hagas. etc.
candidate_spelling	avnlado	2	avalado	avalado	avnlado -> avalado	1571 Molina 1	1571-molina-1:008960	ahamoxtli	Traducción	cabello largo que dejan avnlado a las mozas cuando las tresquilan
candidate_spelling	axcan	2	arcan	arcan	axcan -> arcan	17?? Bnf_362bis	17-bnf-362bis:000218	huel	Traducción	sirve de darle aquella viveza al adverbio que se le da en español con repetirlo. huel axcan. ahora ahora. huel axcan niauh. ahora ahora, esto es en este punto me voy
candidate_spelling	axenxos	2	asensos	asensos	axenxos -> asensos	1571 Molina 2	1571-molina-2:019224	aztauhyatl	Traducción	axenxos, o ajenjos
candidate_spelling	barr	2	brrr	brrr, bar, barra, barro, barre, barrí	barr -> brrr	2021 Wimmer	2021-wimmer:012693	ahuachia	Traducción (es)	v.t. tē-., rociar a otro. / v.t. tla-., regar, rociar algo. regar, espolvorear algo. / v.t. tla-., rociar algo, o regar para barr. pre. / v.refl., mojarse con rocío, agua
candidate_spelling	bourreria	2	borraría	borraría, borrega	bourreria -> borraría	2021 Wimmer	2021-wimmer:030126	quetzalizquixochimecatica	Traducción (es)	con guirnaldas de preciosa bourreria
candidate_spelling	buuas	2	bunas	bunas, bulas, búas, bufas, bubas, bugas	buuas -> bunas	2021 Wimmer	2021-wimmer:031607	tecpilnanahuatl	Traducción (es)	buuas pequeñas
candidate_spelling	cacalli	2	chacal	chacal	cacalli -> chacal	2021 Wimmer	2021-wimmer:035366	cacali	Traducción (es)	cacali cacalli variante
candidate_spelling	camus	2	camas	camas, Camus, campus	camus -> camas	2021 Wimmer	2021-wimmer:007213	yacaololtic	Traducción (es)	camus, que tiene la nariz respingona
candidate_spelling	caract	2	caraca	caraca, carraca	caract -> caraca	2021 Wimmer	2021-wimmer:002482	tlayolcehuia	Traducción (es)	v.t. tē-., calmar, aplacar, satisfacer a alguien. / v.t. tla-., caract., es tranquilizadora
candidate_spelling	casaránse	2	casarán	casarán, casaran	casaránse -> casarán	1547 Olmos_V ?	1547-olmos-v:000618	cui	Traducción	casoronse [casaránse]
candidate_spelling	casoronse	2	caserones	caserones	casoronse -> caserones	1547 Olmos_V ?	1547-olmos-v:000618	cui	Traducción	casoronse [casaránse]
candidate_spelling	cassique	2	casque	casque, casqué	cassique -> casque	2021 Wimmer	2021-wimmer:004370	tzanatototl	Traducción (es)	ornitología, cassique
candidate_spelling	cataratado	2	cataratas	cataratas, catarata	cataratado -> cataratas	1571 Molina 1	1571-molina-1:015652	ixtotoliciuhqui	Traducción	cataratado
candidate_spelling	cavazón	2	cavaron	cavaron, cavasen, clavazón	cavazón -> cavaron	153? Trilingüe	153-trilingue:001194	totoloc yecimiquiliztli	Traducción	cavazón de viña otra vez
candidate_spelling	cedicio	2	codicio	codicio, codició	cedicio -> codicio	153? Trilingüe	153-trilingue:003649	cuetlaxiuhqui	Traducción	cedicio cosa lacia
candidate_spelling	cemmana	2	semana	semana	cemmana -> semana	2021 Wimmer	2021-wimmer:007701	cemmanalo	Traducción (es)	v.impers., en cemmana
candidate_spelling	censuarioso	2	censurados	censurados, censuramos	censuarioso -> censurados	1571 Molina 1	1571-molina-1:002362	tlaxtlahuilcuini	Traducción	censuarioso
candidate_spelling	cerear	2	cérea	cérea, cerrar, crear, cereal, corear, cercar	cerear -> cérea	153? Trilingüe	153-trilingue:008043	popoloni	Traducción	cerear
candidate_spelling	ceñidura	2	reñidura	reñidura	ceñidura -> reñidura	153? Trilingüe	153-trilingue:006763	nelpiloni	Traducción	cincho como ceñidura
candidate_spelling	cham	2	chau	chau, chao, chat, chamo, chama, chas	cham -> chau	2021 Wimmer	2021-wimmer:030749	axocopac	Traducción (es)	pasto (xihuitl) gualtheria acuminata schl. y cham
candidate_spelling	chassie	2	chasis	chasis	chassie -> chasis	2021 Wimmer	2021-wimmer:019457	ixcuicuitlatl	Traducción (es)	chassie
candidate_spelling	chichilia	2	chinchilla	chinchilla, chichigua	chichilia -> chinchilla	2021 Wimmer	2021-wimmer:009921	chichililia	Traducción (es)	v. aplicación sobre chichilia
candidate_spelling	chipear	2	chapear	chapear, chispear, chispera, chirrear	chipear -> chapear	2021 Wimmer	2021-wimmer:033088	tentlapana	Traducción (es)	v.t. tla-., chipear. descornar. romper un jarrón o cualquier otro objeto
candidate_spelling	chían	2	cian	cian, china, caían, cían, chías, crían	chían -> cian	1598 Tezozomoc	1598-tezozomoc:000529	chiyan	Traducción	chían / pinole
candidate_spelling	cicuilli	2	ciciilli	ciciilli, ciccilli	cicuilli -> ciciilli	2021 Wimmer	2021-wimmer:004368	tzanaton	Traducción (es)	nombre de una manta que usaban los tarascos, en la camisa llamada cicuilli
candidate_spelling	cidral	2	cidra	cidra, cidras	cidral -> cidra	1571 Molina 1	1571-molina-1:008335	cidra cuauhtla	Traducción	cidral
candidate_spelling	clin	2	clan	clan, clon, clic, clip, crin, clim	clin -> clan	1611 Arenas	1611-arenas:001657	quechtzontli	Traducción	clin
candidate_spelling	cocochi	2	cococha	cococha	cocochi -> cococha	2021 Wimmer	2021-wimmer:011607	cocochihua	Traducción (es)	v.impers. en cocochi todos duermen
candidate_spelling	cocoxoca	2	cocoroca	cocoroca	cocoxoca -> cocoroca	2021 Wimmer	2021-wimmer:011823	cocoxoni	Traducción (es)	cocoxōni > cocoxōn. sin. de cocoxoca
candidate_spelling	community	2	comunicó	comunicó, comunica, comunico, comunión, Community	community -> comunicó	2021 Wimmer	2021-wimmer:011411	coatequiti	Traducción (es)	v.i., work on public, community works. / v.i., trabajar en obras publicas, o de comunidad
candidate_spelling	comoyo	2	cómodo	cómodo	comoyo -> cómodo	1571 Molina 1	1571-molina-1:017653	millacapo	Traducción	labrador comoyo
candidate_spelling	cond	2	con	con, cono, conde	cond -> con	2021 Wimmer	2021-wimmer:037044	tlacamo	Traducción (es)	conj. cond. neg., si no. no
candidate_spelling	confusivamente	2	confusamente	confusamente, convulsivamente, conclusivamente	confusivamente -> confusamente	1571 Molina 1	1571-molina-1:028270	tepoliuhtlazaliztica	Traducción	confusivamente así
candidate_spelling	consu	2	cónsul	cónsul	consu -> cónsul	1571 Molina 2	1571-molina-2:011891	mati, tetech nino	Traducción	aficionarse a alguna persona, o hallarse bien consu conversación
candidate_spelling	conxa	2	conca	conca, coxa, conga, conexa	conxa -> conca	153? Trilingüe	153-trilingue:007075	netlamatiliztli	Traducción	anxia o conxa
candidate_spelling	costreñido	2	constreñido	constreñido	costreñido -> constreñido	1571 Molina 1	1571-molina-1:032645	tlacuitlahuiltilli	Traducción	costreñido
candidate_spelling	crinado	2	criando	criando, criado, cribado, orinado, trinado, cribando	crinado -> criando	153? Trilingüe	153-trilingue:001410	tzone	Traducción	crinado
candidate_spelling	cuahcua	2	cuchara	cuchara	cuahcua -> cuchara	2021 Wimmer	2021-wimmer:012690	cuacualo	Traducción (es)	v.impers., en cuahcua, se mastica, se mastica
candidate_spelling	cubridura	2	cubriera	cubriera	cubridura -> cubriera	1780 ? Bnf_361	1780-bnf-361:000756	tlatlalpacholiztli	Traducción	aparcadura, o cubridura de tierra a alguna cosa
candidate_spelling	cuiyo	2	cuyo	cuyo, cuido, cuidó, cuico	cuiyo -> cuyo	1645 Carochi	1645-carochi:002199	tecuiyo	Traducción	amo (sólo poseído) -véase totëcuiyo / cortesano (sólo en plural poseído)
candidate_spelling	cutil	2	útil	útil, sutil, cutis, fútil, cubil	cutil -> útil	1780 ? Bnf_361	1780-bnf-361:014341	nentlacatl	Traducción	desventurado; desalmado, flojo; haragán, cutil?, o apocado; cuitado, micerable.*
candidate_spelling	datura	2	natura	natura, satura, datar, datará, datara	datura -> natura	2021 Wimmer	2021-wimmer:003441	toloatzin	Traducción (es)	datura también llamada estramonio o pasto topo
candidate_spelling	defensoria	2	defensorio	defensorio, defensora	defensoria -> defensorio	153? Trilingüe	153-trilingue:002727	chimalli	Traducción	adarga de cuero arma defensoria
candidate_spelling	depreciativo	2	despreciativo	despreciativo	depreciativo -> despreciativo	2021 Wimmer	2021-wimmer:038512	tlahilpol	Traducción (es)	depreciativo
candidate_spelling	desalabanza	2	desalaban	desalaban, desalabando, desalabara, desalabada, desalababa, desalabaría	desalabanza -> desalaban	1571 Molina 2	1571-molina-2:015188	ateitoliztli  +	Traducción	desalabanza
candidate_spelling	desdesirse	2	desdeñares	desdeñares, desaseares, desmesures, despesares	desdesirse -> desdeñares	17?? Bnf_362	17-bnf-362:000115	tlatolcuepa	Traducción	responder; retratarse, o desdesirse; retractarse, o desdecirse de lo que había dicho
candidate_spelling	desnegarse	2	desengrase	desengrase, desengrasó, desengrasen, desengraso, desengrasa, desengrases	desnegarse -> desengrase	153? Trilingüe	153-trilingue:000412	tlatolcuepa ^	Traducción	desnegarse de lo dicho
candidate_spelling	desola	2	desala	desala, desolló, desoía, desolar, desova, desollé	desola -> desala	2021 Wimmer	2021-wimmer:035214	tetlaocolellelaxitiani	Traducción (es)	el que aflige, entristece, atormenta, desola a los demás
candidate_spelling	develadores	2	reveladores	reveladores, debeladores	develadores -> reveladores	1571 Molina 1	1571-molina-1:005624	yaotlapiyaloyan	Traducción	estancia develadores en la batalla
candidate_spelling	diversorio	2	divisorio	divisorio	diversorio -> divisorio	1571 Molina 2	1571-molina-2:013701	necallotiloyan	Traducción	diversorio o meson
candidate_spelling	dizese	2	diese	diese, dijese, diezme, diezmes	dizese -> diese	2021 Wimmer	2021-wimmer:010098	aca	Traducción (es)	pronombre indefinido, alguien. / plural., acahmeh, algunos, se dice de personas - algunos, dizese de personas (c - acàmē)
candidate_spelling	emmellar	2	empellar	empellar, enmelar	emmellar -> empellar	1571 Molina 1	1571-molina-1:019661	neuchuia	Traducción	emmellar algo
candidate_spelling	empedido	2	impedido	impedido, expedido, empecido, empellido	empedido -> impedido	2021 Wimmer	2021-wimmer:029592	popoloni	Traducción (es)	v.i., ser tartamudo; hablar una lengua extranjera. / v.i., ser tartamudo, o empedido de la lengua
candidate_spelling	empopa	2	empapa	empapa, empoza, empolla	empopa -> empapa	1571 Molina 1	1571-molina-1:010982	ehecatl  +	Traducción	viento empopa
candidate_spelling	empréstido	2	empréstito	empréstito	empréstido -> empréstito	153? Trilingüe	153-trilingue:009936	tetlatlaneuhtiliztli	Traducción	empréstido lo mismo
candidate_spelling	encabestar	2	encabestra	encabestra, encabestrar	encabestar -> encabestra	1571 Molina 1	1571-molina-1:005229	xotemecayotia	Traducción	encabestar
candidate_spelling	enceñadar	2	encenagar	encenagar, enceldara, encebadar	enceñadar -> encenagar	153? Trilingüe	153-trilingue:008119	atochuia **	Traducción	enceñadar
candidate_spelling	encorazado	2	encorralado	encorralado, encorajado	encorazado -> encorralado	153? Trilingüe	153-trilingue:003156	copile	Traducción	encorazado con coroza
candidate_spelling	enestar	2	encestar	encestar, enastar, enhestar	enestar -> encestar	1547 Olmos_V ?	1547-olmos-v:001300	aquetza	Traducción	enestar levantar
candidate_spelling	engudar	2	engrudar	engrudar	engudar -> engrudar	1571 Molina 1	1571-molina-1:003820	tzauchuia	Traducción	betún poner o engudar algo
candidate_spelling	enhertarse	2	enhestares	enhestares, enjertarse	enhertarse -> enhestares	1571 Molina 1	1571-molina-1:009701	cuappitzahui	Traducción	enhertarse
candidate_spelling	enir	2	venir	venir, unir, emir, Enid, Cenir	enir -> venir	153? Trilingüe	153-trilingue:004026	tepa huallauh	Traducción	sobrev14052:14056enir
candidate_spelling	enlizada	2	enlazada	enlazada, enlazad, enlozada, entizada	enlizada -> enlazada	1571 Molina 2	1571-molina-2:001404	tlaxiotilli	Traducción	tela enlizada
candidate_spelling	enmenda	2	enmienda	enmienda, enmendar, enmendó, enmendé, enmendad, enmelad	enmenda -> enmienda	2021 Wimmer	2021-wimmer:023446	mocuitihuetzqui	Traducción (es)	el que enmenda sus caminos vive una vida mejor; asustado, aterrorizado
candidate_spelling	entrago	2	entrado	entrado, entrego, entregó, estrago, entrañó, estragó	entrago -> entrado	1565 Sahagún Escolios	1565-sahagun-escolios:000915	necauhcayo	Traducción	entrago vivo o necauhcayo
candidate_spelling	entresierras	2	entrecierras	entrecierras	entresierras -> entrecierras	1571 Molina 2	1571-molina-2:019229	tepetzalan	Traducción	quebrada de monte, o entresierras
candidate_spelling	entretejedor	2	entretenedor	entretenedor	entretejedor -> entretenedor	1571 Molina 2	1571-molina-2:001395	tlaxinepano	Traducción	entretejedor de algo
candidate_spelling	espeluzárseme	2	despeluzárseme	despeluzárseme, espeluznárseme	espeluzárseme -> despeluzárseme	1571 Molina 2	1571-molina-2:006594	cuacecenihui	Traducción	tener grima, espeluzárseme los cabellos de temor, o temblar de miedo
candidate_spelling	estan	2	esta	esta, están, estas, está, estar, estás	estan -> esta	2021 Wimmer	2021-wimmer:041393	tlaoncayotitica	Traducción (es)	el segundo de los que estan assentados por su orden
candidate_spelling	esterir	2	estire	estire, estéril, esterar, estiren, estires, estreñir	esterir -> estire	1571 Molina 2	1571-molina-2:019870	tetetzacacuep	Traducción	cosa que hace esterir a alguna
candidate_spelling	estornar	2	estorbar	estorbar, entornar, extornar	estornar -> estorbar	153? Trilingüe	153-trilingue:003863	eleltia **	Traducción	estornar
candidate_spelling	fasoles	2	faroles	faroles, farolees	fasoles -> faroles	2021 Wimmer	2021-wimmer:015811	emilla	Traducción (es)	campo de fasoles o habas
candidate_spelling	flaga	2	fraga	fraga, flaca, flama, Fraga, llaga, alaga	flaga -> fraga	153? Trilingüe	153-trilingue:003696	cuicuiltic	Traducción	flaga cosa magra
candidate_spelling	flayer	2	fallare	fallare, player	flayer -> fallare	2021 Wimmer	2021-wimmer:035453	tetoxomani	Traducción (es)	flayer, que despelleja a alguien
candidate_spelling	floridanus	2	floridanos	floridanos, floridas	floridanus -> floridanos	2021 Wimmer	2021-wimmer:013380	cuatochin	Traducción (es)	conejo de rabo blanco oriental (sylvilagus floridanus)
candidate_spelling	fragrancia	2	fragancia	fragancia, flagrancia	fragrancia -> fragancia	1645 Carochi	1645-carochi:000825	ahuiacayotl	Traducción	fragancia, suavidad / fragrancia, suavidad
candidate_spelling	frinchante	2	trinchante	trinchante	frinchante -> trinchante	1780 ? Bnf_361	1780-bnf-361:013203	nacapanca	Traducción	frinchante
candidate_spelling	frioliego	2	friolero	friolero	frioliego -> friolero	1571 Molina 1	1571-molina-1:004599	cecmiquini	Traducción	frioliego
candidate_spelling	fuertem	2	fuertes	fuertes, fuerte	fuertem -> fuertes	1780 ? Bnf_361	1780-bnf-361:002458	tlayecoa yaoc	Traducción	batallar fuertem(en)te
candidate_spelling	gargantes	2	gargantas	gargantas, garantes, cargantes, gargantee, garganteo, gargantea	gargantes -> gargantas	1598 Tezozomoc	1598-tezozomoc:000903	icxipapaatl	Traducción	collar ancho de gargantes de pie
candidate_spelling	giton	2	pitón	pitón, gritón, mitón, gibón	giton -> pitón	2021 Wimmer	2021-wimmer:010458	chimouhqui	Traducción (es)	giton, lindo
candidate_spelling	gladiatorio	2	gladiator	gladiator, gladiatores	gladiatorio -> gladiator	2021 Wimmer	2021-wimmer:038531	tlahuahuanaliztetl	Traducción (es)	piedra sobre la que se realizaba el sacrificio gladiatorio
candidate_spelling	golosera	2	glosare	glosare	golosera -> glosare	153? Trilingüe	153-trilingue:003855	elehuia	Traducción	golosera
candidate_spelling	gosarse	2	rosarse	rosarse, gozares	gosarse -> rosarse	1780 ? Bnf_361	1780-bnf-361:026046	tlamachtia	Traducción	gosarse de algo como de fin
candidate_spelling	grandazo	2	granado	granado, granizado	grandazo -> granado	1565 Sahagún Escolios	1565-sahagun-escolios:000513	hueipol	Traducción	grandazo
candidate_spelling	grasserie	2	grasera	grasera, graseras	grasserie -> grasera	2021 Wimmer	2021-wimmer:004486	tzaucxochitl	Traducción (es)	leer. s y grasserie 1903,221
candidate_spelling	grullar	2	grullas	grullas, grulla	grullar -> grullas	17?? Bnf_362	17-bnf-362:000497	tzatzi	Traducción	gritar; clamar o gritar; pregonar; ahullar; llorar mucho el niño con coraje; cantar el gallo; graznar el ánsar o el cuervo; grullar el marrano
candidate_spelling	guai	2	gupi	gupi, guapi, guais, guau, guay, gua	guai -> gupi	1571 Molina 2	1571-molina-2:009708	ilo onotlahueliltic	Traducción	guai de mí, o desdichado de mi. interjección
candidate_spelling	guarder	2	guardar	guardar, guarden, guarde, guardes, guardare	guarder -> guardar	1759 Paredes	1759-paredes:001514	pieltia  +	Traducción	encargar algo a, dar algo a guarder a (véase piya)
candidate_spelling	guias	2	guais	guais, guías, guiar, guisa, gulas, guían	guias -> guais	1765 Cortés y Zedeño	1765-cortes-y-zedeno:000174	tlayacanqui	Traducción	guias
candidate_spelling	hacientan	2	haciendan	haciendan	hacientan -> haciendan	17?? Bnf_362	17-bnf-362:003957	tecuatequilizamatl	Traducción	el libro en que se hacientan (bautismo)
candidate_spelling	hacma	2	hacia	hacia, hacía, hacha, haca	hacma -> hacia	1780 ? Bnf_361	1780-bnf-361:000762	tlatlalpillacentemalli	Traducción	hacma, ayuntamiento de haces
candidate_spelling	halduda	2	calduda	calduda	halduda -> calduda	1571 Molina 1	1571-molina-1:033068	tlahuihuilanani	Traducción	halduda cosa
candidate_spelling	handar	2	andar	andar, mandar, hangar	handar -> andar	1780 ? Bnf_361	1780-bnf-361:002838	tlaztlacoa	Traducción	handar hecho vagamundo
candidate_spelling	haquen	2	saquen	saquen, saqueen, taquen, jaqueen, vaquen, maqueen	haquen -> saquen	1565 Sahagún Escolios	1565-sahagun-escolios:000964	aquen tecuitlahuiya	Traducción	[no tener cuidado de nadie ] ídem [haquen temati]
candidate_spelling	harcis	2	harcas	harcas, haréis	harcis -> harcas	1571 Molina 2	1571-molina-2:000416	achtopa  +	Traducción	y primeramente, o ante todas cosas. s. harcis esto. etc.
candidate_spelling	have	2	hace	hace, hate, huave, nave, hale, cave	have -> hace	2021 Wimmer	2021-wimmer:004249	tozcapozahua	Traducción (es)	v.i., have a bocio, have an esquinancie
candidate_spelling	henestar	2	honestar	honestar	henestar -> honestar	1571 Molina 1	1571-molina-1:007599	acoquixtia	Traducción	empinar o henestar algo
candidate_spelling	herbie	2	hernie	hernie, hernié	herbie -> hernie	1547 Olmos_V ?	1547-olmos-v:001182	moloni	Traducción	herbie [hervir]
candidate_spelling	herror	2	error	error, horror, herrero, herir, herrar, hervor	herror -> error	1780 ? Bnf_361	1780-bnf-361:013935	neixpololiztli	Traducción	disfraz; herror en lo que hace
candidate_spelling	higar	2	hogar	hogar, ligar, hilar, higa, higas, migar	higar -> hogar	1571 Molina 1	1571-molina-1:015145	ixmapiltepilhuilia	Traducción	higar dar
candidate_spelling	hiio	2	hijo	hijo, hizo, hito, hilo, hipo, higo	hiio -> hijo	153? Trilingüe	153-trilingue:005910	mazaconetl	Traducción	ennadio hiio de ciervo
candidate_spelling	hijares	2	fijares	fijares, hilares, hipares, ahijares, lijares, ijares	hijares -> fijares	1571 Molina 2	1571-molina-2:002103	tococoyoyan	Traducción	los hijares
candidate_spelling	holer	2	soler	soler, oler, moler, doler, hollar, hollen	holer -> soler	1547 Olmos_V ?	1547-olmos-v:001231	necui	Traducción	holer
candidate_spelling	hornamentos	2	ornamentos	ornamentos	hornamentos -> ornamentos	1571 Molina 2	1571-molina-2:005496	chichihua  +	Traducción	vestirse de hornamentos eclesiásticos
candidate_spelling	hornoza	2	honrosa	honrosa, hornaza	hornoza -> honrosa	153? Trilingüe	153-trilingue:010164	texcalli	Traducción	hornoza
candidate_spelling	hozco	2	hoco	hoco, hozo, hosco, hozó	hozco -> hoco	1780 ? Bnf_361	1780-bnf-361:002443	catzactic	Traducción	morena cosa baza; u hozco bazo en color
candidate_spelling	hypar	2	hipar	hipar	hypar -> hipar	1547 Olmos_V ?	1547-olmos-v:000172	tzicunoa	Traducción	hypar o rugir tripas
candidate_spelling	icampa	2	campa	campa, acampa	icampa -> campa	17?? Bnf_362bis	17-bnf-362bis:000184	cuitlapan	Traducción	preposición sinónimo de tepotzco, y de icampa. sale del nombre cuitlapantli la espalda, quitado el tli final, queda pan, que sirve de preposición sin añadire otra. porque quedo quitado el tli final del nomble [sic] quedan pan, tlan, tech, aunque sean radicales del nombre sirven también
candidate_spelling	icue	2	ice	ice	icue -> ice	2021 Wimmer	2021-wimmer:009238	centzonhuitznahua	Traducción (es)	hermanos de huitzilopochtli e hijos de coatl icue. / nombre de víctimas sacrificiales
candidate_spelling	ilpia	2	impía	impía	ilpia -> impía	2021 Wimmer	2021-wimmer:018558	ilpilo	Traducción (es)	v.impers. en ilpia., estar atado, estar preso
candidate_spelling	inanimate	2	inanimado	inanimado, inanimada	inanimate -> inanimado	2021 Wimmer	2021-wimmer:028954	petzcahui	Traducción (es)	v.inanim., resbalar entre las manos, hablando de cosa pegajosa o viscosa. / con el pref.obj.inanimate tla-., ser resbaladizo. / brillar. / metáfora: tlapetzcahui en īchāntzinco en dios, se venera la casa de dios (olm.)
candidate_spelling	incensadores	2	incineradores	incineradores, incensados, incensares	incensadores -> incineradores	1579 Durán	1579-duran:000008	tlenamacaque	Traducción	"turíbulos. incensarios. tribulario. incensador. ""incensadores"""
candidate_spelling	irreg	2	irreg.	irreg.	irreg -> irreg.	2021 Wimmer	2021-wimmer:030590	axcati	Traducción (es)	v.irreg., se conjuga con posesivos, no-., mo-., ī-., enriquecerse
candidate_spelling	isopo	2	hisopo	hisopo, sopo	isopo -> hisopo	1765 Cortés y Zedeño	1765-cortes-y-zedeno:003206	atl  +	Traducción	isopo, para rociar
candidate_spelling	itic	2	tic	tic, idic, iiic, icic, ilic, imic	itic -> tic	17?? Bnf_362bis	17-bnf-362bis:000168	copa	Traducción	esta partícula añadida a la preposición itic significa movimiento de lugar. añadida a huic significa hacia, contra, ergo, adversus
candidate_spelling	jena	2	jean	jean, Jena, Lena, cena, pena, sena	jena -> jean	2021 Wimmer	2021-wimmer:016281	huampo	Traducción (es)	término con el que un hablante designa a su igual, alguien que tiene el mismo estatus que él. cf. cantares i,3 schultze jena
candidate_spelling	jerboa	2	jerbos	jerbos, jerbo, jerbo a	jerboa -> jerbos	2021 Wimmer	2021-wimmer:016936	huezacotl	Traducción (es)	jerboa
candidate_spelling	ladronía	2	ladrona	ladrona, ladronea	ladronía -> ladrona	153? Trilingüe	153-trilingue:010462	tlacallaquilixpacholiztli	Traducción	ladronía así
candidate_spelling	latar	2	lacar	lacar, altar, latas, lavar, catar, latir	latar -> lacar	17?? Bnf_362	17-bnf-362:003483	papaca	Traducción	fregar, latar
candidate_spelling	libenter	2	liberten	liberten	libenter -> liberten	1547 Olmos_V ?	1547-olmos-v:000736	huelcaquilia	Traducción	oír libenter
candidate_spelling	liuianamente	2	livianamente	livianamente	liuianamente -> livianamente	2021 Wimmer	2021-wimmer:029982	quemmachhuia	Traducción (es)	v.t. tē-., herir, golpear levemente a alguien. / v.t. tē-., herir liuianamente
candidate_spelling	liñar	2	ligar	ligar, minar, lunar, pinar, lira, limar	liñar -> ligar	1765 Cortés y Zedeño	1765-cortes-y-zedeno:001023	chichihua	Traducción	amañar, o liñar, o aliñar
candidate_spelling	llamer	2	llamar	llamar, llame, llamen, llames, llamé, lamer	llamer -> llamar	1547 Olmos_V ?	1547-olmos-v:001411	paloa	Traducción	llamer o sopear
candidate_spelling	llevantar	2	levantar	levantar	llevantar -> levantar	1611 Arenas	1611-arenas:001019	itech tlamia	Traducción	llevantar [testimonio]
candidate_spelling	lolio	2	eolio	eolio, Lelio, Loli, lloro, folio, dolió	lolio -> eolio	1571 Molina 1	1571-molina-1:027596	teococopi	Traducción	lolio, neguilla, o cizaña
candidate_spelling	lumbrar	2	alumbrar	alumbrar, lumbar, lumbrera	lumbrar -> alumbrar	1571 Molina 1	1571-molina-1:013204	icuac  +	Traducción	lumbrar de puerta lo alto
candidate_spelling	machtia	2	marchita	marchita	machtia -> marchita	2021 Wimmer	2021-wimmer:025373	nemachtilo	Traducción (es)	v.impers., on machtia, we learn
candidate_spelling	magueyo	2	maguey	maguey, maguey o	magueyo -> maguey	1547 Olmos_V ?	1547-olmos-v:000499	cima	Traducción	rrastrillar al magueyo sacar el hilo del
candidate_spelling	magués	2	pagues	pagues, amagues, migues, vagues, mugas, maques	magués -> pagues	1598 Tezozomoc	1598-tezozomoc:000329	xonecuilin	Traducción	gusano de magués salmuera, tostado [en] comales / gusano de magués frito y tostado
candidate_spelling	majonera	2	cajonera	cajonera, matonear	majonera -> cajonera	17?? Bnf_362	17-bnf-362:001770	cuaxochtli	Traducción	lindero o majonera que divide las heredades; mojón o término de las heredades
candidate_spelling	malesa	2	maleta	maleta, males, maleza, Malena, galesa, malea	malesa -> maleta	1780 ? Bnf_361	1780-bnf-361:007242	cuauhmatlatl	Traducción	malesa o breña
candidate_spelling	malfín	2	mallín	mallín	malfín -> mallín	153? Trilingüe	153-trilingue:011681	tlanexotlani	Traducción	malfín
candidate_spelling	malhecho	2	malhechor	malhechor	malhecho -> malhechor	1780 ? Bnf_361	1780-bnf-361:016743	patia	Traducción	desabollar; reparar; adobar lo que está malhecho; sanear la cosa, remediar; corregir escritura; enmendar escritura
candidate_spelling	malli	2	Mali	Mali, allí, malla, mallo, malle, Melli	malli -> Mali	1565 Sahagún Escolios	1565-sahagun-escolios:000588	imal	Traducción	prisionero. rec. malli
candidate_spelling	malua	2	falúa	falúa, mala, malta, malla, maluca, malva	malua -> falúa	1571 Molina 1	1571-molina-1:033662	tlalaala	Traducción	malua hierba conocida
candidate_spelling	maluar	2	valuar	valuar, malear, maullar, mallar, malar, malura	maluar -> valuar	1571 Molina 2	1571-molina-2:008384	alatla  +	Traducción	maluar. s. el lugar donde se crían
candidate_spelling	mamali	2	Magali	Magali, mamila, mamilas	mamali -> Magali	2021 Wimmer	2021-wimmer:021406	mamalihua	Traducción (es)	v.impers. y v.pasivo en mamali: ser perforado. / plural: valor metafórico de ciertas personas
candidate_spelling	mandragula	2	madrugada	madrugada, madrugaba, madrugará, madrugara	mandragula -> madrugada	1571 Molina 1	1571-molina-1:023439	patli  +	Traducción	mandragula hierba
candidate_spelling	manojeada	2	manejada	manejada, manoseada, manoteada	manojeada -> manejada	1571 Molina 1	1571-molina-1:017083	maxaxacualtic	Traducción	sobajada fruta o manojeada
candidate_spelling	manpuesta	2	mampuesta	mampuesta	manpuesta -> mampuesta	1765 Cortés y Zedeño	1765-cortes-y-zedeno:003938	tepantetl	Traducción	cimiento, o pared de piedra manpuesta
candidate_spelling	maquey	2	maquea	maquea, maque, maqueé, maqueo, maquee, maquen	maquey -> maquea	1780 ? Bnf_361	1780-bnf-361:013736	necuaini	Traducción	bebedor de miel de maquey
candidate_spelling	martilojo	2	martillos	martillos, martilleo, martillazo, martillado, marmolillo, martillero	martilojo -> martillos	1571 Molina 2	1571-molina-2:002283	tonalamatl	Traducción	martilojo
candidate_spelling	masisa	2	masiva	masiva, masita, Marisa, maciza, masía	masisa -> masiva	1780 ? Bnf_361	1780-bnf-361:005022	xoyahualtic	Traducción	pata masisa
candidate_spelling	mastuerso	2	mastuerzo	mastuerzo	mastuerso -> mastuerzo	17?? Bnf_362	17-bnf-362:002850	mexixin	Traducción	mastuerso hierba
candidate_spelling	matoma	2	matamos	matamos, maroma, Mahoma	matoma -> matamos	1571 Molina 2	1571-molina-2:012027	matuma	Traducción	lo mismo es que matoma
candidate_spelling	maxcada	2	marcada	marcada, mascada, mancada, macada	maxcada -> marcada	1571 Molina 1	1571-molina-1:032305	tlacuacualli	Traducción	maxcada cosa
candidate_spelling	mayada	2	mayad	mayad, rayada, manada, payada, mazada, majada	mayada -> mayad	153? Trilingüe	153-trilingue:004479	ichcacochiantli	Traducción	mayada de ganado
candidate_spelling	mayorasgo	2	mayorazgo	mayorazgo	mayorasgo -> mayorazgo	1780 ? Bnf_361	1780-bnf-361:022955	tiyacapantlatquitl	Traducción	mayorasgo del mayor hijo
candidate_spelling	maís	2	país	país, malís, mabís, mas, maíz, mías	maís -> país	1780 Clavijero	1780-clavijero:002430	atolli	Traducción	gachas de maís
candidate_spelling	mellos	2	ellos	ellos, bellos, sellos, mello, meloso, melles	mellos -> ellos	1780 ? Bnf_361	1780-bnf-361:003208	tocuatetexxo	Traducción	sesos para mellos
candidate_spelling	merlin	2	Berlín	Berlín, Merlin	merlin -> Berlín	2021 Wimmer	2021-wimmer:025043	necuilictli	Traducción (es)	ornitología: merlin falcon
candidate_spelling	mesclando	2	mezclando	mezclando	mesclando -> mezclando	1765 Cortés y Zedeño	1765-cortes-y-zedeno:003024	neloa	Traducción	revolver mesclando
candidate_spelling	michin	2	michi	michi, mochín	michin -> michi	17?? Bnf_362	17-bnf-362:000784	xohuilin	Traducción	pescado, otra casta que michin
candidate_spelling	miec	2	mie	mie, miel, mies, miic, midc, micc	miec -> mie	2021 Wimmer	2021-wimmer:022847	miectin	Traducción (es)	miectina, pl. de miec
candidate_spelling	mienbro	2	miembro	miembro	mienbro -> miembro	1547 Olmos_V ?	1547-olmos-v:000593	cuauhtilia	Traducción	alterarse el mienbro
candidate_spelling	miese	2	me	me, míese, miase, mi, maese, diese	miese -> me	153? Trilingüe	153-trilingue:000574	centlamantli castillan tlaolli	Traducción	centeno miese conocida
candidate_spelling	miraro	2	mirar	mirar, mirado, mirara, miraré, mirare, mirador	miraro -> mirar	1571 Molina 1	1571-molina-1:014937	ixcuacuauhti	Traducción	cansarse de miraro de leer
candidate_spelling	mitia	2	minia	minia, mitin, mita, mítica, misia, metía	mitia -> minia	1571 Molina 2	1571-molina-2:013513	nahui	Traducción	cuatro, o mitia
candidate_spelling	mman	2	Amman	Amman, mían, aman, miman, man	mman -> Amman	1645 Carochi	1645-carochi:000515	zan quemman	Traducción	pocas veces -véase quëmman
candidate_spelling	mmani	2	mani	mani, mina, maní, omaní	mmani -> mani	1645 Carochi	1645-carochi:000516	zan quemmanian	Traducción	rara vez -véase quëmmaniän
candidate_spelling	moch	2	mochi	mochi, moca, mocha, moche, mocho, moché	moch -> mochi	1645 Carochi	1645-carochi:001560	mochtin	Traducción	todos (plural de moch)
candidate_spelling	molentarse	2	molestarse	molestarse, molestares	molentarse -> molestarse	153? Trilingüe	153-trilingue:007827	patztia	Traducción	molentarse hacerse muelle
candidate_spelling	molinaii	2	Molina	Molina, molían	molinaii -> Molina	2021 Wimmer	2021-wimmer:006062	cehuelitiliztli	Traducción (es)	todo el poder, todo el poder - entero poder. molinaii 18v
candidate_spelling	mongia	2	monjita	monjita, monjil	mongia -> monjita	1571 Molina 1	1571-molina-1:020211	nemiliztli  +	Traducción	mongia
candidate_spelling	monstro	2	mostró	mostró, monstruo, monitor	monstro -> mostró	1565 Sahagún Escolios	1565-sahagun-escolios:001015	atlacacemelle	Traducción	nacer monstro
candidate_spelling	montanoa	2	montaña	montaña, montañosa, Montana, montano a	montanoa -> montaña	2021 Wimmer	2021-wimmer:011046	cihuapatli	Traducción (es)	nombre que reciben distintas hierbas medicinales utilizadas para inducir las contracciones durante el parto (montanoa tomentosa, montanoa grandiflora, eriocoma floribunda)
candidate_spelling	moxinete	2	molinete	molinete, mojinete	moxinete -> molinete	1571 Molina 1	1571-molina-1:015465	ixtetzotzona	Traducción	dar moxinete
candidate_spelling	murmurón	2	murmuro	murmuro, murmuró, murmuran, murmuren	murmurón -> murmuro	1765 Cortés y Zedeño	1765-cortes-y-zedeno:002509	iztlacoani	Traducción	murmurador, i. murmurón
candidate_spelling	naniné	2	aniñé	aniñé	naniné -> aniñé	2021 Wimmer	2021-wimmer:005497	xapoti	Traducción (es)	v.i.naniné., ser perforado, ser perforado con un agujero
candidate_spelling	narica	2	narina	narina, Arica	narica -> narina	2021 Wimmer	2021-wimmer:029000	pezotli	Traducción (es)	coatí. nasua narica narica, descrita en
candidate_spelling	nasua	2	nasa	nasa, Nassau, nagua	nasua -> nasa	2021 Wimmer	2021-wimmer:029000	pezotli	Traducción (es)	coatí. nasua narica narica, descrita en
candidate_spelling	neloa	2	Nela	Nela	neloa -> Nela	2021 Wimmer	2021-wimmer:025313	nelolo	Traducción (es)	pasivo, en neloa
candidate_spelling	nocon	2	nono	nono, noción, bocón, tocón, nopon	nocon -> nono	2021 Wimmer	2021-wimmer:024969	nectica	Traducción (es)	v.t. nocon-., estoy deseoso de una cosa
candidate_spelling	nonay	2	nona	nona, nonas, nanay, nona y	nonay -> nona	1645 Carochi	1645-carochi:000904	ai	Traducción	hacer / hacer alguna cosa exterior / tlè ic nonay, ¿de qué sirve? / tener
candidate_spelling	notanto	2	notando	notando	notanto -> notando	1571 Molina 1	1571-molina-1:016063	amo mach iuhqui	Traducción	notanto; comparativo
candidate_spelling	ntin	2	tin	tin	ntin -> tin	1645 Carochi	1645-carochi:001135	in	Traducción	cuando / yèhuätl ~, este, esta(s), esto(s) / después / inìquè ~, estas, estos / çä ïca ~, luego / ihui ~, de esta manera / iuh ~, de esta manera / ~ àmo (mach) yuh(qui), que (término de comparación) / ~ äquin, el que / yèhuäntin ~, estas, estos
candidate_spelling	ocyuh	2	scyuh	scyuh	ocyuh -> scyuh	17?? Bnf_362bis	17-bnf-362bis:000541	moztla	Traducción	vide oc iuh moztla. ocyuh moztlayoc. za iuh moztla
candidate_spelling	ogeando	2	oteando	oteando, ojeando, oreando, oxeando	ogeando -> oteando	1780 ? Bnf_361	1780-bnf-361:004440	xi	Traducción	exe ogeando al perro. ola, hao, oyes. interjección o adverbio para llamar. así! admirándose. arre. para aguijar asnos
candidate_spelling	olim	2	olió	olió, ilim, llim, clim, mlim, dlim	olim -> olió	17?? Bnf_362bis	17-bnf-362bis:000340	in ye nechca	Traducción	antiguamente, en tiempos pasados. latin. olim
candidate_spelling	ompa	2	ampo	ampo, compa, rompa, pompa, zompa, mopa	ompa -> ampo	17?? Bnf_362	17-bnf-362:003049	nechca	Traducción	de allí ompa
candidate_spelling	onoc	2	honor	honor	onoc -> honor	2021 Wimmer	2021-wimmer:027733	onoltia	Traducción (es)	v.refl., honorífico on onoc, estar sentado, estar instalado
candidate_spelling	pachoa	2	pacho	pacho, pacha, pachona, pacho a	pachoa -> pacho	2021 Wimmer	2021-wimmer:025931	nepacholo	Traducción (es)	v.pasivo en pachoa., mo, estar agachado, acurrucado
candidate_spelling	pahti	2	Pati	Pati, partí	pahti -> Pati	1629 Alarcón	1629-alarcon:000731	ihiyohuia	Traducción	resollar: pahti, ni: remediar
candidate_spelling	pajarico	2	pajarito	pajarito	pajarico -> pajarito	1571 Molina 2	1571-molina-2:002543	tototontli	Traducción	pajarico, o pajarillo
candidate_spelling	panoa	2	panea	panea, pana, panda, panza, canoa, paños	panoa -> panea	1571 Molina 2	1571-molina-2:005063	cenneloa  =	Traducción	cf. cenne panoa
candidate_spelling	paramentado	2	parlamentado	parlamentado	paramentado -> parlamentado	1571 Molina 1	1571-molina-1:030866	cahuallo  +	Traducción	paramentado caballo
candidate_spelling	parejar	2	pareja	pareja, parejas, paraje, parajes, parear, aparejar	parejar -> pareja	17?? Bnf_362	17-bnf-362:004921	tlanamictia	Traducción	parejar o hermanar algo; juntar una cosa con otra; emparejar algo
candidate_spelling	pasive	2	pasiva	pasiva, pasivo	pasive -> pasiva	1780 ? Bnf_361	1780-bnf-361:014891	neyolehualiztli	Traducción	ocasión pasive
candidate_spelling	penne	2	pensé	pensé, pende, peine, peiné, penen, pené	penne -> pensé	2021 Wimmer	2021-wimmer:011757	ahahuitztli	Traducción (es)	penne, pluma del ala (remigrar) o de la cola (rectriz) del ave
candidate_spelling	perdidoso	2	perdidos	perdidos, periodos, perdidos o	perdidoso -> perdidos	153? Trilingüe	153-trilingue:004635	icnopilli	Traducción	perdidoso de lo que amaba
candidate_spelling	peruétano	2	peruano	peruano	peruétano -> peruano	1571 Molina 1	1571-molina-1:004618	xicotzapotl	Traducción	peruétano
candidate_spelling	peterson	2	paternos	paternos, Peterson	peterson -> paternos	2021 Wimmer	2021-wimmer:001299	tlatocan	Traducción (es)	residencia del soberano. / este sería el nombre del consejo tribal según f.a.peterson 1976,131
candidate_spelling	philadelphica	2	Philadelphia	Philadelphia	philadelphica -> Philadelphia	2021 Wimmer	2021-wimmer:003549	tomatl	Traducción (es)	tomate o tomatilla (physalis philadelphica o physalis ixocarpa)
candidate_spelling	pilotis	2	pilotos	pilotos, pilotes, pilotas, pilotáis, pilotees, pilotéis	pilotis -> pilotos	2021 Wimmer	2021-wimmer:014085	cuauhtzotzontli	Traducción (es)	pilotis, haz
candidate_spelling	pipollo	2	pimpollo	pimpollo	pipollo -> pimpollo	1780 ? Bnf_361	1780-bnf-361:004788	celpaltic	Traducción	tierna cosa, como pipollo [mol.: pimpollo]
candidate_spelling	pitañosos	2	pitarrosos	pitarrosos	pitañosos -> pitarrosos	17?? Bnf_362	17-bnf-362:001394	choquizzo	Traducción	ojos pitañosos o lagrimosos
candidate_spelling	plantanos	2	plantamos	plantamos, plantados, pantanos, plátanos, plantaros, plantaos	plantanos -> plantamos	1571 Molina 2	1571-molina-2:013182	antli  +	Traducción	un gajo de racimo de uvas, o de otros racimos de plantanos, dátiles. etc.
candidate_spelling	plántulas	2	plantas	plantas, plantilla, plantillas, planteles, plantitas, plantadas	plántulas -> plantas	2021 Wimmer	2021-wimmer:016371	huauhtectli	Traducción (es)	amaranto sembrado, plantado, plántulas de amaranto
candidate_spelling	podres	2	poder	poder, padres, pobres, podes, podrás, poderes	podres -> poder	1765 Cortés y Zedeño	1765-cortes-y-zedeno:003833	temalli	Traducción	podres
candidate_spelling	pontillada	2	postulada	postulada, poetizada	pontillada -> postulada	1571 Molina 1	1571-molina-1:032699	tlacxixopehualiztli	Traducción	pontillada
candidate_spelling	popo	2	pops	pops, poco, polo, pozo, pipo, topo	popo -> pops	1571 Molina 1	1571-molina-1:005068	celticatontli	Traducción	ternezuelo tierno un popo
candidate_spelling	presuptuosa	2	presuntuosa	presuntuosa	presuptuosa -> presuntuosa	1565 Sahagún Escolios	1565-sahagun-escolios:000850	momixihuitinemi	Traducción	mujer loca o presuptuosa
candidate_spelling	preter	2	prever	prever, pretor, pretera, pretere, preterí, pretero	preter -> prever	2021 Wimmer	2021-wimmer:006771	xomalina	Traducción (es)	v.refl., cruza las piernas. / v.refl., cruzar alguna las piernas. preter: oninoxomalin
candidate_spelling	preñer	2	prever	prever, prender, preñar, preñez, preñe, preñé	preñer -> prever	1780 ? Bnf_361	1780-bnf-361:010752	ixticectic	Traducción	descolorido por el frío, o preñer; o deslavada cosa de algo
candidate_spelling	prostrado	2	procurado	procurado, postrado, prosperado, prosternado, proseado	prostrado -> procurado	1571 Molina 1	1571-molina-1:002855	tlaztihuetzi	Traducción	abalanzarse o echarse por esos suelos prostrado
candidate_spelling	punsada	2	pensada	pensada, puntada, pulsada, punzada, puñada	punsada -> pensada	1780 ? Bnf_361	1780-bnf-361:001687	tlatzapinilli	Traducción	punsada cosa
candidate_spelling	quando	2	cuando	cuando, cuándo, guando	quando -> cuando	2021 Wimmer	2021-wimmer:011715	cocomotza	Traducción (es)	v.t. tla-., con obj. definido, hacer resonar algo. / v.t. tla-., con obj. indef., golpear el suelo con los pies. / v.refl., saborear el pecho, hablando del niño que encabeza. / v.refl., paladear el niño quando mama
candidate_spelling	quebratera	2	quebrantare	quebrantare, quebrajare	quebratera -> quebrantare	153? Trilingüe	153-trilingue:005418	amo chicahuac	Traducción	flaca cosa quebratera
candidate_spelling	quel	2	que	que, aquel, fuel	quel -> que	1571 Molina 2	1571-molina-2:008924	ic niman	Traducción	y luego encontinente, o por lo quel. conjunción
candidate_spelling	quemman	2	queman	queman	quemman -> queman	17?? Bnf_362bis	17-bnf-362bis:000136	zazo	Traducción	antepuesto a los pronombres y adverbios interrogativos les quita el que lo sean, y su significación corresponde al cualquier castellano. verbigracia zazo tlein. cualquier cosa que. zazo quemman a cualquiera hora que. zazo aquin. cualquiera persona que
candidate_spelling	quenami	2	queman	queman	quenami -> queman	1571 Molina 2	1571-molina-2:011140	amo can eltzoyo  =	Traducción	cf. amocan quenami
candidate_spelling	questa	2	Queta	Queta, cuesta, puesta, tuesta	questa -> Queta	1598 Tezozomoc	1598-tezozomoc:000028	tlauhquecholtzontli	Traducción	plumaje de muy preciada y galana ave, questa ave llaman tlauhquechol
candidate_spelling	quevale	2	quépale	quépale, quémale	quevale -> quépale	1571 Molina 2	1571-molina-2:008323	huecatzatzilia	Traducción	pedir mas de lo quevale la cosa, el que la vende. s. vender caro
candidate_spelling	quexura	2	quesera	quesera	quexura -> quesera	1571 Molina 1	1571-molina-1:026261	teicihuitiliztli	Traducción	quexura prisa
candidate_spelling	rascaduro	2	rascador	rascador, rascadura	rascaduro -> rascador	1571 Molina 2	1571-molina-2:014223	nemomotzoloni	Traducción	rascaduro así
candidate_spelling	ratoa	2	rato	rato, ratos, ratón, ratona, ratea, atoa	ratoa -> rato	1571 Molina 2	1571-molina-2:004138	yecuelachic	Traducción	ratoa. s. que acaeció algo. adverb
candidate_spelling	rebalzada	2	realzada	realzada, rebalsada	rebalzada -> realzada	17?? Bnf_362	17-bnf-362:000944	cemmatiuh atl	Traducción	mansa agua que está rebalzada
candidate_spelling	reburujada	2	rebujada	rebujada	reburujada -> rebujada	1571 Molina 1	1571-molina-1:013648	imanahual	Traducción	manta reburujada que ponen al niño en la cuna para que no se vuelque
candidate_spelling	refregarvna	2	refregaran	refregaran, refregarían	refregarvna -> refregaran	1571 Molina 2	1571-molina-2:014534	netechehua	Traducción	refregarvna cosa con otra
candidate_spelling	regadiza	2	pegadiza	pegadiza, regadía, regaliza	regadiza -> pegadiza	153? Trilingüe	153-trilingue:004934	amilli	Traducción	regadiza cosa de riego
candidate_spelling	remigrar	2	emigrar	emigrar, remirar	remigrar -> emigrar	2021 Wimmer	2021-wimmer:011757	ahahuitztli	Traducción (es)	penne, pluma del ala (remigrar) o de la cola (rectriz) del ave
candidate_spelling	requa	2	raque	raque, recua	requa -> raque	1565 Sahagún Escolios	1565-sahagun-escolios:000418	cuecuechotinemi	Traducción	mujer que anda requa osadamente o ponposamente
candidate_spelling	resollo	2	resoplo	resoplo, repollo, resopló, desolló, resello, resolló	resollo -> resoplo	1547 Olmos_G	1547-olmos-g:000404	ihiyotl	Traducción	resollo; nihiyo
candidate_spelling	respectada	2	respectado	respectado, respetada	respectada -> respectado	1571 Molina 2	1571-molina-2:012663	mixtiliani	Traducción	persona que quiere ser respectada
candidate_spelling	resplendeciente	2	resplandeciente	resplandeciente	resplendeciente -> resplandeciente	1629 Alarcón	1629-alarcon:000073	tonacacihuatl	Traducción	mujer resplendeciente (y el [sic] diosa ceres) / nuestro sustento (al maíz que va enterrando) / semilla que es sustento
candidate_spelling	restreñido	2	estreñido	estreñido, restriñido, restriñendo	restreñido -> estreñido	1571 Molina 1	1571-molina-1:010790	cuitlatepitzahui	Traducción	cólico, el que padece esta énfermedad; también quiere decir, restreñido
candidate_spelling	retoñecerlos	2	retorceremos	retorceremos	retoñecerlos -> retorceremos	1571 Molina 1	1571-molina-1:004951	celia	Traducción	retoñecerlos árboles
candidate_spelling	retrayeur	2	retraer	retraer	retrayeur -> retraer	2021 Wimmer	2021-wimmer:039067	tlaixacqui	Traducción (es)	retrayeur, que remenda, repara una cosa
candidate_spelling	rezma	2	reama	reama, reza, resma, rezuma, rema, reuma	rezma -> reama	1571 Molina 2	1571-molina-2:005160	centlalpilli	Traducción	una rezma de papel, o un manojo de cosas menudas
candidate_spelling	rivi	2	Vivi	Vivi, divi, iivi, civi, livi, mivi	rivi -> Vivi	2021 Wimmer	2021-wimmer:010138	chiconahuapan	Traducción (es)	el paso de los neuf-rivières, que el difunto tuvo que cruzar con la ayuda de un pequeño perro
candidate_spelling	riñéndolo	2	riñéndole	riñéndole, riñéndola	riñéndolo -> riñéndole	1780 ? Bnf_361	1780-bnf-361:002690	tlazcalilli	Traducción	castigado riñéndolo o de palabra
candidate_spelling	rogación	2	rotación	rotación, erogación	rogación -> rotación	1780 ? Bnf_361	1780-bnf-361:001036	tlatlatlauhtiliztli	Traducción	rogación por ruegos
candidate_spelling	rogaton	2	rogaron	rogaron, regatón	rogaton -> rogaron	2021 Wimmer	2021-wimmer:002055	tlaxcalcotoctli	Traducción (es)	trozo de pan, patata frita, rogaton de pan
candidate_spelling	rrastrillar	2	rastrillar	rastrillar	rrastrillar -> rastrillar	1547 Olmos_V ?	1547-olmos-v:000499	cima	Traducción	rrastrillar al magueyo sacar el hilo del
candidate_spelling	rrempujar	2	rempujar	rempujar	rrempujar -> rempujar	17?? Bnf_362	17-bnf-362:000410	topehua	Traducción	resistir; empellar o rrempujar a otro
candidate_spelling	rrueda	2	rueda	rueda	rrueda -> rueda	1598 Tezozomoc	1598-tezozomoc:000562	citlaltlachtli	Traducción	estrellas del cielo / el norte y su rrueda
candidate_spelling	sabese	2	sabes	sabes, sables, saberes, sablees, sabes e	sabese -> sabes	1571 Molina 1	1571-molina-1:016370	machizti	Traducción	sabese, o suenase
candidate_spelling	sacate	2	sacare	sacare, sacaste, sacase, sacaré, acate, acaté	sacate -> sacare	17?? Bnf_362	17-bnf-362:001089	zacapitiuh	Traducción	ir atraer sacate para las bestias
candidate_spelling	sahornado	2	sahumando	sahumando, ahornado	sahornado -> sahumando	1571 Molina 1	1571-molina-1:007831	chichincalihui	Traducción	sahornado de sudor
candidate_spelling	sahorno	2	ahorno	ahorno, ahornó	sahorno -> ahorno	1571 Molina 1	1571-molina-1:007833	chichincalihuiliztli	Traducción	sahorno de esta manera
candidate_spelling	saltem	2	salten	salten, salte, salame, saltes, salté, saltea	saltem -> salten	17?? Bnf_362bis	17-bnf-362bis:000487	manelza	Traducción	siquiera. latin. saltem
candidate_spelling	sarral	2	parral	parral, sarao, sartal	sarral -> parral	1780 ? Bnf_361	1780-bnf-361:006767	cozcamecatl	Traducción	sarral de cuentas
candidate_spelling	serenate	2	serenata	serenata, serenare, serenase, serenaste, serenaré	serenate -> serenata	2021 Wimmer	2021-wimmer:018882	itlania	Traducción (es)	v.bitrans. tētla-., preguntar algo. a alguien. / v.bitrans. motla-., mendigar, pedir limosna. / v.bitrans. motla-., examina tu conciencia, serenate, consulta tus recuerdos, vuelve a ti mismo, sigue tus consejos. / v.bitrans. motla-., honorífico, preguntar. / v.bitrans. motē-., pedir en matrimonio
candidate_spelling	seya	2	sea	sea, sepa, soya, sena, seta, seda	seya -> sea	1571 Molina 2	1571-molina-2:004260	yeonaci	Traducción	ir seya cumpliendo el plazo, o el tiempo determinado
candidate_spelling	sich	2	Vich	Vich, sic	sich -> Vich	2021 Wimmer	2021-wimmer:014664	cuextli	Traducción (es)	huasteco. / a la forma poseída, ohōme mantihuiītze in īcuexhuan, es befinden sich (bei ihr) je zwei ihrer huaxteken
candidate_spelling	simul	2	simula	simula, simuló, símil, simule, simulo, simulé	simul -> simula	1595 Rincón	1595-rincon:000251	cuecuepoca	Traducción	brotar muchas cosas simul
candidate_spelling	sobacar	2	sobajar	sobajar	sobacar -> sobajar	1571 Molina 1	1571-molina-1:008493	ciyacahuia	Traducción	sobacar o sobarcar
candidate_spelling	soberamente	2	someramente	someramente	soberamente -> someramente	1571 Molina 1	1571-molina-1:012283	hueyca	Traducción	soberamente
candidate_spelling	soberuias	2	soberbias	soberbias	soberuias -> soberbias	1571 Molina 1	1571-molina-1:018435	mopouhca tlatoani	Traducción	hablador de soberuias
candidate_spelling	sobirse	2	sobres	sobres, subirse	sobirse -> sobres	1547 Olmos_V ?	1547-olmos-v:000100	tlecahui	Traducción	sobirse en alto
candidate_spelling	sobrev	2	sobre	sobre, sobré	sobrev -> sobre	153? Trilingüe	153-trilingue:004026	tepa huallauh	Traducción	sobrev14052:14056enir
candidate_spelling	sohornarse	2	sobornarse	sobornarse, sobornares	sohornarse -> sobornarse	1571 Molina 1	1571-molina-1:021508	nipipixqui	Traducción	escalentarse de calor o sohornarse
candidate_spelling	solene	2	solemne	solemne, soleen, solee	solene -> solemne	1571 Molina 1	1571-molina-1:012196	huey	Traducción	solene cosa
candidate_spelling	solenemente	2	solemnemente	solemnemente	solenemente -> solemnemente	1571 Molina 1	1571-molina-1:012282	hueyca	Traducción	solenemente
candidate_spelling	solenizar	2	solemnizar	solemnizar	solenizar -> solemnizar	1571 Molina 1	1571-molina-1:013536	ilhuiquixtia	Traducción	solenizar la sierra
candidate_spelling	solloso	2	sollozo	sollozo, sollozó	solloso -> sollozo	1780 ? Bnf_361	1780-bnf-361:004105	tzitzicunoliztli	Traducción	solloso del que llora
candidate_spelling	sonna	2	sonó	sonó, sonda, Sonia, sonsa, sorna, soné	sonna -> sonó	17?? Bnf_362	17-bnf-362:000673	xincayotl	Traducción	hollejo de las culebras; costra de llagas o sonna
candidate_spelling	sonrreirse	2	sonreírse	sonreírse, sonrieres	sonrreirse -> sonreírse	17?? Bnf_362	17-bnf-362:002467	ixhuetzca	Traducción	hacer gestos; sonrreirse
candidate_spelling	sospirando	2	suspirando	suspirando, suspirado	sospirando -> suspirando	1571 Molina 1	1571-molina-1:011148	elcicihuiliztica	Traducción	sospirando
candidate_spelling	sospiro	2	suspiro	suspiro, suspiró	sospiro -> suspiro	1571 Molina 1	1571-molina-1:011149	elcicihuiliztli	Traducción	sospiro
candidate_spelling	sostituto	2	sustituto	sustituto, sustituta, sustitutos, sustituyo	sostituto -> sustituto	1571 Molina 1	1571-molina-1:001347	tlatocatilia	Traducción	sostituto ser de alguno, o puesto en su lugar, conforme al oficio que tiene como de tlatoani
candidate_spelling	spirituales	2	espirituales	espirituales	spirituales -> espirituales	1571 Molina 2	1571-molina-2:018950	teomanilia	Traducción	ocupado en cosas spirituales y eclesiásticas
candidate_spelling	succeder	2	suceder	suceder	succeder -> suceder	1780 ? Bnf_361	1780-bnf-361:003512	toquilia	Traducción	succeder a otro que procede
candidate_spelling	sucedeme	2	sucededme	sucededme, sucederé	sucedeme -> sucededme	1780 ? Bnf_361	1780-bnf-361:013663	nechualtoquilia	Traducción	después de mi viene õ sucedeme
candidate_spelling	suenase	2	sueñas	sueñas, suenas, suenes, suenas e	suenase -> sueñas	1571 Molina 1	1571-molina-1:016370	machizti	Traducción	sabese, o suenase
candidate_spelling	sujuzgar	2	sojuzgar	sojuzgar	sujuzgar -> sojuzgar	1571 Molina 1	1571-molina-1:023167	panahuia	Traducción	sujuzgar
candidate_spelling	summar	2	sumar	sumar	summar -> sumar	1571 Molina 2	1571-molina-2:005157	centlalia	Traducción	summar lo que se cuenta
candidate_spelling	supurantes	2	susurrantes	susurrantes	supurantes -> susurrantes	2021 Wimmer	2021-wimmer:028440	papalani	Traducción (es)	v.i., estar cubierto de llagas supurantes o purulentas. / v.i., está cubierto de llagas supurantes
candidate_spelling	tabajo	2	trabajo	trabajo, tabaco, abajo, trabajó, tábano, tasajo	tabajo -> trabajo	1629 Alarcón	1629-alarcon:000819	iyohuia	Traducción	padecer tabajo
candidate_spelling	tables	2	tablet	tablet, ta, tales, tablas, cables, sables	tables -> tablet	1780 ? Bnf_361	1780-bnf-361:023467	tlacanahualiztli	Traducción	adelgazamiento de tables o piedras
candidate_spelling	tajaro	2	pájaro	pájaro, tajar, tajara, tajare, tajaron, tajador	tajaro -> pájaro	1571 Molina 1	1571-molina-1:005303	xoxotla	Traducción	tajaro despedazar
candidate_spelling	tallezca	2	fallezca	fallezca, tullezca	tallezca -> fallezca	1571 Molina 2	1571-molina-2:012248	mecellotl	Traducción	el cogollo de maguey antes que tallezca
candidate_spelling	tamalli	2	tamal	tamal	tamalli -> tamal	2021 Wimmer	2021-wimmer:007255	yacatatamalpol	Traducción (es)	que tiene una nariz en forma de tamalli
candidate_spelling	taxa	2	tasa	tasa, tata, taxi, taza, tapa, taca	taxa -> tasa	1780 ? Bnf_361	1780-bnf-361:002279	tlaxochtli	Traducción	taxa de pechos
candidate_spelling	taxcar	2	tascar	tascar, tacar	taxcar -> tascar	1571 Molina 1	1571-molina-1:027180	tencapania	Traducción	taxcar maxcando
candidate_spelling	tayta	2	tanta	tanta, tarta, tata, taita	tayta -> tanta	2021 Wimmer	2021-wimmer:031034	tata	Traducción (es)	llanto de niños llamando a su padre (por tayta, padre dice el niño)
candidate_spelling	tazajear	2	tasajear	tasajear	tazajear -> tasajear	17?? Bnf_362	17-bnf-362:000827	xoxotla	Traducción	tajar o tazajear
candidate_spelling	tecamara	2	recámara	recámara, recamara	tecamara -> recámara	17?? Bnf_362	17-bnf-362:001459	cochitlan	Traducción	cámara o tecamara de dormir
candidate_spelling	tecua	2	tecla	tecla, teca, techa, recua	tecua -> tecla	1629 Alarcón	1629-alarcon:000515	cua	Traducción	comer a (tei, tecua q.d. quemar a) / tragar
candidate_spelling	temati	2	termita	termita	temati -> termita	1565 Sahagún Escolios	1565-sahagun-escolios:000964	aquen tecuitlahuiya	Traducción	[no tener cuidado de nadie ] ídem [haquen temati]
candidate_spelling	terado	2	tirado	tirado, tejado, terrado, retado, merado, iterado	terado -> tirado	1780 ? Bnf_361	1780-bnf-361:017010	peyactic	Traducción	corriente de terado, o de cosa semejante
candidate_spelling	terciopel	2	terciopelo	terciopelo	terciopel -> terciopelo	1571 Molina 1	1571-molina-1:016204	lo mismo	Traducción	terciopel+o
candidate_spelling	tiempoa	2	tiempo	tiempo, tiempos, tiempo a	tiempoa -> tiempo	1571 Molina 2	1571-molina-2:008902	i  +	Traducción	poco tiempoa, o no ha mucho tiempo. adverbio
candidate_spelling	tierrra	2	tierra	tierra, iterar, itera	tierrra -> tierra	1780 ? Bnf_361	1780-bnf-361:008061	hualtecalaquiani	Traducción	pacificador de la tierrra
candidate_spelling	tisereta	2	tijereta	tijereta	tisereta -> tijereta	1571 Molina 1	1571-molina-1:005053	xocomecayacatzontli	Traducción	tisereta de vid
candidate_spelling	tolendas	2	toneladas	toneladas, tonelada	tolendas -> toneladas	153? Trilingüe	153-trilingue:006406	nacacahualiztli	Traducción	carnaval o carnes tolendas
candidate_spelling	tonalli	2	tonal	tonal	tonalli -> tonal	2021 Wimmer	2021-wimmer:003719	tonaltzintli	Traducción (es)	honor. en tonalli
candidate_spelling	torq	2	tory	tory, torre, toro, torra, torré, torró	torq -> tory	2021 Wimmer	2021-wimmer:009975	chichinaliztli	Traducción (es)	acción de chupar (torq.)
candidate_spelling	torresno	2	torrezno	torrezno	torresno -> torrezno	1780 ? Bnf_361	1780-bnf-361:003180	tocino tlatlehuatzalli	Traducción	torresno de tocino
candidate_spelling	totoca	2	totora	totora, totola	totoca -> totora	2021 Wimmer	2021-wimmer:003875	totoco	Traducción (es)	v.pasivo sobre totoca, ser expulsado
candidate_spelling	trabaio	2	trabajo	trabajo, trabajó, trabado, trabáis	trabaio -> trabajo	153? Trilingüe	153-trilingue:009570	tequitiliztli	Traducción	trabaio
candidate_spelling	tracera	2	trasera	trasera, traerá, trajera, trapera, bracera	tracera -> trasera	1765 Cortés y Zedeño	1765-cortes-y-zedeno:002281	itepotzco	Traducción	tracera parte
candidate_spelling	tracta	2	trata	trata, tracto, traca, tracia	tracta -> trata	1571 Molina 1	1571-molina-1:001302	tlatoa?  +	Traducción	que materia, o de que materia tracta?
candidate_spelling	trafagante	2	traficante	traficante, tragante	trafagante -> traficante	1571 Molina 2	1571-molina-2:023273	tlanecuilo	Traducción	mohatrero, tratante, regatón, o trafagante
candidate_spelling	tragon	2	tragos	tragos, dragón, trago, tragan, tragón, tragó	tragon -> tragos	1571 Molina 2	1571-molina-2:000977	tlatoloani	Traducción	tragon
candidate_spelling	trasdoblada	2	trasvolada	trasvolada, trascolada	trasdoblada -> trasvolada	1571 Molina 1	1571-molina-1:032519	tlacuecuelpacholli	Traducción	trasdoblada cosa
candidate_spelling	trasportado	2	transportado	transportado	trasportado -> transportado	1571 Molina 2	1571-molina-2:004165	yehuailhuia	Traducción	citar atento a lo que se dice, o arrobarse, y estar trasportado
candidate_spelling	travada	2	tratada	tratada, trabada, trazada, tragada, gravada, trovada	travada -> tratada	1780 ? Bnf_361	1780-bnf-361:001824	tlatzitzquilli	Traducción	travada cosa con trabazón
candidate_spelling	travaja	2	trabaja	trabaja	travaja -> trabaja	17?? Bnf_362	17-bnf-362:002971	motetlaquehualtiani	Traducción	peón que travaja, a jornal
candidate_spelling	travando	2	tratando	tratando, tragando, trazando, trabando, tramando, gravando	travando -> tratando	1780 ? Bnf_361	1780-bnf-361:001068	tlatlatoquillotiliztli	Traducción	soldadura travando
candidate_spelling	travarse	2	trabares	trabares, traversa	travarse -> trabares	1780 ? Bnf_361	1780-bnf-361:011451	malhuia	Traducción	dienta, o templanza tener en el comer; o travarse bien y delicadamente
candidate_spelling	tremesina	2	trementina	trementina, tremolina	tremesina -> trementina	153? Trilingüe	153-trilingue:001988	yeimetzcayotl	Traducción	tremesina cosa de tres meses
candidate_spelling	triumfar	2	triunfar	triunfar	triumfar -> triunfar	1571 Molina 1	1571-molina-1:010553	cui  +	Traducción	triumfar
candidate_spelling	trobar	2	probar	probar, trotar, trabar, tronar, trovar, brotar	trobar -> probar	1765 Cortés y Zedeño	1765-cortes-y-zedeno:000425	trobaroa versos	Traducción	trobar versos
candidate_spelling	trompezar	2	tropezar	tropezar, trompear, trompeara	trompezar -> tropezar	1571 Molina 1	1571-molina-1:025361	teca ninotepotlamia	Traducción	trompezar en otro
candidate_spelling	truchan	2	trucan	trucan, trochan	truchan -> trucan	153? Trilingüe	153-trilingue:009796	tetlahuehuetzquiti	Traducción	truchan que mueve risa
candidate_spelling	tular	2	cular	cular, mular, fular, telar, Tula, rular	tular -> cular	1598 Tezozomoc	1598-tezozomoc:000112	toltzalan	Traducción	tular *t
candidate_spelling	vaciamente	2	variamente	variamente, vacuamente	vaciamente -> variamente	1780 ? Bnf_361	1780-bnf-361:005884	iuhcatla	Traducción	vaciamente las cajas, o trojes llenas
candidate_spelling	vagueación	2	vacunación	vacunación, valuación	vagueación -> vacunación	1571 Molina 2	1571-molina-2:007387	ahuic yaliztli	Traducción	bambaneamiento, o vagueación
candidate_spelling	vanarse	2	varares	varares, varase, vagares, vacares	vanarse -> varares	1547 Olmos_V ?	1547-olmos-v:000777	altia	Traducción	vanarse [bañarse] en cualquiera agua
candidate_spelling	veca	2	vega	vega, vera, vea, vaca, vela, beca	veca -> vega	1565 Sahagún Escolios	1565-sahagun-escolios:000506	hueca	Traducción	veca lejos
candidate_spelling	vegada	2	negada	negada, velada, vetada, pegada, vedada, regada	vegada -> negada	153? Trilingüe	153-trilingue:002412	ceppa	Traducción	vegada por vez
candidate_spelling	vehemenciar	2	vehemencia	vehemencia, vehemencias	vehemenciar -> vehemencia	153? Trilingüe	153-trilingue:001951	yecoa	Traducción	vehemenciar
candidate_spelling	vetula	2	betuna	betuna, vétela	vetula -> betuna	2021 Wimmer	2021-wimmer:009409	chachalacametl	Traducción (es)	ornitología: chacamel ortalid. ortalis vetula
candidate_spelling	viguetas	2	viguesas	viguesas	viguetas -> viguesas	1551-95 Documentos nahuas de la Ciudad de México	1551-95-documentos-nahuas-de-la-ciudad-de-mexico:000762	cuahuacatl	Traducción	viguetas
candidate_spelling	vimbres	2	timbres	timbres, mimbres, vibres, cimbres	vimbres -> timbres	1780 ? Bnf_361	1780-bnf-361:008630	huexochapactli	Traducción	sauce para vimbres como pimiento
candidate_spelling	vomit	2	vomito	vomito, vomite, vomita, vomité, vomitó	vomit -> vomito	2021 Wimmer	2021-wimmer:019714	ixochtia	Traducción (es)	v.refl., vomit
candidate_spelling	work	2	Cork	Cork, York, word	work -> Cork	2021 Wimmer	2021-wimmer:011411	coatequiti	Traducción (es)	v.i., work on public, community works. / v.i., trabajar en obras publicas, o de comunidad
candidate_spelling	xilonen	2	xileno	xileno	xilonen -> xileno	2021 Wimmer	2021-wimmer:024961	necoquixecan	Traducción (es)	segundo de los cuatro lugares donde entra la encarnación de xilonen el día antes de su muerte
candidate_spelling	xxxii	2	xxixi	xxixi, xxcii, xcxii, cxxii, xixii, ixxii	xxxii -> xxixi	2021 Wimmer	2021-wimmer:015689	ellelmatzinoa	Traducción (es)	se sintió triste por ello. paredes; de la gravedad; malicia del pecado mortal; xxxii
candidate_spelling	yolic	2	Yoli	Yoli	yolic -> Yoli	17?? Bnf_362bis	17-bnf-362bis:000427	iyolic	Traducción	aveces pierde i, y queda yolic (quod vide)
candidate_spelling	yuntara	2	juntara	juntara, juntará, untara, untará, ayuntara, ayuntará	yuntara -> juntara	1780 ? Bnf_361	1780-bnf-361:026940	tlanetechnamictiliztli	Traducción	yuntara de una cosa con otra
candidate_spelling	zacuan	2	sacudan	sacudan, zaguán	zacuan -> sacudan	2021 Wimmer	2021-wimmer:008558	zacuampanitl	Traducción (es)	adorno, estandarte, banderín en plumas doradas del pájaro zacuan. estandarte de plumas del pájaro zaquan llevado en la espalda
candidate_spelling	zacuán	2	zaguán	zaguán	zacuán -> zaguán	1580 Sahagún/Máynez	1580-sahagun-maynez:000489	zacuampanitl	Traducción	bandera de pluma de zacuán
candidate_spelling	zaquan	2	saquen	saquen, saquean, saqueen, zaguán	zaquan -> saquen	2021 Wimmer	2021-wimmer:008558	zacuampanitl	Traducción (es)	adorno, estandarte, banderín en plumas doradas del pájaro zacuan. estandarte de plumas del pájaro zaquan llevado en la espalda
candidate_spelling	zatepan	2	zapean	zapean	zatepan -> zapean	17?? Bnf_362bis	17-bnf-362bis:000255	ic  +	Traducción	después. yecê ic zatepan. pero al fin, al cabo. vide quin zatepan
candidate_spelling	zonglotear	2	zangolotear	zangolotear, zangotear	zonglotear -> zangolotear	1571 Molina 2	1571-molina-2:006333	cocoxoca	Traducción	zonglotear, o bazucar la vasija, o sonar el huevo menguado
candidate_spelling	zongotear	2	zangotear	zangotear, zangoteara, zangoteare, zangoteará, zangotearé, zangoteas	zongotear -> zangotear	1571 Molina 1	1571-molina-1:008870	cocoxoca	Traducción	zongotear el cuerpo o la vasija, por no estar llena
candidate_spelling	zora	2	cora	cora, zona, hora, ora, ñora, dora	zora -> cora	1547 Olmos_V ?	1547-olmos-v:000556	coyotl	Traducción	zora o raposa
candidate_spelling	ímpeto	2	ímpetu	ímpetu, imputo, impelo	ímpeto -> ímpetu	1565 Sahagún Escolios	1565-sahagun-escolios:000738	maca	Traducción	arrojarse con ímpeto para hacer algo. o darse todo a van cosa
candidate_spelling	ñafete	2	gafete	gafete, gáfete	ñafete -> gafete	1571 Molina 1	1571-molina-1:003111	tlitlihuia	Traducción	ñafete, decir a otro por escarnio
candidate_spelling	ñublo	2	nulo	nulo, nubló, rublo, nublo, nubla, nuble	ñublo -> nulo	1571 Molina 1	1571-molina-1:025369	ayahuitl, quitlacoa tonacajiotl	Traducción	ñublo del pan
candidate_spelling	aalgúno	1	alguno	alguno	aalgúno -> alguno	1571 Molina 1	1571-molina-1:013756	in  +	Traducción	tener buena voluntad aalgúno
candidate_spelling	abejorron	1	abejorros	abejorros, abejorro	abejorron -> abejorros	2021 Wimmer	2021-wimmer:005708	xicotli	Traducción (es)	abeja grande; bumblebee. / abeja grande de miel que horada las arboles, o abejón. / abejorro, abejorron (z)
candidate_spelling	acaescio	1	acaeció	acaeció	acaescio -> acaeció	1571 Molina 2	1571-molina-2:009359	icuac  +	Traducción	especialmente cuando. s. acaescio aquello
candidate_spelling	acaeser	1	acaecer	acaecer	acaeser -> acaecer	1780 ? Bnf_361	1780-bnf-361:026307	tlamatzoa	Traducción	noticia dar a alguno de lo que le a de acaeser avisándole. p meta (?)
candidate_spelling	acah	1	hacha	hacha, aaah, ahah, aah	acah -> hacha	2021 Wimmer	2021-wimmer:034341	aaca	Traducción (es)	reduplicación de acah, variante de aqui. según
candidate_spelling	acali	1	Cali	Cali, acalló, acalle, acalla, acallo, acallé	acali -> Cali	1551-95 Documentos nahuas de la Ciudad de México	1551-95-documentos-nahuas-de-la-ciudad-de-mexico:000799	acal	Traducción	canoas de agua de / casilla de agua / casilla de agua donde se vende agua / casilla de agua que dicen acali / casilla que dicen acali
candidate_spelling	acap	1	acopa	acopa, acepa	acap -> acopa	1780 Clavijero	1780-clavijero:000834	cuauhacapatli	Traducción	véase acapàtli
candidate_spelling	acar	1	car	car, lacar, amar, sacar, atar, asar	acar -> car	1547 Olmos_V ?	1547-olmos-v:000105	tlehuatza	Traducción	acar [azar] algo
candidate_spelling	acariciante	1	acarician	acarician, acariciaste	acariciante -> acarician	2021 Wimmer	2021-wimmer:022058	maxochitl	Traducción (es)	mano acariciante
candidate_spelling	acarreolo	1	acarreo	acarreo, acarreó	acarreolo -> acarreo	153? Trilingüe	153-trilingue:000869	tlazacaliztli	Traducción	acarreolo mismo que acarreadura
candidate_spelling	acastañas	1	castañas	castañas, acatadas, acatabas, acataras, acatarras, a castañas	acastañas -> castañas	1571 Molina 1	1571-molina-1:022067	ocelotexxochitl	Traducción	flor de unas matas que tienen las raíces que saben acastañas
candidate_spelling	acauar	1	actuar	actuar, acatar, acallar	acauar -> actuar	1571 Molina 2	1571-molina-2:016782	popoxoa	Traducción	cuando se torna acauar la tierra que está ya labrada
candidate_spelling	acaudallar	1	acaudalar	acaudalar, acaudillar	acaudallar -> acaudalar	1780 ? Bnf_361	1780-bnf-361:013427	nanahuatia	Traducción	acaudallar; aconsejar
candidate_spelling	acavado	1	acabado	acabado, acatado, cavado, a cavado	acavado -> acabado	1780 ? Bnf_361	1780-bnf-361:005296	yecauhquiamoxtli	Traducción	libo acavado
candidate_spelling	acayoa	1	acalla	acalla, acallo	acayoa -> acalla	1571 Molina 2	1571-molina-2:007457	acaixhua	Traducción	lo mismo es que acayoa
candidate_spelling	acceptar	1	aceptar	aceptar	acceptar -> aceptar	1571 Molina 2	1571-molina-2:019984	tetlahuelittiliztli	Traducción	el acto de acceptar, o otorgar algo a otro
candidate_spelling	acecala	1	acéfala	acéfala, acicala	acecala -> acéfala	1571 Molina 2	1571-molina-2:023871	tlapetlahuani	Traducción	el que acecala o bruñe algo así
candidate_spelling	acelli	1	alelí	alelí	acelli -> alelí	2021 Wimmer	2021-wimmer:004201	acilin	Traducción (es)	ver las variantes acelli y acīlli
candidate_spelling	acer	1	hacer	hacer, aces, ace, ayer, caer, acero	acer -> hacer	1780 ? Bnf_361	1780-bnf-361:025982	tlamacehualiztlalhuia	Traducción	mandar (h)acer penitencia
candidate_spelling	acerrar	1	cerrar	cerrar, acertar, acercar, aferrar, acerar, aserrar	acerrar -> cerrar	1780 ? Bnf_361	1780-bnf-361:021039	tepoztzitziquillateconi	Traducción	sierra para acerrar de fierro
candidate_spelling	acertadam	1	acertada	acertada, acertadas	acertadam -> acertada	1780 ? Bnf_361	1780-bnf-361:025310	tlaipantililiztica	Traducción	acertadam(en)te lo que se dice o hace
candidate_spelling	acertamiénto	1	acercamiento	acercamiento, acortamiento	acertamiénto -> acercamiento	1571 Molina 2	1571-molina-2:022408	tlaipantililiztli	Traducción	acertamiénto así, dicha, ovéntura
candidate_spelling	aceterado	1	acelerado	acelerado	aceterado -> acelerado	1780 ? Bnf_361	1780-bnf-361:012503	mocipol	Traducción	aceterado por darse prisa
candidate_spelling	acetraría	1	acertaría	acertaría, acertara, acertarían, acertarías, aceraría	acetraría -> acertaría	153? Trilingüe	153-trilingue:011935	tlapiyaliztli tlapixcayotl	Traducción	acetraría de aves
candidate_spelling	acetrero	1	cetrero	cetrero, a cetrero	acetrero -> cetrero	153? Trilingüe	153-trilingue:000995	tlopixqui	Traducción	acetrero de aves
candidate_spelling	aceñero	1	aceleró	aceleró, arenero, acelero	aceñero -> aceleró	153? Trilingüe	153-trilingue:011853	tlapani	Traducción	aceñero molinero
candidate_spelling	achacaso	1	achacado	achacado, achacas, achacase, achacoso, achacosa, achacas o	achacaso -> achacado	1780 ? Bnf_361	1780-bnf-361:011434	amonotzallani	Traducción	achacaso ser por achacar algo a otro
candidate_spelling	achamuscar	1	chamuscar	chamuscar, achurruscar, a chamuscar	achamuscar -> chamuscar	1571 Molina 2	1571-molina-2:009082	ichinalhuia	Traducción	quemar, o achamuscar algo a otro
candidate_spelling	aciaca	1	achaca	achaca, aciaga, acicala	aciaca -> achaca	1780 ? Bnf_361	1780-bnf-361:006977	cualitqui	Traducción	traer algo aciaca
candidate_spelling	acinco	1	cinco	cinco, ahínco, ahincó, afincó, afinco, a cinco	acinco -> cinco	1571 Molina 1	1571-molina-1:005948	yeonnauhyopan	Traducción	hoy acinco días
candidate_spelling	acladal	1	acallad	acallad	acladal -> acallad	1780 ? Bnf_361	1780-bnf-361:000282	tlatequilia	Traducción	echar acladal? en cubierto *
candidate_spelling	acoces	1	acotes	acotes, acoges, coces, acoses, acodes, aceces	acoces -> acotes	1571 Molina 2	1571-molina-2:019759	teteliczaliztica	Traducción	acoces, o dando de coces, o con coces
candidate_spelling	acogendose	1	acogiéndose	acogiéndose, acogedores	acogendose -> acogiéndose	1571 Molina 2	1571-molina-2:008209	hualmoyeltia	Traducción	huir acogendose a algún lugar
candidate_spelling	acompa	1	compa	compa, acampa, acopa, acomba, a compa	acompa -> compa	1547 Olmos_V ?	1547-olmos-v:000759	huica	Traducción	llevar a otro acompa
candidate_spelling	acompanandolo	1	acampanándolo	acampanándolo, acompañándolo	acompanandolo -> acampanándolo	1780 ? Bnf_361	1780-bnf-361:008670	huica	Traducción	acompañar a otro caminando. seguir a otro acompanandolo. regir
candidate_spelling	acomparal	1	acompañar	acompañar, acompaña, acompañan, acompañará, acompañad, acompañaré	acomparal -> acompañar	1547 Olmos_V ?	1547-olmos-v:001266	nenehuilia	Traducción	igualar acomparal
candidate_spelling	acompañam	1	acompañar	acompañar, acompañan, acompaña, acompañad, acompañas	acompañam -> acompañar	1780 ? Bnf_361	1780-bnf-361:021863	tetlanyeliztli	Traducción	acompañam(ien(to de alguno, estando en su casa
candidate_spelling	acompañamdolo	1	acompañándolo	acompañándolo	acompañamdolo -> acompañándolo	1780 ? Bnf_361	1780-bnf-361:018951	tehuicaliztli	Traducción	seguimiento acompañamdolo; acompañamiento de aquel que va caminando
candidate_spelling	acompañameinto	1	acompañamiento	acompañamiento	acompañameinto -> acompañamiento	1780 ? Bnf_361	1780-bnf-361:018954	tehuicaltitinemiliztli	Traducción	acompañameinto del mayor; o igualdel que acompaña
candidate_spelling	acompañandole	1	acompañando	acompañando, acompañándole	acompañandole -> acompañando	1571 Molina 2	1571-molina-2:019366	tepotztocatiuh	Traducción	ir siguiendo a alguno, oír tras el siguiéndole y acompañandole
candidate_spelling	aconpañado	1	acompañado	acompañado	aconpañado -> acompañado	1598 Tezozomoc	1598-tezozomoc:001615	teponaztli	Traducción	atabal consonante aconpañado [del tlalpanhuehuetl], rrolliso, hendido casi [a] la mitad de por medio, hueco de adentro, como de una vara de largo
candidate_spelling	aconpañar	1	acompañar	acompañar, acontañar	aconpañar -> acompañar	1547 Olmos_V ?	1547-olmos-v:000758	huica	Traducción	aconpañar [a] otro y llevar
candidate_spelling	acordarseme	1	acordares	acordares, acordársele	acordarseme -> acordares	1571 Molina 2	1571-molina-2:009707	ilnamiquilia	Traducción	acordarseme de lo que otro cometió o hizo
candidate_spelling	acordores	1	acordares	acordares, acordones	acordores -> acordares	1547 Olmos_V ?	1547-olmos-v:000362	yolmaci	Traducción	contentarse y acordores
candidate_spelling	acosear	1	acostar	acostar, acosar, acocear	acosear -> acostar	1765 Cortés y Zedeño	1765-cortes-y-zedeno:001492	cuezoa	Traducción	acosear, enfadar
candidate_spelling	acostumrar	1	acostumbra	acostumbra, acostumbrar	acostumrar -> acostumbra	1780 ? Bnf_361	1780-bnf-361:011751	maxaloa	Traducción	cebar a otro de alguna cosa; o acostumrar a otro, y enseñarle ruindades
candidate_spelling	acostúmbrarse	1	acostumbrase	acostumbrase, acostumbrares, acostumbrare	acostúmbrarse -> acostumbrase	1571 Molina 2	1571-molina-2:010230	itech nematiliztli	Traducción	el acto de acostúmbrarse alguno, a alguna cosa
candidate_spelling	acredor	1	acreedor	acreedor	acredor -> acreedor	1780 ? Bnf_361	1780-bnf-361:009823	itechtlaactica	Traducción	acredor
candidate_spelling	acrescentar	1	acrecentar	acrecentar	acrescentar -> acrecentar	1547 Olmos_G	1547-olmos-g:000856	tlapihuia	Traducción	acrescentar algo
candidate_spelling	acresentada	1	acrecentada	acrecentada	acresentada -> acrecentada	1780 ? Bnf_361	1780-bnf-361:026417	tlamiequililli	Traducción	acresentada cosa de algo
candidate_spelling	acudimeinto	1	acudimiento	acudimiento	acudimeinto -> acudimiento	1780 ? Bnf_361	1780-bnf-361:023372	tlacalaquiliztli	Traducción	acudimeinto con el tributo, o renta
candidate_spelling	acundido	1	acudido	acudido, cundido, a cundido	acundido -> acudido	1571 Molina 2	1571-molina-2:016014	otlatocac	Traducción	caminante, o la mancha que acundido mucho
candidate_spelling	acurrucandose	1	acurrucados	acurrucados, acurrucando	acurrucandose -> acurrucados	1780 ? Bnf_361	1780-bnf-361:014440	nepichtlaliliztli	Traducción	encogimiento acurrucandose, haciéndose como ovillo, juntando las rodillas con la cabeza
candidate_spelling	acutela	1	acátela	acátela, cautela	acutela -> acátela	1780 ? Bnf_361	1780-bnf-361:023357	tlacaittaliztica	Traducción	engañosamente con acutela, por engañar a otro con apariencia de bien
candidate_spelling	acuya	1	cuya	cuya, acusa, acuda, acuña, acuna, acula	acuya -> cuya	1765 Cortés y Zedeño	1765-cortes-y-zedeno:003100	aquin  +	Traducción	de acuya donde está alguno, adv
candidate_spelling	acuzado	1	acusado	acusado, azuzado, acunado, acuñado, aguzado, aculado	acuzado -> acusado	1780 ? Bnf_361	1780-bnf-361:024656	tlacuitlachihuilli	Traducción	acuzado falsamente
candidate_spelling	acézar	1	acerar	acerar, avezar, atezar, acepar, acezar, acezas	acézar -> acerar	153? Trilingüe	153-trilingue:003958	hicichi hiutl	Traducción	acézar o aliento
candidate_spelling	acónsejarle	1	aconsejable	aconsejable, aconsejar, aconsejaría, aconsejaron, aconsejables, aconsejará	acónsejarle -> aconsejable	1571 Molina 2	1571-molina-2:009568	ihuitl, tlapalli, tizatl nictlalia	Traducción	avisar a alguno y acónsejarle lo que le conviene
candidate_spelling	adar	1	aduar	aduar, dar, amar, andar, atar, radar	adar -> aduar	1571 Molina 1	1571-molina-1:009603	cualtia  +	Traducción	jugar adar a comer tierra, hinchéndo la boca de la dicha tierra al que pierde el juego
candidate_spelling	addverbios	1	adverbios	adverbios	addverbios -> adverbios	17?? Bnf_362bis	17-bnf-362bis:000299	imman	Traducción	(vide ayamo imman. ye imman. aocmo imman, huel imman,) compuesto con estes y otros addverbios tiene diversas significaciones pero todas pertenecientes a tiempo y hora
candidate_spelling	adelgasada	1	adelgazada	adelgazada	adelgasada -> adelgazada	1780 ? Bnf_361	1780-bnf-361:027792	tlapitzahualli	Traducción	adelgasada cosa así de hilo o cosas delgadas, y rollizas o cantar con voz delgada y mujeril
candidate_spelling	adellantadas	1	adelantadas	adelantadas, adellAntadas	adellantadas -> adelantadas	1780 ? Bnf_361	1780-bnf-361:018289	tecampaxoliztica	Traducción	adellantadas mordiendo sin sacar bocado
candidate_spelling	adellentada	1	adelantada	adelantada, adecentada	adellentada -> adelantada	1780 ? Bnf_361	1780-bnf-361:000861	tlatlanquechilli	Traducción	adellentada cosa, mordiendo sin sacar bocado
candidate_spelling	ademandar	1	adelantar	adelantar, demandar, ademando, ademara, ademadas, ademada	ademandar -> adelantar	1571 Molina 2	1571-molina-2:009901	inama	Traducción	ir ademandar la deuda alacreedor, inquirir y preguntar a los que han dicho algo contra mi, o a los que oyeron decir mal de mi, para purgarme y dar aentender mi inocencia
candidate_spelling	adentalladas	1	adentelladas	adentelladas	adentalladas -> adentelladas	1780 ? Bnf_361	1780-bnf-361:021079	tequetzomaliztica	Traducción	adentalladas mordiendo sin sacar bocado
candidate_spelling	aderesa	1	adereza	adereza, adehesa	aderesa -> adereza	1571 Molina 2	1571-molina-2:020592	teyecchichihua	Traducción	el que aderesa y compone a otro
candidate_spelling	aderesada	1	aderezada	aderezada, adehesada	aderesada -> aderezada	1780 ? Bnf_361	1780-bnf-361:026076	tlamahuichichiuhtli	Traducción	aderesada cosa es adormar algo honrosamente
candidate_spelling	adereso	1	aderezo	aderezo, aderezó, adeheso	adereso -> aderezo	1692 Guerra	1692-guerra:000210	chichihua	Traducción	yo adereso
candidate_spelling	aderezda	1	aderezada	aderezada, adereza, aderezad	aderezda -> aderezada	1780 ? Bnf_361	1780-bnf-361:023905	tlachichiuhtli	Traducción	aderezda cosa con algún adorno
candidate_spelling	adeser	1	asedar	asedar	adeser -> asedar	1571 Molina 2	1571-molina-2:014357	nenicmati	Traducción	yo se como adeser esto, o dexadme hacer a mí, o a mi cargo está eso
candidate_spelling	adevar	1	ademar	ademar, advera	adevar -> ademar	1780 ? Bnf_361	1780-bnf-361:014791	nexcuacualatza	Traducción	adevar ropa vieja
candidate_spelling	adianto	1	amianto	amianto, adiando, a dianto	adianto -> amianto	1780 Clavijero	1780-clavijero:000765	cozticpatli	Traducción	nombre de dos plantas medicinales de las cuales la una es semejante al adianto
candidate_spelling	adibinar	1	adivinar	adivinar	adibinar -> adivinar	1547 Olmos_V ?	1547-olmos-v:001520	pohua	Traducción	contar y adibinar
candidate_spelling	adiferencia	1	diferencia	diferencia, a diferencia	adiferencia -> diferencia	17?? Bnf_362bis	17-bnf-362bis:000686	quecizquipa	Traducción	cuantas veces cada uno. adiferencia de quezquipa? que tantas veces? cuantas veces? preguntando
candidate_spelling	adiudica	1	adjudica	adjudica	adiudica -> adjudica	1595 Rincón	1595-rincon:000643	tlaaxcatilli	Traducción	aquel a quien se adiudica algo
candidate_spelling	adiuina	1	adivina	adivina	adiuina -> adivina	1571 Molina 2	1571-molina-2:009195	amanani	Traducción	adivino que adiuina en agua, o el que hace cacao para beber
candidate_spelling	adjectivo	1	adjetivo	adjetivo, adjetivó	adjectivo -> adjetivo	1780 ? Bnf_361	1780-bnf-361:009938	amo miec	Traducción	poco nombre adjectivo
candidate_spelling	adminable	1	admirable	admirable, adminuble	adminable -> admirable	1780 ? Bnf_361	1780-bnf-361:011358	mahuizauhqui	Traducción	milagroso; ilustre cosa famosa, o esclarecida; señalado en bien; adminable cosa
candidate_spelling	admirante	1	almirante	almirante, admiran, admiraste	admirante -> almirante	1780 ? Bnf_361	1780-bnf-361:005554	yi	Traducción	interjección de admirante con indignación
candidate_spelling	adolerce	1	adolece	adolece	adolerce -> adolece	153? Trilingüe	153-trilingue:007544	atlamati	Traducción	adolerce de otro
candidate_spelling	adoption	1	adopción	adopción	adoption -> adopción	1571 Molina 2	1571-molina-2:008148	gracia  +	Traducción	gracia de adoption, o de prohijación
candidate_spelling	adormar	1	adornar	adornar, adormir, adorar, adorara, ahormar	adormar -> adornar	1780 ? Bnf_361	1780-bnf-361:026076	tlamahuichichiuhtli	Traducción	aderesada cosa es adormar algo honrosamente
candidate_spelling	adormeciodo	1	adormecidos	adormecidos, adormecido	adormeciodo -> adormecidos	1780 ? Bnf_361	1780-bnf-361:024098	tlacochtlaztli	Traducción	adormeciodo alguno con encantamiento
candidate_spelling	adormesco	1	adormezco	adormezco	adormesco -> adormezco	1547 Olmos_G	1547-olmos-g:000258	cochitia	Traducción	yo adormesco a otro
candidate_spelling	adornandose	1	adornando	adornando, adornados, adornadores	adornandose -> adornando	1571 Molina 2	1571-molina-2:010502	ixami	Traducción	codiciar mujeres adornandose para ser de ellas codiciado
candidate_spelling	adubes	1	adobes	adobes, aduces, adules, adunes, adufes	adubes -> adobes	1547 Olmos_V ?	1547-olmos-v:000220	xancopina	Traducción	hacer adubes
candidate_spelling	aduersa	1	adversa	adversa, adueñas, aduerma, adujeras, aduermas	aduersa -> adversa	1571 Molina 2	1571-molina-2:016811	pouhtiuh	Traducción	andar con seguridad, sin temer alguna cosa aduersa
candidate_spelling	adufera	1	adujera	adujera, adulare, adunare	adufera -> adujera	153? Trilingüe	153-trilingue:002907	cihuatl huehuetztzonani	Traducción	adufera la que los tañe
candidate_spelling	adufle	1	adule	adule, adulé, adufe	adufle -> adule	1780 ? Bnf_361	1780-bnf-361:007735	ehuahuehuetl	Traducción	adufe, adufle, pandero para tañer las mujeres
candidate_spelling	adutero	1	adulteró	adulteró, adultero	adutero -> adulteró	1780 ? Bnf_361	1780-bnf-361:020571	tepanyani	Traducción	adutero, o adultera
candidate_spelling	adverbos	1	adverso	adverso, adversos, adverbios	adverbos -> adverso	17?? Bnf_362bis	17-bnf-362bis:000110	za	Traducción	antepuesto a nombres, verbos, o adverbos denota ser infalible lo que ellos significan
candidate_spelling	adversivo	1	advertido	advertido, adverso, adverbio, adversativo	adversivo -> advertido	17?? Bnf_362bis	17-bnf-362bis:000636	oc ye	Traducción	mas, comparativo. vide achi mas comparativo el yê aviva mucho la comparación, porque es adversivo o otra cosa antecedente, o subsequente
candidate_spelling	advertancia	1	advertencia	advertencia	advertancia -> advertencia	1759 Paredes	1759-paredes:001056	machizpan  +	Traducción	advertancia y libertad
candidate_spelling	adáreme	1	adarme	adarme, adarmes	adáreme -> adarme	153? Trilingüe	153-trilingue:009504	tepoztlatemantli	Traducción	adáreme dinero o peso
candidate_spelling	adáremes	1	adarmes	adarmes	adáremes -> adarmes	153? Trilingüe	153-trilingue:000010	tlatemanti	Traducción	adáremes dos
candidate_spelling	aechiaduras	1	acepilladuras	acepilladuras, ahechaduras, achicaduras	aechiaduras -> acepilladuras	153? Trilingüe	153-trilingue:011787	tlaoltzetzelhuazoiloni	Traducción	aechiaduras de trigo
candidate_spelling	aentender	1	entender	entender, atender, a entender	aentender -> entender	1571 Molina 2	1571-molina-2:009901	inama	Traducción	ir ademandar la deuda alacreedor, inquirir y preguntar a los que han dicho algo contra mi, o a los que oyeron decir mal de mi, para purgarme y dar aentender mi inocencia
candidate_spelling	aescondidas	1	escondidas	escondidas, a escondidas	aescondidas -> escondidas	1571 Molina 2	1571-molina-2:009115	ichtaca	Traducción	secretamente, o aescondidas. adverbio
candidate_spelling	afachos	1	ajachos	ajachos, amachos	afachos -> ajachos	1780 ? Bnf_361	1780-bnf-361:001724	tlatzetzeliuhcayotl	Traducción	afachos? o salvados
candidate_spelling	afarmar	1	afirmar	afirmar, alarmar, afamar	afarmar -> afirmar	1780 ? Bnf_361	1780-bnf-361:003153	tocayotia	Traducción	esclarecer o afarmar a otro
candidate_spelling	afentar	1	atentar	atentar, afectar, alentar, asentar, afeitar, aventar	afentar -> atentar	1780 ? Bnf_361	1780-bnf-361:011388	mahuizpoloa	Traducción	denostar, õ afentar
candidate_spelling	aferes	1	ayeres	ayeres, aferres, afees, aceres, afueres, aperes	aferes -> ayeres	153? Trilingüe	153-trilingue:006925	nenquizalizti tlatlamatiliztli	Traducción	aferes negocios inútiles
candidate_spelling	affirmada	1	afirmada	afirmada	affirmada -> afirmada	1571 Molina 2	1571-molina-2:023301	tlanelitolli	Traducción	cosa affirmada por verdad
candidate_spelling	affirmatiuo	1	afirmativo	afirmativo	affirmatiuo -> afirmativo	1571 Molina 2	1571-molina-2:011174	iye	Traducción	si. adv. affirmatiuo
candidate_spelling	aflicion	1	afición	afición, aflicción	aflicion -> afición	2021 Wimmer	2021-wimmer:009964	chichinaca	Traducción (es)	v.i., sufrir, tener dolor, estar triste, tener dolor. / v.i., tener dolor, pena, aflicion. / v.t. tē-., atormentar, afligir, torturar a alguien
candidate_spelling	aflictiua	1	aflictiva	aflictiva	aflictiua -> aflictiva	1571 Molina 2	1571-molina-2:020328	tetolini	Traducción	cosa penosa y aflictiua
candidate_spelling	afligerse	1	afligirse	afligirse, afligieres	afligerse -> afligirse	1571 Molina 2	1571-molina-2:023563	tlaocolellelaxitia	Traducción	entristecerse y afligerse mucho
candidate_spelling	afligimeinto	1	afilamiento	afilamiento	afligimeinto -> afilamiento	1780 ? Bnf_361	1780-bnf-361:022206	tetoliniliztli	Traducción	empobrecim(ein(to a otro; agravio; empecimeinto de otro; aflicción, o afligimeinto; emolestia
candidate_spelling	aflije	1	afloje	afloje, aflijo, aflige, aflojé, aflija, alije	aflije -> afloje	1645 Carochi	1645-carochi:002386	tetolini	Traducción	trabajo, aflicción / cosa que aflije
candidate_spelling	aflixir	1	afligir	afligir	aflixir -> afligir	1547 Olmos_V ?	1547-olmos-v:000127	tolinia	Traducción	aflixir a uno
candidate_spelling	afloxo	1	aflojo	aflojo, afloró, aflojó	afloxo -> aflojo	1692 Guerra	1692-guerra:000040	caxani	Traducción	yo afloxo
candidate_spelling	afrendadamente	1	aferradamente	aferradamente	afrendadamente -> aferradamente	1780 ? Bnf_361	1780-bnf-361:018189	teatemohuiliztica	Traducción	afrendadamente
candidate_spelling	afreniar	1	afrentar	afrentar	afreniar -> afrentar	1780 ? Bnf_361	1780-bnf-361:016660	papaca	Traducción	vituperar; denostar, o afreniar (?);
candidate_spelling	afrentadam	1	afrentadas	afrentadas, afrentada	afrentadam -> afrentadas	1780 ? Bnf_361	1780-bnf-361:020704	tepinahuiliztica	Traducción	afrentadam(en(te a otro
candidate_spelling	afrenter	1	afrente	afrente, afrentar, afrenten, afrentes, afrenté, afrentare	afrenter -> afrente	2021 Wimmer	2021-wimmer:013085	cuanamiqui	Traducción (es)	v.refl., unir, hablando de dos extremos, de dos extremidades. / v.t. tē-., oponerse, resistir a alguien, contradecir, atacar, confrontar a alguien. afrenter, le ataca, le asalta, lo resiste
candidate_spelling	afruenta	1	afrenta	afrenta	afruenta -> afrenta	153? Trilingüe	153-trilingue:009364	tepinauhtliliztli	Traducción	afruenta
candidate_spelling	afuciar	1	acuciar	acuciar	afuciar -> acuciar	153? Trilingüe	153-trilingue:007004	netemachiltia **	Traducción	afuciar dar esperanza
candidate_spelling	agazapandose	1	agazapados	agazapados, agazapando	agazapandose -> agazapados	1571 Molina 2	1571-molina-2:013975	nehuilanuia	Traducción	asechar a otros agazapandose
candidate_spelling	aglo	1	algo	algo, agro, galo, anglo, agio, aguo	aglo -> algo	1780 ? Bnf_361	1780-bnf-361:014235	nenehuilia	Traducción	igualar lo desigual; comparar una cosa con otra; cotejar, xemejar comparando uno a otro; igualando cosas largas; pesar en balanza; emparejar algo; parear o hermanar una cosa con otra, o conchabar aglo
candidate_spelling	agorea	1	ágora	ágora, agorera, agoré	agorea -> ágora	1571 Molina 2	1571-molina-2:015970	atlan teittani	Traducción	el que agorea en agua
candidate_spelling	agoreando	1	agorando	agorando	agoreando -> agorando	1571 Molina 2	1571-molina-2:012239	mecatlapohua	Traducción	echar suertes con cordeles, agoreando
candidate_spelling	agoviado	1	agobiado	agobiado	agoviado -> agobiado	1780 ? Bnf_361	1780-bnf-361:024801	tlaetililli	Traducción	agoviado con demasiada carga
candidate_spelling	agrabiadose	1	agraviados	agraviados, agraciados, agraviadores	agrabiadose -> agraviados	1547 Olmos_V ?	1547-olmos-v:000235	xicoa	Traducción	ensañarse agrabiadose y habiendo envidia
candidate_spelling	agrabiar	1	agraviar	agraviar, agraciar	agrabiar -> agraviar	1547 Olmos_V ?	1547-olmos-v:001002	ixtoca	Traducción	agrabiar a otro
candidate_spelling	agran	1	gran	gran, abran, aran, aguan, aíran, agra	agran -> gran	1571 Molina 2	1571-molina-2:021131	tlacaellelli	Traducción	el que es desposeído, castigado, o viene agran pobreza, por haber sido avariento cruel sin misericordia con los pobres, cuando tenia abundancia para los socorrer y hacerles bien
candidate_spelling	agrar	1	Agar	Agar, aguar, arar, airar, agriar, agra	agrar -> Agar	1780 ? Bnf_361	1780-bnf-361:010909	ixxocohuia	Traducción	cegar a otro con agrar, o limon
candidate_spelling	agraviadam	1	agraviadas	agraviadas, agraviada	agraviadam -> agraviadas	1780 ? Bnf_361	1780-bnf-361:022204	tetoliniliztica	Traducción	agraviadam(en(te; moloestamente de algo
candidate_spelling	agrifar	1	agriar	agriar, agriara	agrifar -> agriar	1780 ? Bnf_361	1780-bnf-361:009007	icihuitia	Traducción	agrifar a otro, ariciar, dar prisa, o apresurarla
candidate_spelling	aguacarse	1	aguazarse	aguazarse, aguachares	aguacarse -> aguazarse	1547 Olmos_V ?	1547-olmos-v:001228	apachihui	Traducción	aguacarse [aguazarse] la tierra
candidate_spelling	aguafria	1	aguaría	aguaría	aguafria -> aguaría	1571 Molina 2	1571-molina-2:015680	atl  +	Traducción	aguafria
candidate_spelling	aguami	1	águame	águame	aguami -> águame	2021 Wimmer	2021-wimmer:032088	ayocuammanalli	Traducción (es)	adorno de plumas de aguami
candidate_spelling	aguaseros	1	aguaceros	aguaceros, aguásemos, aguaderos, aguateros	aguaseros -> aguaceros	1780 ? Bnf_361	1780-bnf-361:021339	tetecuicatiuh	Traducción	hacer ruido el río; que ca recio, y lleva las peñas con las avenidas de grandes aguaseros
candidate_spelling	aguayerba	1	aguadera	aguadera	aguayerba -> aguadera	1629 Alarcón	1629-alarcon:001078	atl  +	Traducción	blanca mujer (hija del aguayerba)
candidate_spelling	agudam	1	aguda	aguda, agudas, aguada, aguado, aguad	agudam -> aguda	1780 ? Bnf_361	1780-bnf-361:023264	tlacaccayotica	Traducción	agudam(en)te diligente
candidate_spelling	agueto	1	agüero	agüero, asueto	agueto -> agüero	1780 ? Bnf_361	1780-bnf-361:017321	polihui noyollo	Traducción	rebotarse, o embotarse lo agueto
candidate_spelling	agugereada	1	agujereada	agujereada	agugereada -> agujereada	1780 ? Bnf_361	1780-bnf-361:002027	tlaxapotlalli	Traducción	cosa agugereada
candidate_spelling	agugero	1	agüero	agüero, agujero	agugero -> agüero	17?? Bnf_362	17-bnf-362:001555	coyahuac	Traducción	ancho agugero
candidate_spelling	aguijeño	1	aguileño	aguileño, aguijen	aguijeño -> aguileño	153? Trilingüe	153-trilingue:007600	atlanteyo	Traducción	aguijeño lleno de guijas
candidate_spelling	agujericos	1	agujeros	agujeros, aguerridos, agujerados, agujeremos, agujeraos, agujeramos	agujericos -> agujeros	1571 Molina 2	1571-molina-2:020723	tezontli	Traducción	piedra tosca, llena de agujericos y liviana
candidate_spelling	agustia	1	agustina	agustina, angustia, aguaita, amustia	agustia -> agustina	1780 ? Bnf_361	1780-bnf-361:014350	nentlamatiliztli	Traducción	pasión congoja; agustia; tribulación; fatiga del anima
candidate_spelling	aguxerada	1	agujerada	agujerada	aguxerada -> agujerada	1598 Tezozomoc	1598-tezozomoc:000737	cuauhxicalli	Traducción	piedra redonda / batea grande de piedra aguxerada en medio/ vaso o brasero de piedra a figura del sol para la adoración del templo de huitzilopochtli adonde echan corazones umanos / piedra o degolladero o piedra carnicera o taxón de carnicero / vaso y brasero de piedra y degolladero de inocente
candidate_spelling	aguzanieve	1	aguzanieves	aguzanieves, aguanieve	aguzanieve -> aguzanieves	153? Trilingüe	153-trilingue:002440	cetototzintli	Traducción	aguzanieve avecita
candidate_spelling	ahao	1	chao	chao, arao, asao, ahah, aha, aha o	ahao -> chao	1571 Molina 2	1571-molina-2:018045	ayo	Traducción	ahao, ola, oís. adverbio, para llamar
candidate_spelling	ahcol	1	achole	achole, acholé, achola, acholo, acholó	ahcol -> achole	2021 Wimmer	2021-wimmer:009278	acoltetequi	Traducción (es)	v.refl., se corta en el hombro. tehtequi, morf. incorp. ahcol-li
candidate_spelling	ahcolman	1	acholan	acholan	ahcolman -> acholan	2021 Wimmer	2021-wimmer:034081	tepexpan	Traducción (es)	localidad ubicada al este de l. san cristóbal, a medio camino entre la laguna y ahcolman
candidate_spelling	ahincadam	1	ahincadas	ahincadas, ahincada	ahincadam -> ahincadas	1780 ? Bnf_361	1780-bnf-361:021764	tetlamatataquiliztica	Traducción	ahincadam(en(te importunadndo
candidate_spelling	ahincamente	1	ahincadamente	ahincadamente	ahincamente -> ahincadamente	1780 ? Bnf_361	1780-bnf-361:021493	tetequihuiliztica	Traducción	ahincamente importunado
candidate_spelling	ahnel	1	ahelee	ahelee	ahnel -> ahelee	2021 Wimmer	2021-wimmer:023218	anel	Traducción (es)	soy descuidado. / ahnel
candidate_spelling	airaresarse	1	arrasares	arrasares, atravesares	airaresarse -> arrasares	1780 ? Bnf_361	1780-bnf-361:024918	tlahuelcuitia	Traducción	airaresarse? en palabras con otros
candidate_spelling	ajedrea	1	ajedrez	ajedrez, ajetrea, apedrea	ajedrea -> ajedrez	2021 Wimmer	2021-wimmer:009913	chichilhuauhtli	Traducción (es)	ajedrea roja o violácea
candidate_spelling	ajente	1	ajete	ajete, agente, atente, alenté, avente, asenté	ajente -> ajete	1547 Olmos_V ?	1547-olmos-v:000630	cuilontia	Traducción	ser ajente
candidate_spelling	ajongera	1	alongare	alongare	ajongera -> alongare	153? Trilingüe	153-trilingue:003902	epyollotli	Traducción	ajongera
candidate_spelling	ajujerar	1	agujerar	agujerar	ajujerar -> agujerar	1547 Olmos_V ?	1547-olmos-v:000555	coyonia	Traducción	horada ajujerar
candidate_spelling	alacha	1	agacha	agacha, lacha, acalla, Halacha, a lacha	alacha -> agacha	153? Trilingüe	153-trilingue:004909	amichi	Traducción	alacha pez
candidate_spelling	aladeras	1	laderas	laderas, ataderas, aladares, a laderas	aladeras -> laderas	1580 Sahagún/Máynez	1580-sahagun-maynez:001511	papahuaque	Traducción	"que tienen aladeras"", ""los que tienen cabellera larga"
candidate_spelling	alagandole	1	alabándole	alabándole, alagándose	alagandole -> alabándole	1780 ? Bnf_361	1780-bnf-361:003828	ceceltia	Traducción	alegrar a otro recreándolo, y rogarle alagandole
candidate_spelling	alagua	1	lagua	lagua, Aragua, alaga, algara, a lagua	alagua -> lagua	1780 ? Bnf_361	1780-bnf-361:017993	quiyautla ninoquetza	Traducción	ponerse alagua cuando llueve
candidate_spelling	alahe	1	alabe	alabe, alabé, álabe, alabee	alahe -> alabe	1571 Molina 2	1571-molina-2:005227	cenui  +	Traducción	alahe todos juntos vamos igualmente
candidate_spelling	alaja	1	alana	alana, alama, alajú, aleja, alaba, ataja	alaja -> alana	17?? Bnf_362	17-bnf-362:001263	chantlatquitl	Traducción	alaja de casa
candidate_spelling	alalua	1	allana	allana, avalúa	alalua -> allana	1571 Molina 2	1571-molina-2:022290	tlahuizcalpa	Traducción	alalua, o en amaneciendo
candidate_spelling	alamedal	1	alameda	alameda, alamedas, a lamedal	alamedal -> alameda	153? Trilingüe	153-trilingue:001731	xoquicuacualaxtli	Traducción	atolladal o alamedal
candidate_spelling	alaton	1	Platón	Platón, latón, halaron	alaton -> Platón	1571 Molina 2	1571-molina-2:019507	tepoztlecaxitl	Traducción	incensario de alaton o de cobre
candidate_spelling	alatón	1	Platón	Platón, latón, a latón	alatón -> Platón	153? Trilingüe	153-trilingue:009145	tepaztli teocuitlanezqui	Traducción	alatón morisco
candidate_spelling	albacnia	1	Albania	Albania	albacnia -> Albania	153? Trilingüe	153-trilingue:006187	mitillatechpepechtli	Traducción	albacnia en aramigo lo restâte
candidate_spelling	albazo	1	alazo	alazo, alabo, alzaba, Albano, alabeo	albazo -> alazo	1579 Durán	1579-duran:000248	moyohualicalli	Traducción	"albazo (dice garibay en el español de hoy, ""madrugarle a alguno"")"
candidate_spelling	albañería	1	albañilería	albañilería, altanería	albañería -> albañilería	153? Trilingüe	153-trilingue:010998	callamatiliztli	Traducción	albañería
candidate_spelling	alberotar	1	alborotar	alborotar, alborear, alboreara	alberotar -> alborotar	1547 Olmos_V ?	1547-olmos-v:000546	comonia	Traducción	alberotar o turbar
candidate_spelling	albogue	1	abogue	abogue, abogué	albogue -> abogue	153? Trilingüe	153-trilingue:003444	cuauhacapitztli	Traducción	albogue o flauta
candidate_spelling	alborroto	1	alboroto	alboroto, alborotó	alborroto -> alboroto	1780 ? Bnf_361	1780-bnf-361:028197	tlatecuiniliztli	Traducción	bullicio o alborroto de gente
candidate_spelling	albárda	1	alabarda	alabarda, albarda	albárda -> alabarda	153? Trilingüe	153-trilingue:000539	castilla tochpepechtli	Traducción	albárda de bestia
candidate_spelling	albúra	1	altura	altura, albura, albur	albúra -> altura	153? Trilingüe	153-trilingue:005473	iztacatiliztli	Traducción	albúra blancura
candidate_spelling	alcabada	1	acabada	acabada, alabada, aldabada	alcabada -> acabada	1780 ? Bnf_361	1780-bnf-361:017291	pochtecatequitl	Traducción	alcabada, o sisaque se pide a los mercaderes
candidate_spelling	alcaduz	1	alcazuz	alcazuz, arcaduz	alcaduz -> alcazuz	1571 Molina 1	1571-molina-1:020448	apipilolli	Traducción	alcaduz
candidate_spelling	alcalce	1	alcalde	alcalde, alcance, alcancé, alcalice, alcalicé	alcalce -> alcalde	153? Trilingüe	153-trilingue:010039	tetotocalizli	Traducción	alcalce de los enemigos
candidate_spelling	alcancar	1	Alcanar	Alcanar, alcanzar	alcancar -> Alcanar	1547 Olmos_V ?	1547-olmos-v:000508	cnopilhuia	Traducción	alcancar algo
candidate_spelling	alcansado	1	alcanzado	alcanzado	alcansado -> alcanzado	1598 Tezozomoc	1598-tezozomoc:001134	nacxitl	Traducción	caminador / no alcansado *d
candidate_spelling	alcansar	1	Alcanar	Alcanar, alcanzar	alcansar -> Alcanar	17?? Bnf_362	17-bnf-362:002209	icnopilhuia	Traducción	impetrar conseguir, o alcansar algo
candidate_spelling	alcanso	1	alcanzó	alcanzó, alcanzo	alcanso -> alcanzó	1692 Guerra	1692-guerra:000046	aci	Traducción	yo alcanso
candidate_spelling	alcanzandole	1	alcanzando	alcanzando, alcanzándole	alcanzandole -> alcanzando	1571 Molina 2	1571-molina-2:004513	yolloitta	Traducción	entender a otro, alcanzandole de cuenta
candidate_spelling	alcauallo	1	alzacuello	alzacuello, alciuallo	alcauallo -> alzacuello	1571 Molina 1	1571-molina-1:030856	cahuallo  +	Traducción	cinchar o ponerla cincha alcauallo
candidate_spelling	alcrebite	1	acredite	acredite	alcrebite -> acredite	153? Trilingüe	153-trilingue:000966	tletlalli	Traducción	alcrebite o piedra azufre
candidate_spelling	alcuña	1	alguna	alguna, acuña, acuna, aluna, alcuza	alcuña -> alguna	1571 Molina 2	1571-molina-2:008358	huehuetocaitl	Traducción	alcuña, o nombre de linaje
candidate_spelling	alegrandolo	1	alegándolo	alegándolo, alegrando	alegrandolo -> alegándolo	1780 ? Bnf_361	1780-bnf-361:006726	ahahuiltia	Traducción	deleitar a otro, alegrandolo
candidate_spelling	alegremenente	1	alegremente	alegremente	alegremenente -> alegremente	1780 ? Bnf_361	1780-bnf-361:018347	tecapaquiliztica	Traducción	alegremenente del mal del otro
candidate_spelling	alenta	1	alerta	alerta, atenta, lenta, alentar, alentó, alienta	alenta -> alerta	1780 ? Bnf_361	1780-bnf-361:017805	quinepanoainnoyollo	Traducción	caer en la alenta de lo que se dice, y de lo que primero no entendía
candidate_spelling	alentura	1	alentar	alentar, aventura, alentará, calentura, alentara	alentura -> alentar	1780 ? Bnf_361	1780-bnf-361:015176	at	Traducción	por alentura
candidate_spelling	alexixa	1	alexia	alexia, Alexia	alexixa -> alexia	1598 Tezozomoc	1598-tezozomoc:001374	atolli	Traducción	atole / alexixa / [tipo de] brebaje
candidate_spelling	alfexis	1	Alexis	Alexis	alfexis -> Alexis	17?? Bnf_362	17-bnf-362:001588	cuachpanitquic	Traducción	alfexis o propiamente signifer
candidate_spelling	alfilel	1	alfiles	alfiles, alfiler	alfilel -> alfiles	153? Trilingüe	153-trilingue:009507	tepoztlatlazozoani	Traducción	alfiler o alfilel
candidate_spelling	alfogarada	1	alfombrada	alfombrada, afogarada	alfogarada -> alfombrada	153? Trilingüe	153-trilingue:006682	necomoniliztli	Traducción	alfogarada en arábigo
candidate_spelling	alforia	1	alforja	alforja, alforza	alforia -> alforja	1571 Molina 1	1571-molina-1:004705	xiquipilli	Traducción	alforia
candidate_spelling	algan	1	Alban	Alban, algún, alguna, salgan, alegan, algas	algan -> Alban	1780 ? Bnf_361	1780-bnf-361:020719	tepipichoani	Traducción	lisonjero; enlabiador de la mujer, o algan a alguno con plabras blandas
candidate_spelling	algina	1	alguna	alguna, aliña, albina, alpina, Alina, álgida	algina -> alguna	1780 ? Bnf_361	1780-bnf-361:017051	pilichauhqui	Traducción	arrugado alguno o algina; marchito
candidate_spelling	algive	1	aljibe	aljibe, altive	algive -> aljibe	1780 ? Bnf_361	1780-bnf-361:016190	atlalilli	Traducción	algive, o cisterna
candidate_spelling	algrave	1	Algarve	Algarve, alargue, agrave	algrave -> Algarve	153? Trilingüe	153-trilingue:007655	oztotl	Traducción	algrave
candidate_spelling	algu	1	algo	algo, alga	algu -> algo	1780 ? Bnf_361	1780-bnf-361:000708	tlatlaliani	Traducción	fabricador de algu artificio
candidate_spelling	algujero	1	agujero	agujero, agujeró	algujero -> agujero	1571 Molina 2	1571-molina-2:013405	nacazteyollotl	Traducción	el algujero del oído
candidate_spelling	algujna	1	alguna	alguna	algujna -> alguna	1780 ? Bnf_361	1780-bnf-361:025457	tlaixololoani	Traducción	desnatador de algujna cosa
candidate_spelling	algunacosa	1	almunacosa	almunacosa	algunacosa -> almunacosa	1780 ? Bnf_361	1780-bnf-361:021246	tetechnetlaca nequiliztli	Traducción	fieldad, o fidelidad de la cosa en que confiamos; desconfianza de alguno: lealdad de algunacosa
candidate_spelling	alidon	1	almidón	almidón, alieno	alidon -> almidón	1780 ? Bnf_361	1780-bnf-361:010897	ixtzotzoliuhcainatolli	Traducción	tez de alguna cosa liquida, o cuajada, como la tapa o nata de leche cuajada, o de poleadas, cuando están, maza de alidon, o de cosa semejante, que tiene tez en la sobre haz
candidate_spelling	alientar	1	alentar	alentar, alimentar, alinear, alienta, alientan, alientas	alientar -> alentar	1759 Paredes	1759-paredes:000318	yolehua	Traducción	alientar a / mover a
candidate_spelling	alifio	1	alivio	alivio, Alirio	alifio -> alivio	153? Trilingüe	153-trilingue:010619	tlachichihualiztli	Traducción	alifio o atavío
candidate_spelling	alijandola	1	alijando	alijando, alienadora, alijadora	alijandola -> alijando	1780 ? Bnf_361	1780-bnf-361:023169	tlaatlammayauhtli	Traducción	echada cosa a la mar, alijandola por la tempestad
candidate_spelling	alimpia	1	limpia	limpia, a limpia	alimpia -> limpia	1571 Molina 2	1571-molina-2:017675	techipauh	Traducción	cosa que alimpia a otros
candidate_spelling	alimpian	1	limpian	limpian, a limpian	alimpian -> limpian	1571 Molina 2	1571-molina-2:022264	tlahuitecoyan	Traducción	la era, o lugar donde trillan, y alimpian semillas
candidate_spelling	alioj	1	alijos	alijos, alijo, alió, alijó, alío	alioj -> alijos	153? Trilingüe	153-trilingue:008839	telolotetl	Traducción	alioj mármol
candidate_spelling	alipar	1	alisar	alisar, aliar, aliñar, apilar, alijar, aliara	alipar -> alisar	153? Trilingüe	153-trilingue:011786	tlaoltzetzelhuazhuia	Traducción	cribar o alipar con criuo
candidate_spelling	alizada	1	alzada	alzada, aliada, alisada, atizada, aliñada, alijada	alizada -> alzada	1780 ? Bnf_361	1780-bnf-361:025489	tlaixpetlauhtli	Traducción	alizada madera
candidate_spelling	aljana	1	alana	alana, allana, alhajan	aljana -> alana	153? Trilingüe	153-trilingue:008356	teacotlaza ^	Traducción	aljana o carcaj
candidate_spelling	alle	1	al	al, galle, ella, allí, ale, calle	alle -> al	2021 Wimmer	2021-wimmer:014988	cuitlalpia	Traducción (es)	v.t. tla-., atar, unir. / v.t. tē-., ceñir a otro. / v.refl., ceñir, ceñirse los lomos. / alle haben ihre tabakkalebassen hinden umgegürtet. / v.refl. en sentido pasivo, estando unido en el medio
candidate_spelling	allegamientoá	1	allegamientos	allegamientos, allegamiento	allegamientoá -> allegamientos	1780 ? Bnf_361	1780-bnf-361:021243	tetechnepacholiztli	Traducción	allegamientoá otro
candidate_spelling	allente	1	allende	allende, aliente, alenté, Allende	allente -> allende	153? Trilingüe	153-trilingue:004689	oc nepa micuania	Traducción	casa mudar allente
candidate_spelling	allo	1	al	al, algo, ello, alto, allí, allá	allo -> al	1692 Guerra	1692-guerra:000472	mati	Traducción	yo me allo
candidate_spelling	alloros	1	lloros	lloros, aleros, a lloros	alloros -> lloros	153? Trilingüe	153-trilingue:003153	contlalli	Traducción	barro de alloros
candidate_spelling	almagrado	1	alambrado	alambrado	almagrado -> alambrado	153? Trilingüe	153-trilingue:000687	tlauhyo	Traducción	almagrado con almagre
candidate_spelling	almenor	1	almendro	almendro, almenar	almenor -> almendro	1571 Molina 1	1571-molina-1:001157	tlatlauhtia	Traducción	rogar al igual o almenor
candidate_spelling	almoaza	1	alomara	alomara, alomaba, alomada	almoaza -> alomara	1780 ? Bnf_361	1780-bnf-361:011823	mazatepoztzicuahuaztli	Traducción	almoaza
candidate_spelling	almodrote	1	alboroté	alboroté, alborote	almodrote -> alboroté	153? Trilingüe	153-trilingue:005884	maxtenquilmolli quezoio	Traducción	almodrote de ajos y queso
candidate_spelling	almúd	1	alud	alud, Talmud	almúd -> alud	153? Trilingüe	153-trilingue:003272	cuahuacallatamachihuallonito	Traducción	almúd o celemín
candidate_spelling	alna	1	arna	arna, alana, alta, alma, alba, lana	alna -> arna	153? Trilingüe	153-trilingue:003157	copilli tilmatamachiyoaloni	Traducción	vara de medir o alna
candidate_spelling	alniño	1	alpino	alpino, aliño, aliñó, aniño, aniñó, alineo	alniño -> alpino	17?? Bnf_362	17-bnf-362:001293	chichihualcahualtia	Traducción	destetar alniño
candidate_spelling	alog	1	algo	algo, vlog, blog, aloe	alog -> algo	2021 Wimmer	2021-wimmer:024657	napalhuia	Traducción (es)	v.bitrans., llevar alog en las manos o en los brazos para otro
candidate_spelling	alomeh	1	alome	alome, alomes, alomen	alomeh -> alome	2021 Wimmer	2021-wimmer:016721	alo	Traducción (es)	ara macao. / plural., alomeh, guacamayos
candidate_spelling	alpeso	1	Alpes	Alpes, alpes, alpes o	alpeso -> Alpes	1571 Molina 2	1571-molina-2:023900	tlapihuilia	Traducción	añadir algo mas alpeso, o a la medida, o el que vende barato a otros
candidate_spelling	alquerque	1	Albuquerque	Albuquerque	alquerque -> Albuquerque	153? Trilingüe	153-trilingue:007819	patolcalli	Traducción	alquerque
candidate_spelling	alrga	1	larga	larga, alega, alarga, alga, alaga	alrga -> larga	1780 ? Bnf_361	1780-bnf-361:024592	tlacuetlanilli	Traducción	cosa quebrada comopalos de cosa alrga vide cuetlania
candidate_spelling	alsava	1	alzaba	alzaba, Álava	alsava -> alzaba	1780 ? Bnf_361	1780-bnf-361:012086	micomitl	Traducción	alsava; carcaj de saetas
candidate_spelling	altabaque	1	almanaque	almanaque	altabaque -> almanaque	153? Trilingüe	153-trilingue:003425	cuauhcaxitl	Traducción	altabaque
candidate_spelling	altava	1	altiva	altiva, Álava	altava -> altiva	1780 ? Bnf_361	1780-bnf-361:012302	mixiquipilli	Traducción	altava; carcaj de saetas
candidate_spelling	alterarseme	1	alterares	alterares, alterárseme	alterarseme -> alterares	1571 Molina 2	1571-molina-2:004550	yollotetecuica	Traducción	alterarseme o dolerme el corazón
candidate_spelling	aluar	1	Alvar	Alvar, aduar, altar, aliar, alzar, aguar	aluar -> Alvar	1571 Molina 2	1571-molina-2:017772	ayauhcuahuitl	Traducción	pino aluar
candidate_spelling	aluergandolo	1	albergándolo	albergándolo	aluergandolo -> albergándolo	1571 Molina 2	1571-molina-2:006193	cochitia	Traducción	dar posada a otro aluergandolo, o hacer dormir a alguno
candidate_spelling	aluergar	1	albergar	albergar	aluergar -> albergar	1571 Molina 1	1571-molina-1:008639	cochitia	Traducción	aluergar a otro
candidate_spelling	alumbram	1	alumbran	alumbran, alumbrar, alumbra, alumbras, alumbrad	alumbram -> alumbran	1780 ? Bnf_361	1780-bnf-361:021688	tetlahuiliztli	Traducción	alumbram(ien(to de otro con candela
candidate_spelling	alunbro	1	alumbró	alumbró, alumbro	alunbro -> alumbró	1692 Guerra	1692-guerra:000013	tlatlatilia	Traducción	yo le enciendo, o le alunbro
candidate_spelling	alva	1	alta	alta, alba, lava, alza, ala, alma	alva -> alta	2021 Wimmer	2021-wimmer:039455	tlalchitonatiuh	Traducción (es)	nombre que le da fernando alva ixtlilxochitl a la segunda edad del mundo. historia de la nación chichimeca cap. yo
candidate_spelling	alvayarde	1	albarrada	albarrada, albayalde, albayaldes	alvayarde -> albarrada	1765 Cortés y Zedeño	1765-cortes-y-zedeno:002489	iztactic	Traducción	alvayarde, o blanquete
candidate_spelling	alvañi	1	albañil	albañil	alvañi -> albañil	1780 ? Bnf_361	1780-bnf-361:028061	tlaquilqui	Traducción	alvañi
candidate_spelling	alánceada	1	balanceada	balanceada, lanceada, alanceada, alanceado, alanceara, alancead	alánceada -> balanceada	1571 Molina 2	1571-molina-2:000177	tlatepoztopilhuilli	Traducción	alanceado, o alánceada
candidate_spelling	amamar	1	amasar	amasar, alamar, amagar, amañar, amarar, afamar	amamar -> amasar	1571 Molina 2	1571-molina-2:005582	chichitia	Traducción	dar amamar
candidate_spelling	amana	1	amina	amina, alana, amaba, amada, amena, emana	amana -> amina	1780 ? Bnf_361	1780-bnf-361:013537	neamanaliztli	Traducción	ruido hacer pateando con ira; agonia; desasosiego de otro; alteración y turbación por algún negocio. v. amana nin
candidate_spelling	amandados	1	mandados	mandados, amañados, amansados, apandados, a mandados	amandados -> mandados	1571 Molina 2	1571-molina-2:020892	tititlantli	Traducción	mensajero, o mozo que va amandados
candidate_spelling	amandolo	1	ajándolo	ajándolo, amándolo	amandolo -> ajándolo	1780 ? Bnf_361	1780-bnf-361:002782	tlazotla	Traducción	querer bien a otro amandolo
candidate_spelling	amanesiendo	1	amaneciendo	amaneciendo	amanesiendo -> amaneciendo	17?? Bnf_362	17-bnf-362:004939	tlaneci	Traducción	aclarar amanesiendo
candidate_spelling	amano	1	amino	amino, alano, maño, amado, mano, ameno	amano -> amino	2021 Wimmer	2021-wimmer:040279	tlamayeccancopa	Traducción (es)	a mano derecha. / amano derecha
candidate_spelling	amapan	1	amaban	amaban, amasan, amaran, amagan, amarran, amaina	amapan -> amaban	2021 Wimmer	2021-wimmer:017840	amapantzitzin	Traducción (es)	plural: encarnaciones del dios amapan
candidate_spelling	amargca	1	amarga	amarga	amargca -> amarga	1547 Olmos_V ?	1547-olmos-v:000438	chichia	Traducción	amargca [amargar]
candidate_spelling	amargoso	1	amargos	amargos, amargaos, amargos o	amargoso -> amargos	153? Trilingüe	153-trilingue:002548	chichic	Traducción	amargo amargoso
candidate_spelling	amarillarse	1	amartillares	amartillares, amarilleares	amarillarse -> amartillares	1565 Sahagún Escolios	1565-sahagun-escolios:001420	tlacozahuiya	Traducción	amarillarse el sol o los maizales que están para colarse (para cogerse)
candidate_spelling	amasiar	1	amasar	amasar, amasara	amasiar -> amasar	153? Trilingüe	153-trilingue:005414	ixxacualoa	Traducción	amasiar
candidate_spelling	amatada	1	adatada	adatada, acatada, amasada, amarrada, amañada, amagada	amatada -> adatada	1571 Molina 2	1571-molina-2:021328	tlacehuilli	Traducción	cosa enfriada, o cosa amatada, o cosa mitigada y desenconada, o cosa aliviada del trabajo
candidate_spelling	amech	1	Lamech	Lamech	amech -> Lamech	1780 Clavijero	1780-clavijero:002355	poloa	Traducción	tocar, o pertenecer. con nech, mitz, tech y amech
candidate_spelling	amedias	1	además	además, ademas, medias, asedias, medías, acedías	amedias -> además	1780 ? Bnf_361	1780-bnf-361:002099	tlaxelhuia	Traducción	dar amedias
candidate_spelling	amedrentandolo	1	amedrentando	amedrentando, amedrentándola	amedrentandolo -> amedrentando	1571 Molina 2	1571-molina-2:018408	temamauhtiliztli	Traducción	fiero que se hace a otro amedrentandolo
candidate_spelling	amenasada	1	amenazada	amenazada	amenasada -> amenazada	1780 ? Bnf_361	1780-bnf-361:026162	tlamamauhtilli	Traducción	amenasada, amedrentado
candidate_spelling	amenazadam	1	amenazadas	amenazadas, amenazada	amenazadam -> amenazadas	1780 ? Bnf_361	1780-bnf-361:021384	tetemmamauhtiliztica	Traducción	amenazadam(en(te
candidate_spelling	amenezandome	1	amenazándome	amenazándome, amenizándome	amenezandome -> amenazándome	1571 Molina 2	1571-molina-2:009845	in  +	Traducción	estar contra mi amenezandome, los pecados que cometí
candidate_spelling	amilpanpa	1	amilana	amilana, amilanada, amilanara, amilanaba	amilpanpa -> amilana	1551-95 Documentos nahuas de la Ciudad de México	1551-95-documentos-nahuas-de-la-ciudad-de-mexico:001321	amilpampa itzticac	Traducción	[sur] estar hacia amilpanpa
candidate_spelling	amimadas	1	animadas	animadas, mimadas, amigadas, a mimadas	amimadas -> animadas	1780 ? Bnf_361	1780-bnf-361:026294	tlamattica	Traducción	estar quedo, hablando de cosas amimadas
candidate_spelling	amineto	1	amigote	amigote	amineto -> amigote	1780 ? Bnf_361	1780-bnf-361:016408	atlatl	Traducción	amineto para tirar
candidate_spelling	amis	1	axis	axis, Tamis, Camis, mis, amos, amas	amis -> axis	1571 Molina 2	1571-molina-2:014756	netzatzacutimani	Traducción	estar algunos amis lados, o a mi manderecha e izquierda
candidate_spelling	amnzado	1	amansado	amansado	amnzado -> amansado	1780 ? Bnf_361	1780-bnf-361:000500	tlatlacacihuitilli	Traducción	amnzado animal
candidate_spelling	amoler	1	amolar	amolar, moler, amover, amolare, a moler	amoler -> amolar	153? Trilingüe	153-trilingue:009494	tetltepoztentiloni	Traducción	muela para amoler
candidate_spelling	amollantada	1	amoratada	amoratada	amollantada -> amoratada	1780 ? Bnf_361	1780-bnf-361:002422	tlayamanilli	Traducción	amollantada cosa
candidate_spelling	amonozo	1	amoroso	amoroso	amonozo -> amoroso	17?? Bnf_362bis	17-bnf-362bis:000481	amo nel nozo	Traducción	es interrogativo, y significa lo mismo que su sinónimo amonozo
candidate_spelling	amontanada	1	amontonada	amontonada	amontanada -> amontonada	153? Trilingüe	153-trilingue:011372	tlaltepehualli	Traducción	tierra amontanada
candidate_spelling	amorar	1	adorar	adorar, añorar, amolar, morar, atorar, aforar	amorar -> adorar	1571 Molina 2	1571-molina-2:020486	texalli	Traducción	piedra arenisca como molejón para amorar herramienta
candidate_spelling	amortecrse	1	amortecerse	amortecerse, amorteces	amortecrse -> amortecerse	2021 Wimmer	2021-wimmer:008855	zotlahua	Traducción (es)	v.t. tē-., quitarle a alguien. sus fuerzas, lo desanimen, lo hagan desmayar. / v.t. tla-., estropear una cosa. / v.refl., desmayarse, caer en debilidad. / v.i., desmayarse o amortecrse
candidate_spelling	amotada	1	anotada	anotada, agotada, azotada, acotada, amolada, amoratad	amotada -> anotada	1780 ? Bnf_361	1780-bnf-361:000105	tlatenitztilli	Traducción	amotada cosa
candidate_spelling	amotecerse	1	amortecerse	amortecerse, amortecieres	amotecerse -> amortecerse	153? Trilingüe	153-trilingue:002288	zotlahua ^	Traducción	amotecerse
candidate_spelling	amoxcarse	1	amoscarse	amoscarse, amoscares	amoxcarse -> amoscarse	1571 Molina 2	1571-molina-2:007778	ecapehuia	Traducción	amoxcarse con moxcador, o hacer aire con el, o conpaño de manos
candidate_spelling	amoyentada	1	amonestada	amonestada, amonedada	amoyentada -> amonestada	1780 ? Bnf_361	1780-bnf-361:026457	tlamoleuhtli	Traducción	amoyentada tierra
candidate_spelling	ample	1	amplíe	amplíe, ámale, ámele, Apple, apple	ample -> amplíe	1780 ? Bnf_361	1780-bnf-361:013334	nahuatequi	Traducción	abrazarse ample...
candidate_spelling	amuchos	1	muchos	muchos, a muchos	amuchos -> muchos	1571 Molina 2	1571-molina-2:017486	teachcauhhuia	Traducción	ser mejorado en manda de testamento o en lo que se reparte amuchos
candidate_spelling	amui	1	Maui	Maui	amui -> Maui	17?? Bnf_362bis	17-bnf-362bis:000171	cualcan  +	Traducción	amui buena hora, o tiempo. en muy buen lugar, oparte. es adverbio de tiempo, y lugar
candidate_spelling	anada	1	nada	nada, anda, amada, añada, Canadá, cañada	anada -> nada	1571 Molina 2	1571-molina-2:016800	atletilia	Traducción	aniquilar alguna cosa, o tornarla anada
candidate_spelling	anadie	1	nadie	nadie, añadió, añade, añadir, añadid, ánade	anadie -> nadie	1571 Molina 2	1571-molina-2:008952	ica  +	Traducción	no engañes ni burles anadie
candidate_spelling	anado	1	amado	amado, ando, añado, asado, ganado, atado	anado -> amado	1780 ? Bnf_361	1780-bnf-361:002237	tlaxiuhtequiliztica, nihualquiza	Traducción	salir anado
candidate_spelling	anana	1	anona	anona, alana, mañana, nana, araña, banana	anana -> anona	1780 Clavijero	1780-clavijero:001661	matzatli	Traducción	piña, o anana fruta conocida
candidate_spelling	anañar	1	arañar	arañar, amañar, afanar, apañar, aniñar, abañar	anañar -> arañar	17?? Bnf_362	17-bnf-362:002957	momotzoa	Traducción	rascar, es también anañar; rasguñar
candidate_spelling	ancio	1	ancho	ancho, nació, ansío, ansió, rancio, ancló	ancio -> ancho	153? Trilingüe	153-trilingue:005779	tequitl itech momati	Traducción	usar de ancio
candidate_spelling	andal	1	anda	anda, andas, andar, andan, anual, Nadal	andal -> anda	1547 Olmos_V ?	1547-olmos-v:001255	nemi	Traducción	conversar andal con otro
candidate_spelling	andalse	1	ándale	ándale, andares	andalse -> ándale	1547 Olmos_V ?	1547-olmos-v:000012	tlatitinemi	Traducción	andalse escondiendo
candidate_spelling	andario	1	andaría	andaría, anuario, andamio, andrajo	andario -> andaría	1780 Clavijero	1780-clavijero:001225	icxixouhqui	Traducción	cierta ave semejante al andario
candidate_spelling	andeando	1	andando	andando, ondeando, bandeando, pandeando, aneando, anadeando	andeando -> andando	1571 Molina 1	1571-molina-1:010343	cuecuelotiuh	Traducción	andear o andar andeando
candidate_spelling	andear	1	andar	andar, ondear, pandear, bandear, anear, anadear	andear -> andar	1571 Molina 1	1571-molina-1:010343	cuecuelotiuh	Traducción	andear o andar andeando
candidate_spelling	andáda	1	andaba	andaba, andada, andado, andad, bandada, mandada	andáda -> andaba	153? Trilingüe	153-trilingue:002958	cihuatlacpahuitectli	Traducción	antenada o andáda
candidate_spelling	aneblarse	1	anublares	anublares, anublarse	aneblarse -> anublares	1547 Olmos_V ?	1547-olmos-v:001555	popoyoti	Traducción	aneblarse el pan
candidate_spelling	aneconi	1	avecino	avecino, acecino	aneconi -> avecino	1571 Molina 2	1571-molina-2:012739	anequiliztli	Traducción	lo mismo es que aneconi
candidate_spelling	angeo	1	ángel	ángel, anglo, Angelo, anegó, aneo, anego	angeo -> ángel	1598 Tezozomoc	1598-tezozomoc:000899	ichtilmatli	Traducción	angeo
candidate_spelling	animálculo	1	animalucho	animalucho	animálculo -> animalucho	2021 Wimmer	2021-wimmer:031756	tecuitlaololo	Traducción (es)	nombre de un animálculo
candidate_spelling	anis	1	axis	axis, manis, Tanis, anisé, Fanis, anisó	anis -> axis	153? Trilingüe	153-trilingue:002376	centlamantli xinachtli	Traducción	anis o mataláhuga
candidate_spelling	annuo	1	anuo	anuo	annuo -> anuo	1780 ? Bnf_361	1780-bnf-361:010360	ixcueloa	Traducción	bajar la cabeza otorgando annuo
candidate_spelling	anoria	1	noria	noria, añora, anomia, a noria	anoria -> noria	1571 Molina 2	1571-molina-2:009066	amalacachtli	Traducción	anoria de agua
candidate_spelling	antadas	1	anotadas	anotadas, andadas, atadas, cantadas, añadas, untadas	antadas -> anotadas	1565 Sahagún Escolios	1565-sahagun-escolios:001424	tlacpahuitequini	Traducción	persona que recibe antados o antadas
candidate_spelling	antanio	1	Antonio	Antonio, antaño	antanio -> Antonio	153? Trilingüe	153-trilingue:011832	achpayaliztli	Traducción	antanio
candidate_spelling	antecendente	1	antecedente	antecedente	antecendente -> antecedente	1759 Paredes	1759-paredes:001612	ayamo huellanezyan	Traducción	todavía no claramente (pierde tlaneztan la t por la l antecendente)
candidate_spelling	antel	1	antes	antes, ante, ángel, mantel, Intel, intel	antel -> antes	1547 Olmos_V ?	1547-olmos-v:000963	ixpahuia	Traducción	acusar antel juez
candidate_spelling	antenados	1	entenados	entenados, anteados, antelados	antenados -> entenados	1565 Sahagún Escolios	1565-sahagun-escolios:001421	tlacpahuitecqui	Traducción	mujer que recibe antenados (antados)
candidate_spelling	antojarsele	1	antojares	antojares, antojársete	antojarsele -> antojares	1571 Molina 2	1571-molina-2:022603	tlaiztlaquiliztli	Traducción	antojo. s. el acto de antojarsele algo a alguno
candidate_spelling	antonomacia	1	antonomasia	antonomasia	antonomacia -> antonomasia	17?? Bnf_362	17-bnf-362:003953	tecuani	Traducción	pardo animal; al león, o fiera brava llaman así por antonomacia; bestia o fiera
candidate_spelling	antuuiado	1	antojado	antojado, anteado, antelado	antuuiado -> antojado	1571 Molina 2	1571-molina-2:015521	ocuelye	Traducción	ya antes. s. se había antuuiado. adverbio
candidate_spelling	anñino	1	andino	andino, aniño, añino, Antinoo	anñino -> andino	1765 Cortés y Zedeño	1765-cortes-y-zedeno:000659	celtic  +	Traducción	anñino, lana de cordero
candidate_spelling	aora	1	ahora	ahora, cora, hora, abra, dora, ara	aora -> ahora	17?? Bnf_362	17-bnf-362:003213	niman	Traducción	luego adv.; al presente, aora, o luego luego
candidate_spelling	aorcado	1	ahorcado	ahorcado, aporcado	aorcado -> ahorcado	1780 ? Bnf_361	1780-bnf-361:027739	tlapilolli	Traducción	aorcado (sic)
candidate_spelling	aoxeada	1	oxeada	oxeada, a oxeada	aoxeada -> oxeada	1571 Molina 2	1571-molina-2:023885	tlapeuhtli	Traducción	cosa aoxeada, o tierra cónquistada por guerra
candidate_spelling	apacado	1	apagado	apagado, atacado, aparcado, apocado, opacado, apañado	apacado -> apagado	1780 ? Bnf_361	1780-bnf-361:002594	tlayolcehuilli	Traducción	apacado
candidate_spelling	apar	1	amar	amar, par, tapar, atar, azar, asar	apar -> amar	1571 Molina 2	1571-molina-2:009900	inahuac	Traducción	apar del, o junto a el, o con el
candidate_spelling	aparde	1	aparte	aparte, alarde, aparté, aparee, apare, aparé	aparde -> aparte	1571 Molina 2	1571-molina-2:010341	itlan	Traducción	aparde el, con el, o entre algo
candidate_spelling	aparejadamente	1	apartadamente	apartadamente	aparejadamente -> apartadamente	1571 Molina 2	1571-molina-2:021369	tlacencahualiztica	Traducción	aparejadamente, o con aparejo y aderezo
candidate_spelling	apartamiénto	1	apartamento	apartamento, aparcamiento, apareamiento, apartamiento	apartamiénto -> apartamento	1571 Molina 2	1571-molina-2:013695	necahualiztli	Traducción	despedida, o apartamiénto de los que se parten a algunos lugares, o el acto de cesar de hacer alguna obra
candidate_spelling	apartandonse	1	apartándose	apartándose, apartadores	apartandonse -> apartándose	1780 ? Bnf_361	1780-bnf-361:021723	tetlalcahuiliztli	Traducción	apartamiento de otro; desacompañamiento del desamparado; desamparo de alguno; retraimiento apartandonse
candidate_spelling	apartate	1	apartare	apartare, apartase, apartaste, apartaré	apartate -> apartare	1547 Olmos_G	1547-olmos-g:000397	icuania	Traducción	apartate
candidate_spelling	apartido	1	partido	partido, apartado, apartijo, a partido	apartido -> partido	1571 Molina 2	1571-molina-2:016322	patiotia	Traducción	estar apartido, o asoldada
candidate_spelling	apasible	1	apacible	apacible	apasible -> apacible	1780 ? Bnf_361	1780-bnf-361:018854	teellelquixti	Traducción	apasible, y agradable cosa
candidate_spelling	apasiguar	1	apaciguar	apaciguar	apasiguar -> apaciguar	17?? Bnf_362	17-bnf-362:001056	yolyamania	Traducción	enternecer, esto significa también apasiguar al que está airado, y entibiar lo que está caliente
candidate_spelling	apaso	1	acaso	acaso, paso, pasó, apago, apagó, amaso	apaso -> acaso	1571 Molina 2	1571-molina-2:013935	necxitecpanaliztica	Traducción	paso apaso. adverbio
candidate_spelling	apedir	1	pedir	pedir, a pedir	apedir -> pedir	1571 Molina 2	1571-molina-2:021995	tlacxitocani	Traducción	corrector de escritura así, o el que va apedir lo que le deuen
candidate_spelling	apelmasada	1	apelmazada	apelmazada	apelmasada -> apelmazada	1580 Sahagún/Máynez	1580-sahagun-maynez:000260	tzohualli	Traducción	masa de bledos apelmasada para comerse a veces elaborada con figuras
candidate_spelling	apergada	1	apegada	apegada, aperada, aperreada	apergada -> apegada	1780 ? Bnf_361	1780-bnf-361:000339	tlateteppacholli	Traducción	cosa apergada o apretada con las manos
candidate_spelling	apergar	1	apegar	apegar, aperar, aperrear, aperara	apergar -> apegar	1780 ? Bnf_361	1780-bnf-361:021050	teppachoa	Traducción	apergar, õ apretar algo con las manos; yorensar
candidate_spelling	apetrar	1	apertura	apertura, aperar	apetrar -> apertura	1547 Olmos_V ?	1547-olmos-v:001729	tepachoa	Traducción	apedrear apetrar [apretar]
candidate_spelling	apiario	1	aviario	aviario	apiario -> aviario	2021 Wimmer	2021-wimmer:013693	cuauhneuctla	Traducción (es)	apiario, lugar lleno de colmenas
candidate_spelling	apiedra	1	piedra	piedra, apiadar, a piedra	apiedra -> piedra	1571 Molina 2	1571-molina-2:022521	tlaixpepecholli	Traducción	embarrada cosa con barro espeso, o agujero cerrado apiedra lodo
candidate_spelling	apite	1	agite	agite, ápice, pite, pité, agité, apile	apite -> agite	1780 ? Bnf_361	1780-bnf-361:011332	macuele	Traducción	[ea,] adverbio para incitar: a ello, sus compañeros, ea, ea, ea; esa apite: õ suso: adverbio
candidate_spelling	aplicatiuo	1	aplicativo	aplicativo	aplicatiuo -> aplicativo	1595 Rincón	1595-rincon:000610	tequilia	Traducción	poner algo junto al otro (aplicatiuo largo en la primera)
candidate_spelling	apoc	1	apoco	apoco, apocó, apoca	apoc -> apoco	1547 Olmos_V ?	1547-olmos-v:000647	ahuilquetza	Traducción	infamarse apoc
candidate_spelling	apocameinto	1	apocamiento	apocamiento	apocameinto -> apocamiento	1780 ? Bnf_361	1780-bnf-361:014627	netlailquetzaliztli	Traducción	apocameinto, envilecimiento
candidate_spelling	apollada	1	apoyada	apoyada, abollada, ampollada, atollada, acollada	apollada -> apoyada	1765 Cortés y Zedeño	1765-cortes-y-zedeno:004254	tlachichilli	Traducción	apollada, cosa de teta
candidate_spelling	apollas	1	ampollas	ampollas, apoyas, abollas, atollas	apollas -> ampollas	1780 ? Bnf_361	1780-bnf-361:011656	matotomoniliztli	Traducción	apollas de las manos
candidate_spelling	apollinarse	1	apolillares	apolillares	apollinarse -> apolillares	1571 Molina 1	1571-molina-1:017376	metolcualo	Traducción	apollinarse la ropa
candidate_spelling	apopyada	1	apoyada	apoyada	apopyada -> apoyada	1780 ? Bnf_361	1780-bnf-361:024500	tlacuauhtlaxillotilli	Traducción	apopyada casa
candidate_spelling	aposesionarse	1	posesionarse	posesionarse, a posesionarse	aposesionarse -> posesionarse	1551-95 Documentos nahuas de la Ciudad de México	1551-95-documentos-nahuas-de-la-ciudad-de-mexico:002467	axcatia	Traducción	dar la posesión a / aposesionarse / dar posesión de / darse la posesión de / enterar y apoderar / meter en la posesión de
candidate_spelling	apospello	1	apostillo	apostillo	apospello -> apostillo	153? Trilingüe	153-trilingue:010358	tlaacapanicxinca	Traducción	apospello pelo arriba
candidate_spelling	apoyandole	1	aboyándole	aboyándole, apoyando	apoyandole -> aboyándole	17?? Bnf_362bis	17-bnf-362bis:000659	otzin	Traducción	reverencial de la interjección o. de este reverencial usa el que habla después de otro apoyandole lo que ha dicho
candidate_spelling	appariencia	1	apariencia	apariencia	appariencia -> apariencia	1629 Alarcón	1629-alarcon:001065	ochpancueyeque	Traducción	sayas de color (por la appariencia de la sangre)
candidate_spelling	appellidar	1	apellidar	apellidar	appellidar -> apellidar	1780 ? Bnf_361	1780-bnf-361:005246	yaotzatzilia	Traducción	appellidar llamar para la guerra
candidate_spelling	applanira	1	aplanara	aplanara	applanira -> aplanara	2021 Wimmer	2021-wimmer:019599	ixmana	Traducción (es)	v.refl., divulgar, difundir, ser conocido, al hablar de una cosa, dejar de ser un secreto. / v.t. tē-., mostrar, revelar a alguien. / v.t. tla-., aplanar, igualar, unir, nivelar una cosa. / impers., on applanira
candidate_spelling	applicarse	1	aplicarse	aplicarse, aplicares	applicarse -> aplicarse	1611 Arenas	1611-arenas:000359	yollotia	Traducción	applicarse a
candidate_spelling	apretandolas	1	aprestándolas	aprestándolas, apretadoras	apretandolas -> aprestándolas	1571 Molina 2	1571-molina-2:003834	yacaocuilin	Traducción	unas puntillas como demateria que sobre la punta de la nariz apretandolas parecén
candidate_spelling	apretandole	1	apretando	apretando, apretándole	apretandole -> apretando	2021 Wimmer	2021-wimmer:029862	quechmateloa	Traducción (es)	v.t. tē-., estrangular a alguien apretándole la garganta con las manos. / v.t. tē-., ahogar a otro apretandole la garganta con las manos
candidate_spelling	apretandose	1	apretando	apretando, apretados, apretadores	apretandose -> apretando	1571 Molina 2	1571-molina-2:015323	ocatihui  +	Traducción	ir mucha gente junta, apretandose, o atropellandose los unos a los otros
candidate_spelling	apretarcon	1	apretaron	apretaron	apretarcon -> apretaron	1547 Olmos_V ?	1547-olmos-v:001728	tepachoa	Traducción	apretarcon piedra
candidate_spelling	aprietandolo	1	agrietándolo	agrietándolo, apretándolo	aprietandolo -> agrietándolo	1780 ? Bnf_361	1780-bnf-361:016545	pachoa	Traducción	ayrentar, o juntar con vigo la madre a su hijo aprietandolo con los brazos
candidate_spelling	aprimera	1	primera	primera, apremia, apremiar, apremiará, apremiara, apremiaré	aprimera -> primera	17?? Bnf_362bis	17-bnf-362bis:000739	axcan  +	Traducción	significa según parece aprimera vista: *si solamente ahora; pero su significación es muy diversa, y viene a significar: lo que a uno le huviera sucedido en caso de que huviera hecho algo, y no lo hizo
candidate_spelling	aprocurar	1	procurar	procurar, apresurar, a procurar	aprocurar -> procurar	1571 Molina 2	1571-molina-2:001060	tlatotoquilia	Traducción	ser corredor, yendo aprocurar la hacienda que se debe a otro
candidate_spelling	aprocurarla	1	procurarla	procurarla, a procurarla	aprocurarla -> procurarla	1571 Molina 2	1571-molina-2:021998	tlacxitoquiliztli	Traducción	examen así, o cobranza de lo que se debe, o el ir aprocurarla deuda
candidate_spelling	aproferirlo	1	proferirlo	proferirlo, a proferirlo	aproferirlo -> proferirlo	17?? Bnf_362bis	17-bnf-362bis:000187	cuix  +	Traducción	con este adverbio sale de su empeño el que habiendo de nombrar algún nombre o verbo ne se atreve aproferirlo, o no lo sabe, o si lo trae a colación es precisamente por acomodarse con los que le dan ese nombre
candidate_spelling	aprouando	1	aproando	aproando, aprobando	aprouando -> aproando	1571 Molina 2	1571-molina-2:008430	huelcaqui	Traducción	oír algo a otro, aprouando lo que dice, o aceptando su petición, suplicación y ruego
candidate_spelling	aprouecharme	1	aprovechare	aprovechare, aprovecharme	aprouecharme -> aprovechare	1571 Molina 2	1571-molina-2:015226	notechmonequi	Traducción	aprouecharme o servirme de algo, o gastar alguna cosa en mi provecho
candidate_spelling	aprovando	1	aproando	aproando, aprobando	aprovando -> aproando	17?? Bnf_362	17-bnf-362:002038	huelcaqui	Traducción	oír consintiendo o aprovando lo que se oye; aprobar algo esto es tenerlo por bueno; aceptar cosa que se pide
candidate_spelling	aprovechamento	1	aprovechamiento	aprovechamiento	aprovechamento -> aprovechamiento	1780 ? Bnf_361	1780-bnf-361:014932	nezcaliliztli	Traducción	aprovechamento de algo
candidate_spelling	aprueua	1	aprueba	aprueba	aprueua -> aprueba	1571 Molina 2	1571-molina-2:019969	tetlahuelcaquiliani	Traducción	acceptador de petición, o de ruego, o el que condeciende con el que algo le pide, o el que oye de buena gana lo que otro dice y consiente y aprueua su dicho y parecer
candidate_spelling	aprénden	1	aprende	aprende, aprenden, aprender, aprendan, aprendes, aprended	aprénden -> aprende	1571 Molina 2	1571-molina-2:014079	nemachtilcalli	Traducción	escuela donde se enseñan y aprénden alguna facultad
candidate_spelling	apuertas	1	apuestas	apuestas, puertas, a puertas	apuertas -> apuestas	1571 Molina 2	1571-molina-2:002440	totoca	Traducción	perseguir a otro, echarle apuertas, o despedirle, o desterrarle
candidate_spelling	apóstumo	1	póstumo	póstumo, a póstumo	apóstumo -> póstumo	2021 Wimmer	2021-wimmer:028275	palancapozahualiztli	Traducción (es)	tumor, absceso, apóstumo
candidate_spelling	aquatiles	1	acuátiles	acuátiles	aquatiles -> acuátiles	17?? Bnf_362	17-bnf-362:001583	cuachichil	Traducción	pardal o gorrión que es lo mismo, con este suelen llamar también a unos patos aquatiles que ay en las lagunas
candidate_spelling	aquebrada	1	quebrada	quebrada, aquejada, aquejaría, aquejara, a quebrada	aquebrada -> quebrada	1571 Molina 2	1571-molina-2:013584	nanalca	Traducción	graznar el ánsar, ladrar o regañar y gruñir el perro o el puerco, o sonar aquebrada la campana o la olla
candidate_spelling	aquelllo	1	aquello	aquello	aquelllo -> aquello	1780 ? Bnf_361	1780-bnf-361:016114	oninonencoco	Traducción	venir en vano, no haciendo efecto aquelllo a que había venido
candidate_spelling	aquema	1	aquella	aquella, quema, aqueja, aquea, a quema	aquema -> aquella	1571 Molina 2	1571-molina-2:001880	tleiyac	Traducción	cosa que huele a fuego, o aquema
candidate_spelling	aquexado	1	aquejado	aquejado	aquexado -> aquejado	1571 Molina 1	1571-molina-1:013377	ihiyocauhqui	Traducción	aquexado así
candidate_spelling	arabar	1	grabar	grabar, trabar, alabar, arañar, araba, arabas	arabar -> grabar	1547 Olmos_V ?	1547-olmos-v:000314	yectenehua	Traducción	arabar y bendecir
candidate_spelling	arambre	1	alambre	alambre, armare, alambré, arramble	arambre -> alambre	153? Trilingüe	153-trilingue:009516	tepoztli	Traducción	arambre o cobre
candidate_spelling	aramdura	1	aradura	aradura, armadura	aramdura -> aradura	1780 ? Bnf_361	1780-bnf-361:020989	tepoztlahuiztica, neyaochichihualiztli	Traducción	aramdura de fierro
candidate_spelling	aramigo	1	amarillo	amarillo, amargo, arábigo, amargó	aramigo -> amarillo	153? Trilingüe	153-trilingue:006187	mitillatechpepechtli	Traducción	albacnia en aramigo lo restâte
candidate_spelling	aranarse	1	arañase	arañase, arañares, aruñarse	aranarse -> arañase	1547 Olmos_V ?	1547-olmos-v:001010	ixtoxomi	Traducción	rascunarse o aranarse
candidate_spelling	arbo	1	arco	arco, abro, armo, aro, arto, ardo	arbo -> arco	1611 Arenas	1611-arenas:000642	cuahuitl	Traducción	arbo
candidate_spelling	arcabucos	1	arcabuces	arcabuces	arcabucos -> arcabuces	1629 Alarcón	1629-alarcon:000523	cuahuitl  +	Traducción	entre piedras y arcabucos
candidate_spelling	arcabuzero	1	arcabucero	arcabucero	arcabuzero -> arcabucero	2021 Wimmer	2021-wimmer:002978	tlequiquiztlazqui	Traducción (es)	artillería, arcabucero. / artillero o arcabuzero
candidate_spelling	arcotoral	1	acotaron	acotaron	arcotoral -> acotaron	1571 Molina 2	1571-molina-2:008844	huitoliuhcatontli	Traducción	puente, o arcotoral pequeño decalicánto
candidate_spelling	arebanar	1	rebanar	rebanar, rebañar, arenaba, arenaban, arenaran, arenara	arebanar -> rebanar	1547 Olmos_V ?	1547-olmos-v:001360	ololoa	Traducción	coger o arebanar
candidate_spelling	areciar	1	apreciar	apreciar, arreciar, preciar	areciar -> apreciar	1780 ? Bnf_361	1780-bnf-361:002766	caxahua in nococoliz	Traducción	areciar, o convalecer de la enfermedad
candidate_spelling	aredondear	1	redondear	redondear, a redondear	aredondear -> redondear	1547 Olmos_V ?	1547-olmos-v:001648	tehuilacachoa	Traducción	aredondear
candidate_spelling	arendar	1	arrendar	arrendar, arengar, arenar, prendar	arendar -> arrendar	1780 ? Bnf_361	1780-bnf-361:026605	tlanananquilia	Traducción	arendar, o contrahacer a otro, o tomar persona en farsa
candidate_spelling	arentar	1	atentar	atentar, alentar, asentar, rentar, aventar, arengar	arentar -> atentar	1565 Sahagún Escolios	1565-sahagun-escolios:000070	tlayehecalhuia	Traducción	imitar. o remedar. o arentar
candidate_spelling	arevido	1	atrevido	atrevido, arrecido	arevido -> atrevido	1780 ? Bnf_361	1780-bnf-361:012958	motlapaloani	Traducción	osado; arevido
candidate_spelling	argémone	1	agremien	agremien	argémone -> agremien	2021 Wimmer	2021-wimmer:009753	chicalotl	Traducción (es)	botánico, argémone
candidate_spelling	ariciar	1	arcillar	arcillar	ariciar -> arcillar	1780 ? Bnf_361	1780-bnf-361:009007	icihuitia	Traducción	agrifar a otro, ariciar, dar prisa, o apresurarla
candidate_spelling	armaduta	1	armadura	armadura	armaduta -> armadura	1571 Molina 1	1571-molina-1:034367	tlamazamecahuiliztli	Traducción	armaduta tal
candidate_spelling	arojada	1	alojada	alojada, arrojada, aromada, atrojada, aojada	arojada -> alojada	1780 ? Bnf_361	1780-bnf-361:000212	tlatepeuhtli	Traducción	arojada cosa de algo
candidate_spelling	arollar	1	arrollar	arrollar, abollar, arroyar, atollar, acollar	arollar -> arrollar	1571 Molina 2	1571-molina-2:006215	cochteca	Traducción	arollar, o adormecer al niño
candidate_spelling	arrabañar	1	arrebatar	arrebatar, arribara, arrabalera, arrasara, arrobara	arrabañar -> arrebatar	1780 ? Bnf_361	1780-bnf-361:015912	ololoa	Traducción	arrabañar; rebañar; allegar; amontonar; ayuntar; devanear haciendo ovillo; o coger algo de cosas esparcidas
candidate_spelling	arrastradores	1	arrastraderos	arrastraderos	arrastradores -> arrastraderos	1571 Molina 2	1571-molina-2:022245	tlahuilanque	Traducción	arrastradores de madera o de piedras grandes
candidate_spelling	arrastrandolo	1	arrastrando	arrastrando, arrastrándolo	arrastrandolo -> arrastrando	1571 Molina 2	1571-molina-2:008806	huilantiquixtia	Traducción	echar, o sacar a otro de casa a émpuxones, o arrastrandolo
candidate_spelling	arraygar	1	arraigar	arraigar	arraygar -> arraigar	17?? Bnf_362	17-bnf-362:003089	nelhuayotia	Traducción	arraygar, o criar raices; arraigarse algo
candidate_spelling	arrazada	1	arrasada	arrasada, abrazada, arracada, agrazada	arrazada -> arrasada	1780 ? Bnf_361	1780-bnf-361:025430	tlaixmantli	Traducción	arrazada medida de trigo, maíz o cosa semejante
candidate_spelling	arrebadamente	1	arrobadamente	arrobadamente	arrebadamente -> arrobadamente	153? Trilingüe	153-trilingue:008296	quiztiquiza ^	Traducción	salir arrebadamente
candidate_spelling	arrebatadamte	1	arrebatadamente	arrebatadamente	arrebatadamte -> arrebatadamente	1780 ? Bnf_361	1780-bnf-361:018019	quiztihuetzi	Traducción	salir corriendo; salir arrebatadamte
candidate_spelling	arrecio	1	aprecio	aprecio, arreció, arrecia, apreció, arrecie, arrecí	arrecio -> aprecio	1780 ? Bnf_361	1780-bnf-361:021232	tetechmopiloa	Traducción	arrecio en hablar, o importuno y moledor
candidate_spelling	arregozado	1	arregazado	arregazado, arrebozado	arregozado -> arregazado	1780 ? Bnf_361	1780-bnf-361:012900	motilmaololo	Traducción	arregozado, arropado, vestido el varón
candidate_spelling	arremeteter	1	arremeter	arremeter, arremetiere, arremetedor	arremeteter -> arremeter	1571 Molina 2	1571-molina-2:007886	ehualiztli  +	Traducción	empalagamiento. s. el acto de empalagar y dar en rostro la comida al enfermo poniéndole asco, o el acto de apechugar y arremeteter uno contra otro, o de desacatar a alguno
candidate_spelling	arrempujo	1	arrebujo	arrebujo	arrempujo -> arrebujo	1692 Guerra	1692-guerra:000063	topehua	Traducción	yo arrempujo
candidate_spelling	arremángarse	1	arremangase	arremangase, arremangares	arremángarse -> arremangase	1571 Molina 2	1571-molina-2:007439	cueololoa	Traducción	arremángarse la mujer, alzando las faldillas, o las naguas
candidate_spelling	arrepéntirse	1	arrepintiese	arrepintiese, arrepintieres	arrepéntirse -> arrepintiese	1571 Molina 2	1571-molina-2:007994	elleltia	Traducción	arrepéntirse o pesarle de lo que hizo, o refrenarse, e irse a la mano
candidate_spelling	arrexaque	1	arrejaque	arrejaque, arrejaqué	arrexaque -> arrejaque	153? Trilingüe	153-trilingue:006159	tepozminacachalli	Traducción	arrexaque de hierro
candidate_spelling	arrimandose	1	arrimados	arrimados, arrimando	arrimandose -> arrimados	1571 Molina 2	1571-molina-2:014732	netoctiliztli	Traducción	el acto de ampararse o guarecerse detrás de algo, o arrimandose a la pared. etc.
candidate_spelling	arrobañada	1	arrebatada	arrebatada, arrobada, arrobadas	arrobañada -> arrebatada	1780 ? Bnf_361	1780-bnf-361:027228	tlaololli	Traducción	arrobañada cosa, o juntada, recogida juntamente sin orden
candidate_spelling	arrojarmiento	1	arrobamiento	arrobamiento, arropamiento	arrojarmiento -> arrobamiento	1780 ? Bnf_361	1780-bnf-361:018152	teahuictlazaliztli	Traducción	arrojarmiento, empujando a alguno de acá para allá
candidate_spelling	arrolada	1	arropada	arropada, arrojada, arrollada, arrobada, arbolada, arroyada	arrolada -> arropada	1780 ? Bnf_361	1780-bnf-361:025243	tlailacatzolli	Traducción	arrolada cosa de manta estera papel o cosa semejante
candidate_spelling	arronjo	1	arrojo	arrojo, arrojó	arronjo -> arrojo	1571 Molina 2	1571-molina-2:009556	ihuicpahualmocuepa	Traducción	de resurtida dar golpeloque se arronjo
candidate_spelling	arropameinto	1	arropamiento	arropamiento	arropameinto -> arropamiento	1780 ? Bnf_361	1780-bnf-361:014367	neolololiztli	Traducción	abrigo, arropameinto
candidate_spelling	arrugaderas	1	arrugadas	arrugadas, arrugaras, arrugares, arrugareis, arrulladoras	arrugaderas -> arrugadas	1780 ? Bnf_361	1780-bnf-361:006418	zayoquin atolli	Traducción	viejo arrugado, que le cuelgan las arrugaderas como gualdrapas
candidate_spelling	artarse	1	jartarse	jartarse, hartares	artarse -> jartarse	1780 ? Bnf_361	1780-bnf-361:016534	pachihui	Traducción	satisfacerse, o artarse
candidate_spelling	artbol	1	árbol	árbol	artbol -> árbol	1780 ? Bnf_361	1780-bnf-361:026345	tlamayectiliztli	Traducción	desmochadura de artbol
candidate_spelling	artificada	1	ratificada	ratificada	artificada -> ratificada	1595 Rincón	1595-rincon:000678	tlamachtli	Traducción	cosa artificada
candidate_spelling	artilero	1	artillero	artillero	artilero -> artillero	1571 Molina 2	1571-molina-2:008909	ic  +	Traducción	mecha de artilero, o de arcabucero
candidate_spelling	artillada	1	astillada	astillada, arcillada, martillada, arpillada	artillada -> astillada	1571 Molina 2	1571-molina-2:003959	yaocalli	Traducción	fusta artillada, o cosa así para pelear en la mar
candidate_spelling	artiller	1	artillero	artillero, artillera	artiller -> artillero	153? Trilingüe	153-trilingue:000963	tlequiquizoani	Traducción	artiller maestro de ella
candidate_spelling	artillerio	1	artillería	artillería, artillero	artillerio -> artillería	1780 ? Bnf_361	1780-bnf-361:002977	tlequiquizhuia	Traducción	echar o soltar tiro de artillerio
candidate_spelling	artimasia	1	artimaña	artimaña	artimasia -> artimaña	153? Trilingüe	153-trilingue:008422	tecanecacayahualoni	Traducción	artimasia
candidate_spelling	artisan	1	atrasan	atrasan	artisan -> atrasan	1780 ? Bnf_361	1780-bnf-361:009112	amanteca	Traducción	artiste et peintre en plumes; et par extension: ouvrier, artisan
candidate_spelling	artison	1	aritos	aritos	artison -> aritos	2021 Wimmer	2021-wimmer:013706	cuauhocuilin	Traducción (es)	artison, gusano que roe la madera
candidate_spelling	artiste	1	artista	artista, partiste, ardiste	artiste -> artista	1780 ? Bnf_361	1780-bnf-361:009112	amanteca	Traducción	artiste et peintre en plumes; et par extension: ouvrier, artisan
candidate_spelling	artiyeria	1	artillería	artillería	artiyeria -> artillería	1780 ? Bnf_361	1780-bnf-361:002994	tlequiquiztlaza	Traducción	soltar tiro de artiyeria
candidate_spelling	arts	1	arta	arta, karts, artas, tras, arte, ares	arts -> arta	2021 Wimmer	2021-wimmer:003423	tollan	Traducción (es)	locativo, cerca de los juncos. / topónimo metafórico., en los arts. / topónimo, tula, honor. tollantzinco
candidate_spelling	arugar	1	arrugar	arrugar	arugar -> arrugar	1547 Olmos_V ?	1547-olmos-v:000273	xolochoa	Traducción	arugar plegar
candidate_spelling	arvoles	1	arboles	arboles, árboles	arvoles -> arboles	1780 ? Bnf_361	1780-bnf-361:002480	tlayectilli	Traducción	cosa podada de arvoles o vide
candidate_spelling	asadia	1	asedia	asedia, añadía, abadía, osadía, asada, asaría	asadia -> asedia	1780 ? Bnf_361	1780-bnf-361:014675	netlapaloliztli	Traducción	atrevimiento o asadia
candidate_spelling	asadoro	1	asador	asador, asador o	asadoro -> asador	1571 Molina 2	1571-molina-2:001869	tlehuatza	Traducción	asar algo en asadoro en parrillas
candidate_spelling	asaludar	1	saludar	saludar, asadura, ataludar, a saludar	asaludar -> saludar	1571 Molina 2	1571-molina-2:015843	onteciyahuhquetzaliztli	Traducción	visitación del que va visitar o asaludar a otro
candidate_spelling	aseatear	1	asaetear	asaetear	aseatear -> asaetear	1780 ? Bnf_361	1780-bnf-361:022160	cacali	Traducción	asaetear o flechar.[ aseatear]
candidate_spelling	asechandolos	1	ahechándolos	ahechándolos, acechándolos	asechandolos -> ahechándolos	1571 Molina 2	1571-molina-2:022699	tlallanuia	Traducción	poner celada a algunos, estando agazapado asechandolos, o espiándolos
candidate_spelling	asechazas	1	asechadas	asechadas, asechanzas, asechabas, asecharas	asechazas -> asechadas	1780 ? Bnf_361	1780-bnf-361:020421	tepachihuia	Traducción	asechazas poner
candidate_spelling	asedor	1	asesor	asesor, asador, asedo, asedar	asedor -> asesor	1780 ? Bnf_361	1780-bnf-361:027782	tlapiquini	Traducción	asedor, o asedora de algo exteriormente
candidate_spelling	asedora	1	asesora	asesora, asediar, asedara, asedar, asedaron	asedora -> asesora	1780 ? Bnf_361	1780-bnf-361:027782	tlapiquini	Traducción	asedor, o asedora de algo exteriormente
candidate_spelling	aseguradam	1	asegurada	asegurada, aseguradas	aseguradam -> asegurada	1780 ? Bnf_361	1780-bnf-361:021961	tetlatlacahuiloliztica	Traducción	aseguradam(en(te con engaño a alguno
candidate_spelling	aseite	1	aceite	aceite, aseste, afeité, aceité, afeite, asenté	aseite -> aceite	1780 ? Bnf_361	1780-bnf-361:025496	tlaixpetzolli	Traducción	barnizada cosa con aseite de chia
candidate_spelling	aselada	1	asolada	asolada, asilada, apelada, aseada, alelada, aserrada	aselada -> asolada	1780 ? Bnf_361	1780-bnf-361:025186	tlaichichictli	Traducción	aselada cosa
candidate_spelling	asementameinto	1	asentamiento	asentamiento	asementameinto -> asentamiento	1780 ? Bnf_361	1780-bnf-361:014441	nepilhuatiliztli	Traducción	asementameinto, asemillamiento
candidate_spelling	asens	1	ases	ases, aseos, asen, aseas, asees, aséis	asens -> ases	17?? Bnf_362	17-bnf-362:002618	iztactolin	Traducción	asens (junco gordo y largo)
candidate_spelling	asensios	1	asensos	asensos	asensios -> asensos	1571 Molina 2	1571-molina-2:011343	iztauhyatl	Traducción	axenxios o asensios hierba
candidate_spelling	asentadore	1	asentador	asentador, asentadores, asentador e	asentadore -> asentador	1780 ? Bnf_361	1780-bnf-361:009161	icpalli	Traducción	pasadero, o asentadore, o lugar donde se asientan
candidate_spelling	aserar	1	asear	asear, acerar, aperar, amerar, aserrar, asedar	aserar -> asear	1547 Olmos_V ?	1547-olmos-v:000074	tlaxoxotla	Traducción	aserar a la larga
candidate_spelling	asierto	1	abierto	abierto, acierto, asiento, aserto, asierro	asierto -> abierto	1692 Guerra	1692-guerra:000279	cualtiacua	Traducción	yo asierto
candidate_spelling	asimesmo	1	asimismo	asimismo	asimesmo -> asimismo	1571 Molina 2	1571-molina-2:001780	tlazotla	Traducción	amarse asimesmo
candidate_spelling	asnar	1	asnal	asnal, arnas, aunar, sanar, asear, asar	asnar -> asnal	153? Trilingüe	153-trilingue:011248	tlalacatlatoa	Traducción	cantar el asnar o graznar
candidate_spelling	asnero	1	asneo	asneo, áspero, asenso, asierro	asnero -> asneo	153? Trilingüe	153-trilingue:000717	castillantochpixqui	Traducción	asnero que guarda asnos
candidate_spelling	asola	1	sola	sola, aso, asoma, asila, asoló, asó	asola -> sola	2021 Wimmer	2021-wimmer:039740	tlalpoloani	Traducción (es)	conquistador, destructor, el que asola, arrasa un país
candidate_spelling	asosegarfe	1	asesoraré	asesoraré, asesorare, asesorase	asosegarfe -> asesoraré	1780 ? Bnf_361	1780-bnf-361:015774	ocuetlan inehecatl	Traducción	asosegarfe el aire y la tempestad
candidate_spelling	asosiego	1	sosiego	sosiego, a sosiego	asosiego -> sosiego	1565 Sahagún Escolios	1565-sahagun-escolios:001481	tlamachuia	Traducción	hacer algo con templanza o con asosiego
candidate_spelling	assentados	1	asentados	asentados, ausentados	assentados -> asentados	2021 Wimmer	2021-wimmer:041393	tlaoncayotitica	Traducción (es)	el segundo de los que estan assentados por su orden
candidate_spelling	asserrar	1	aserrar	aserrar	asserrar -> aserrar	2021 Wimmer	2021-wimmer:014136	cuauhxoxotla	Traducción (es)	v.i., sierra madera. / v.i., asserrar madera
candidate_spelling	astilia	1	astilla	astilla	astilia -> astilla	153? Trilingüe	153-trilingue:000733	tlaxiaca	Traducción	astilla o astilia adverbio
candidate_spelling	astilleios	1	astilleros	astilleros, astillemos, astilléis	astilleios -> astilleros	2021 Wimmer	2021-wimmer:021403	mamalhuaztli	Traducción (es)	palo de fuego. / palos para hacer fuego. / nombre de una constelación. / astilleios, de la constelación de géminis. / metáfora: envía hambre y epidemia a la gente, es decir guerra
candidate_spelling	asul	1	azul	azul, adul	asul -> azul	1765 Cortés y Zedeño	1765-cortes-y-zedeno:003219	atl azul	Traducción	agua asul
candidate_spelling	atabalera	1	atablaren	atablaren, atablares, atablara, atablare	atabalera -> atablaren	153? Trilingüe	153-trilingue:002906	cihuatl huehuetzotzonaai	Traducción	atabalera
candidate_spelling	atahona	1	tahona	tahona, a tahona	atahona -> tahona	153? Trilingüe	153-trilingue:000692	castillan tochtemalacatl	Traducción	atahona de muslos
candidate_spelling	atajadoo	1	atajados	atajados, atajado, atajador, atajado o	atajadoo -> atajados	1780 ? Bnf_361	1780-bnf-361:002375	tlayacanamictilli	Traducción	atajadoo otro el ganado
candidate_spelling	atanbor	1	atanor	atanor	atanbor -> atanor	1598 Tezozomoc	1598-tezozomoc:001858	tlalpanhuehuetl	Traducción	atanbor grande y bajo / atabal de asiento
candidate_spelling	atantos	1	atentos	atentos, tantos, atontas, atañeos, a tantos	atantos -> atentos	1571 Molina 2	1571-molina-2:011290	izquitlamampan	Traducción	en tantos grados. s. de parentesco, o en tantos o atantos capitulo
candidate_spelling	atapadro	1	atajador	atajador, atacador	atapadro -> atajador	1780 ? Bnf_361	1780-bnf-361:025597	tlaixtzacuani	Traducción	vide yxtzaqua atapadro el que tapa algo cubriéndolo
candidate_spelling	atapamento	1	atacamiento	atacamiento, atadamente	atapamento -> atacamiento	1780 ? Bnf_361	1780-bnf-361:021389	tetempacholiztli	Traducción	atapamento de la boca por otro; cohecho al juez; soborno
candidate_spelling	atapan	1	atacan	atacan, atrapan, tapan, ataban, atajan, ataran	atapan -> atacan	1571 Molina 2	1571-molina-2:017138	atzacualoni	Traducción	tapon con que atapan y cierra el alberca de agua. etc.
candidate_spelling	ataparme	1	taparme	taparme, a taparme	ataparme -> taparme	1571 Molina 2	1571-molina-2:013342	nacatzatzacua	Traducción	ataparme los oídos o las orejas
candidate_spelling	atauian	1	atarían	atarían, atañían, atavían	atauian -> atarían	1571 Molina 2	1571-molina-2:009221	amaneapantli	Traducción	manta rica con que se arrean y atauian los caciques
candidate_spelling	atentamento	1	atentamente	atentamente	atentamento -> atentamente	1780 ? Bnf_361	1780-bnf-361:026233	tlamatemoliztli	Traducción	atentamento con la mano, buscando algo
candidate_spelling	atenuandola	1	atenuando	atenuando, atenuadora	atenuandola -> atenuando	2021 Wimmer	2021-wimmer:024480	nahuatilxeloa	Traducción (es)	v.i., modificar, suavizar la ley, aplicarla atenuandola
candidate_spelling	atenzar	1	atentar	atentar, atenuar, atenaza, atenazar, atenazó, atenazo	atenzar -> atentar	1780 ? Bnf_361	1780-bnf-361:020851	tepozcacalohuia	Traducción	atenzar, coger con tenazas
candidate_spelling	atercer	1	tercer	tercer, aterrare, a tercer	atercer -> tercer	1571 Molina 2	1571-molina-2:008830	huiptlatica	Traducción	atercer día
candidate_spelling	aterrandole	1	aserrándole	aserrándole, aterrando	aterrandole -> aserrándole	1780 ? Bnf_361	1780-bnf-361:010824	ixtlapana	Traducción	contratar o logrear: hendir un madero aterrandole o partiéndole por medio con cuñas; o cortar a la larga, o hendir y rajar
candidate_spelling	aticio	1	ático	ático, actinio	aticio -> ático	1780 ? Bnf_361	1780-bnf-361:018679	tecuacuaxillanuipilli	Traducción	???aticio
candidate_spelling	atocan	1	atacan	atacan, tocan, abocan, atoran, apocan, alocan	atocan -> atacan	2021 Wimmer	2021-wimmer:030033	atocamecatl	Traducción (es)	habitante de atocan
candidate_spelling	atocar	1	atacar	atacar, tocar, autocar, abocar, acotar, atorar	atocar -> atacar	1765 Cortés y Zedeño	1765-cortes-y-zedeno:002699	matoca	Traducción	atocar con mano
candidate_spelling	atochadamente	1	atontadamente	atontadamente	atochadamente -> atontadamente	1571 Molina 2	1571-molina-2:010600	ixcuauhtiliztica	Traducción	atochadamente así
candidate_spelling	atocán	1	tocan	tocan, atacan, abocan, apocan, atoran, alocan	atocán -> tocan	2021 Wimmer	2021-wimmer:030038	atocan	Traducción (es)	atocán (c56v)
candidate_spelling	atodo	1	todo	todo, atado, apodo, atoro, átomo, apodó	atodo -> todo	1571 Molina 2	1571-molina-2:003575	xocomictia	Traducción	dar mal ejemplo atodo el pueblo, haciéndolo errar
candidate_spelling	atolladal	1	atollada	atollada, atolladas	atolladal -> atollada	153? Trilingüe	153-trilingue:001731	xoquicuacualaxtli	Traducción	atolladal o alamedal
candidate_spelling	atonado	1	abonado	abonado, atinado, atorado, anotado, anonado, anonadó	atonado -> abonado	1565 Sahagún Escolios	1565-sahagun-escolios:000125	topalhuehue	Traducción	viejo fanfarrón o atonado
candidate_spelling	atorm	1	atore	atore, atoro, atora, atoré, atoró	atorm -> atore	1780 ? Bnf_361	1780-bnf-361:022222	tetonehuacapololiztli	Traducción	atorm(en(to o aflicción a otro
candidate_spelling	atormecerse	1	amortecerse	amortecerse, atardeceres	atormecerse -> amortecerse	153? Trilingüe	153-trilingue:002404	cepohua ^	Traducción	atormecerse
candidate_spelling	atormient	1	atormenta	atormenta, atormentó, atormente, atormento, atormenté, atoramiento	atormient -> atormenta	1780 ? Bnf_361	1780-bnf-361:022224	tetonehualiztli	Traducción	aflicción de algún dolor; tormento; atormentamiento o afición a otro; o atormient y afligidor de otro
candidate_spelling	atorrar	1	ahorrar	ahorrar, torrar, atorar, aforrar, aporrar, azorrar	atorrar -> ahorrar	1780 ? Bnf_361	1780-bnf-361:010761	ixtilmayotia	Traducción	atorrar algo
candidate_spelling	atrailiar	1	atraillar	atraillar, atraillara	atrailiar -> atraillar	1780 ? Bnf_361	1780-bnf-361:014499	netechilpia	Traducción	atrailiar, atar, amarrar perros, o cosas semejantes
candidate_spelling	atrar	1	atrae	atrae, atrás, atraer, atar, tarar, arar	atrar -> atrae	1780 ? Bnf_361	1780-bnf-361:013304	nahualicuiloa	Traducción	atrar
candidate_spelling	atras	1	otras	otras, tras, artas, atrás, atrae, atlas	atras -> otras	2021 Wimmer	2021-wimmer:023159	mixmoloni	Traducción (es)	se levantan las nubes atras de los cerros
candidate_spelling	atrauesado	1	atravesado	atravesado	atrauesado -> atravesado	2021 Wimmer	2021-wimmer:025048	necuiliuhtoc	Traducción (es)	atrauesado estar algo
candidate_spelling	atrauesarsele	1	atravesársele	atravesársele	atrauesarsele -> atravesársele	1571 Molina 2	1571-molina-2:009517	ihiotzacua	Traducción	enmudecer o atrauesarsele el bocado
candidate_spelling	atrauiesa	1	atraviesa	atraviesa	atrauiesa -> atraviesa	1571 Molina 2	1571-molina-2:017967	teeltzacu	Traducción	bocado que se atrauiesa en los gaznates
candidate_spelling	atraversa	1	atrajeras	atrajeras, traversa, a traversa	atraversa -> atrajeras	17?? Bnf_362	17-bnf-362:004916	tlanalquixtia	Traducción	pasar o tlaspasar algo con saeta; atraversa a otro con espada, saetas etcétera
candidate_spelling	atreua	1	atreva	atreva, atruena, atregua	atreua -> atreva	1571 Molina 2	1571-molina-2:011453	macaocac	Traducción	ninguno ya. s. se atreua. etc.
candidate_spelling	atreviose	1	atravieso	atravieso, atreviese	atreviose -> atravieso	1571 Molina 2	1571-molina-2:004869	zaoquicua	Traducción	no dejo de comerlo, o todavía se lo comio, o atreviose a comerlo. etcétera
candidate_spelling	atriaca	1	atraiga	atraiga, atraca	atriaca -> atraiga	153? Trilingüe	153-trilingue:003795	e	Traducción	atriaca
candidate_spelling	atronafo	1	atronado	atronado	atronafo -> atronado	1780 ? Bnf_361	1780-bnf-361:012918	motlacmauhti	Traducción	atronafo, o espantado del trueno
candidate_spelling	atroncar	1	abroncar	abroncar, atrancar, troncar, atronar, atronara, a troncar	atroncar -> abroncar	1780 ? Bnf_361	1780-bnf-361:000313	tlatetecuica	Traducción	atroncar, o troncar
candidate_spelling	atropellandose	1	atropellados	atropellados, atropellando, atropelladores	atropellandose -> atropellados	1571 Molina 2	1571-molina-2:015323	ocatihui  +	Traducción	ir mucha gente junta, apretandose, o atropellandose los unos a los otros
candidate_spelling	atruche	1	atroche	atroche, atroché	atruche -> atroche	1780 ? Bnf_361	1780-bnf-361:002094	tlaxcoloa	Traducción	atruche?, moche? a ser algo
candidate_spelling	atus	1	tus	tus, ates, atas, atusa, taus, atuso	atus -> tus	1571 Molina 2	1571-molina-2:012610	mitzmotzatzacuiltitimanizque	Traducción	estarán atus lados, o atu manderecha e izquierda
candidate_spelling	auarienta	1	aparenta	aparenta, amarillenta, avariento, avarienta, avarientas	auarienta -> aparenta	1571 Molina 2	1571-molina-2:013704	aonnemaquiliztica	Traducción	auarienta y escasamente
candidate_spelling	auarientos	1	amarillentos	amarillentos, avariento, avarientos, avarientas, aguavientos	auarientos -> amarillentos	1571 Molina 2	1571-molina-2:013187	motzoltin	Traducción	auarientos
candidate_spelling	aucencia	1	ausencia	ausencia	aucencia -> ausencia	1780 ? Bnf_361	1780-bnf-361:000326	canayaliztli	Traducción	aucencia
candidate_spelling	auctorizada	1	autorizada	autorizada	auctorizada -> autorizada	1571 Molina 2	1571-molina-2:010725	ixmauhti	Traducción	tener auctorizada persona
candidate_spelling	audienca	1	audiencia	audiencia	audienca -> audiencia	1780 ? Bnf_361	1780-bnf-361:018374	teccalli	Traducción	audienca de los jueces
candidate_spelling	auejon	1	abejón	abejón, quejón	auejon -> abejón	1571 Molina 2	1571-molina-2:017257	quiquinaca	Traducción	gemir con dolor, o zumbar el auejon, gruñir el puerco, regañar el perro, o hablar entre dientes
candidate_spelling	auentada	1	asentada	asentada, alentada, aumentada, atentada, atenuada, aventada	auentada -> asentada	1571 Molina 2	1571-molina-2:023114	tlamomoyauhtli	Traducción	cosa desbaratada, descarriada auentada, o esparcida
candidate_spelling	auerse	1	ayeres	ayeres, alerce, aferres, aterres, aceres, afueres	auerse -> ayeres	1571 Molina 2	1571-molina-2:007821	ehecatl  +	Traducción	auerse ya asosegado el tiempo y cesado la tempestad y torbellino
candidate_spelling	augmentada	1	aumentada	aumentada	augmentada -> aumentada	1571 Molina 2	1571-molina-2:014962	aquilli  +	Traducción	cosa augmentada y añadida, o envite en el juego
candidate_spelling	auillanado	1	aullando	aullando, auxiliando, avillanado	auillanado -> aullando	1571 Molina 2	1571-molina-2:011478	macehualtic	Traducción	auillanado
candidate_spelling	aumar	1	sumar	sumar, amar, armar, fumar, aunar, aupar	aumar -> sumar	1547 Olmos_V ?	1547-olmos-v:001540	popochhuia	Traducción	aumar algo
candidate_spelling	auna	1	una	una, arna, buna, launa, aun, luna	auna -> una	1765 Cortés y Zedeño	1765-cortes-y-zedeno:000392	ceca  +	Traducción	auna, y otra parte
candidate_spelling	auserrar	1	aserrar	aserrar, asurar	auserrar -> aserrar	1780 ? Bnf_361	1780-bnf-361:021081	tequi	Traducción	calar melón; auserrar piedras o cosas semejantes
candidate_spelling	autela	1	tutela	tutela, cautela, átela, antela	autela -> tutela	1780 ? Bnf_361	1780-bnf-361:025631	tlaiztlacoani	Traducción	escudriñador de lo que hay en algún lugar con autela o curiosidad
candidate_spelling	auyentada	1	aumentada	aumentada, ahuyentada, ausentada	auyentada -> aumentada	1780 ? Bnf_361	1780-bnf-361:002516	tlayeltilli	Traducción	auyentada cosa
candidate_spelling	auéntajada	1	aventajada	aventajada	auéntajada -> aventajada	1571 Molina 2	1571-molina-2:020740	tiachcauh	Traducción	hermano mayor, y persona, o cosa auéntajada, mayor y mas excelente que otras
candidate_spelling	avanera	1	avanzar	avanzar, avanzare, amanera, avalare, avenara, atañera	avanera -> avanzar	1565 Sahagún Escolios	1565-sahagun-escolios:001138	tapachtli	Traducción	coral, o avanera colorada
candidate_spelling	avarica	1	avaricia	avaricia	avarica -> avaricia	1780 ? Bnf_361	1780-bnf-361:000667	tlatlaimetiliztli	Traducción	avarica; o escaseza
candidate_spelling	avas	1	Javas	Javas, vas, aves, alas, navas, aras	avas -> Javas	1780 ? Bnf_361	1780-bnf-361:002184	tlaxipeuhtli	Traducción	mondada asa da avas?, fruta, o bajas verdes
candidate_spelling	avatirse	1	avatares	avatares, abatirse	avatirse -> avatares	1780 ? Bnf_361	1780-bnf-361:017083	pilotihuetzi	Traducción	avatirse el ave al vuelo
candidate_spelling	avec	1	aves	aves, ave, avece, avecé, aven	avec -> aves	1780 ? Bnf_361	1780-bnf-361:004131	tzohuia	Traducción	cazar avec con lazo
candidate_spelling	aveniencia	1	avenencia	avenencia	aveniencia -> avenencia	153? Trilingüe	153-trilingue:007014	netepanotiliztli	Traducción	aveniencia conveniencia
candidate_spelling	aventa	1	venta	venta, atenta, avena, avente, aventar, avienta	aventa -> venta	2021 Wimmer	2021-wimmer:023700	acana	Traducción (es)	v.t. tla-., aventa, limpia el grano
candidate_spelling	avergon	1	averno	averno	avergon -> averno	1780 ? Bnf_361	1780-bnf-361:020703	tepinahuiani	Traducción	afrentador; avergon
candidate_spelling	avergonzam	1	avergonzar	avergonzar, avergonzad	avergonzam -> avergonzar	1780 ? Bnf_361	1780-bnf-361:020706	tepinahuiliztli	Traducción	avergonzam(ien(to de otro; o afrenta de otro
candidate_spelling	averle	1	verle	verle, averíe, a verle	averle -> verle	1780 ? Bnf_361	1780-bnf-361:027641	tlapepehualtilli	Traducción	acometido por averle dado otro ocasión (sic) de reñir y contender
candidate_spelling	aversele	1	averíele	averíele, vérsele	aversele -> averíele	1780 ? Bnf_361	1780-bnf-361:000529	tlatlacaxahuililli	Traducción	despechado el vasallo por aversele aflojado el tributo
candidate_spelling	avido	1	aviso	aviso, ávido, asido, ácido, avisó, anido	avido -> aviso	1692 Guerra	1692-guerra:000364	ichtacaconetl	Traducción	el hijo avido a escondidas
candidate_spelling	avierta	1	abierta	abierta, acierta, avienta, advierta, vierta, a vierta	avierta -> abierta	1780 ? Bnf_361	1780-bnf-361:002666	tlazacamolli	Traducción	arada tierra, labrada, y avierta de nuevo
candidate_spelling	avilado	1	avalado	avalado, avisado, afilado, asilado, avivado, apilado	avilado -> avalado	1780 ? Bnf_361	1780-bnf-361:011667	matzacqui	Traducción	avilado
candidate_spelling	aviltadamente	1	avisadamente	avisadamente, avispadamente	aviltadamente -> avisadamente	153? Trilingüe	153-trilingue:009680	tetelchiuhca	Traducción	aviltadamente
candidate_spelling	avolvengo	1	abolengo	abolengo, avolvenpgo	avolvengo -> abolengo	153? Trilingüe	153-trilingue:003105	collacamecayotl	Traducción	avolorio o avolvengo
candidate_spelling	axedréa	1	apedrea	apedrea	axedréa -> apedrea	153? Trilingüe	153-trilingue:003538	cexihuitl ahuiac	Traducción	amoradúx o axedréa
candidate_spelling	axenxios	1	asensos	asensos	axenxios -> asensos	1571 Molina 2	1571-molina-2:011343	iztauhyatl	Traducción	axenxios o asensios hierba
candidate_spelling	axio	1	axis	axis, apio, agio, axil	axio -> axis	1571 Molina 2	1571-molina-2:005151	centlahuipantli	Traducción	una ristra de ajos, o de cebollas o un sartal de axio de cuentas
candidate_spelling	axorca	1	ahorca	ahorca, ajorca	axorca -> ahorca	1571 Molina 2	1571-molina-2:011849	maquiztli	Traducción	axorca, o cosa semejante
candidate_spelling	axorcas	1	ahorcas	ahorcas, ajorcas, asordas, acorchas	axorcas -> ahorcas	1571 Molina 2	1571-molina-2:011589	macuextli	Traducción	axorcas, o sartal depiedras preciosas para las muñecas
candidate_spelling	ayegar	1	alegar	alegar, anegar, apegar, allegar	ayegar -> alegar	1780 ? Bnf_361	1780-bnf-361:026664	tlanechicalhuia	Traducción	ayegar o recoger algo para si
candidate_spelling	ayntadas	1	yantadas	yantadas, ayuntadas	ayntadas -> yantadas	1780 ? Bnf_361	1780-bnf-361:026674	tlanechicolli	Traducción	montón de cosas ayntadas
candidate_spelling	ayoa	1	aya	aya, ayo, atoa, ayos, ayo a	ayoa -> aya	1571 Molina 2	1571-molina-2:018308	ayohua tlacuallohua	Traducción	lo mismo es que ayoa tlaqualoa
candidate_spelling	ayrentar	1	afrentar	afrentar	ayrentar -> afrentar	1780 ? Bnf_361	1780-bnf-361:016545	pachoa	Traducción	ayrentar, o juntar con vigo la madre a su hijo aprietandolo con los brazos
candidate_spelling	ayslado	1	aislado	aislado	ayslado -> aislado	1571 Molina 1	1571-molina-1:016971	matzacqui	Traducción	ayslado
candidate_spelling	ayslarse	1	aislarse	aislarse, aislares	ayslarse -> aislarse	1571 Molina 1	1571-molina-1:024708	atzacua	Traducción	ayslarse
candidate_spelling	ayudandole	1	ayudando	ayudando, ayudándole	ayudandole -> ayudando	1571 Molina 2	1571-molina-2:003381	cehuia	Traducción	descansar a otro, ayudandole a llevar la carga, o aplacar al enojado
candidate_spelling	ayunear	1	ayunar	ayunar, ayuntar, ayunara	ayunear -> ayunar	1780 ? Bnf_361	1780-bnf-361:016669	papachoa	Traducción	ayunear, o juntar consigo la madre a su hijo apretándolo con los brazos
candidate_spelling	ayuntam	1	ayuntan	ayuntan, ayuntas, ayuntar, ayuntad, ayunta	ayuntam -> ayuntan	1780 ? Bnf_361	1780-bnf-361:023478	tlacanechicolli	Traducción	ayuntam(ien)to de naciones
candidate_spelling	ayuntamento	1	ayuntamiento	ayuntamiento	ayuntamento -> ayuntamiento	1780 ? Bnf_361	1780-bnf-361:011154	judiomeinnecentlaliz	Traducción	judería, ayuntamento de judíos
candidate_spelling	ayuntamineto	1	ayuntamiento	ayuntamiento	ayuntamineto -> ayuntamiento	1780 ? Bnf_361	1780-bnf-361:014700	netlatocanonotzaliztli	Traducción	consejo o ayuntamineto
candidate_spelling	ayán	1	adán	adán, afán, jayán, Payán	ayán -> adán	1571 Molina 2	1571-molina-2:010018	ino ontlacualoc	Traducción	después de comer, o en acabando de comer, o después que todos ayán comido
candidate_spelling	ayúnta	1	apunta	apunta, asunta, ayuna, ayunta, ayuntar, ayuntan	ayúnta -> apunta	1571 Molina 2	1571-molina-2:021402	tlacentlaliloyan	Traducción	el lugar donde se ayúnta y recoge algo
candidate_spelling	ayúntados	1	apuntados	apuntados, ayuntados, ayuntadas, ayuntamos, ayuntaos	ayúntados -> apuntados	1571 Molina 2	1571-molina-2:019568	tequinechicolli	Traducción	ayuntamiento, o recogimiento de tributos, o tributos recogidos y ayúntados
candidate_spelling	ayúntar	1	apuntar	apuntar, ayunar, ayuntar, ayuntan, ayunta, ayuntare	ayúntar -> apuntar	1571 Molina 2	1571-molina-2:017805	tecpichalhuia	Traducción	ayúntar algo para otro
candidate_spelling	ayúntarlas	1	ayunarías	ayunarías, ayunaras, ayuntadas, ayuntarais, ayuntares, ayuntara	ayúntarlas -> ayunarías	1571 Molina 2	1571-molina-2:021392	tlacentemaliztli	Traducción	ayuntamiento, o montón de maíz, o de cosa semejante, o el acto de ayúntarlas juntamente en un lugar
candidate_spelling	azadan	1	añadan	añadan, azada, azadas, azadón, azadona, azacán	azadan -> añadan	2021 Wimmer	2021-wimmer:008441	zacamoa	Traducción (es)	v.i., volver a trabajar la tierra, azada, desyerba. / v.t. tla-., arar (tierra). / impers., trabajamos la tierra, todos azadan
candidate_spelling	azado	1	asado	asado, amado, añado, alzado, atado, izado	azado -> asado	1765 Cortés y Zedeño	1765-cortes-y-zedeno:004345	tlahuazalli	Traducción	azado, azada
candidate_spelling	azaltea	1	azalea	azalea	azaltea -> azalea	17?? Bnf_362	17-bnf-362:004525	tlacacalini	Traducción	el que azaltea o flecha
candidate_spelling	azcua	1	azua	azua, ascua	azcua -> azua	17?? Bnf_362	17-bnf-362:000310	tlexoxtli	Traducción	azcua o braza
candidate_spelling	azedo	1	aedo	aedo, Aledo, acedo, asedo, acedó, asedó	azedo -> aedo	2021 Wimmer	2021-wimmer:015753	elpanxocoya	Traducción (es)	v.i., tiene acidez de estómago, sufre de dolor de estómago. / v.i., tener azedo e indigesto el estomago
candidate_spelling	azolado	1	asolado	asolado, azulado, amolado, azorado, azocado, azogado	azolado -> asolado	1780 ? Bnf_361	1780-bnf-361:002266	tlaxixinilli	Traducción	azolado pueblo
candidate_spelling	azolte	1	azolve	azolve	azolte -> azolve	1780 ? Bnf_361	1780-bnf-361:018986	tehuihuitequilizmachiyotl	Traducción	seguidro de golpe, o de azolte
candidate_spelling	azorrillada	1	acorralada	acorralada, adormilada, atornillada, aportillada, amorriñada	azorrillada -> acorralada	1580 Sahagún/Máynez	1580-sahagun-maynez:000930	epazotl	Traducción	la azorrillada
candidate_spelling	azpan	1	aspan	aspan, aúpan, zapan, arpan	azpan -> aspan	2021 Wimmer	2021-wimmer:033768	azpantli	Traducción (es)	botánico, nombre de una hierba, distinta de la llamada azpan
candidate_spelling	azutea	1	azulea	azulea, azotea	azutea -> azulea	1780 ? Bnf_361	1780-bnf-361:027497	tlapantli	Traducción	azotea, o azutea
candidate_spelling	aémpellones	1	empellones	empellones	aémpellones -> empellones	1571 Molina 2	1571-molina-2:018181	teixicquetzaliztica	Traducción	aémpellones, o a empujones adverbio
candidate_spelling	añaceas	1	panaceas	panaceas, anadeas	añaceas -> panaceas	153? Trilingüe	153-trilingue:006799	nenemictiliznemactli	Traducción	añaceas
candidate_spelling	añadire	1	añadir	añadir, añadiré, añadirá, añadiere, añadir e	añadire -> añadir	17?? Bnf_362bis	17-bnf-362bis:000184	cuitlapan	Traducción	preposición sinónimo de tepotzco, y de icampa. sale del nombre cuitlapantli la espalda, quitado el tli final, queda pan, que sirve de preposición sin añadire otra. porque quedo quitado el tli final del nomble [sic] quedan pan, tlan, tech, aunque sean radicales del nombre sirven también
candidate_spelling	añeblarse	1	añejares	añejares	añeblarse -> añejares	1547 Olmos_V ?	1547-olmos-v:001554	popoyoti	Traducción	añeblarse el pan
candidate_spelling	añubla	1	anula	anula, nubla, anubla, anublan, anublad, anublo	añubla -> anula	153? Trilingüe	153-trilingue:002513	chiahuizio	Traducción	añubla de trigo
candidate_spelling	añublo	1	anulo	anulo, nublo, anublo, anublos, anublé	añublo -> anulo	153? Trilingüe	153-trilingue:002514	chiahuizyohua	Traducción	añublo del trigo
candidate_spelling	babil	1	babis	babis, babi, lábil, babel, hábil, Babia	babil -> babis	2021 Wimmer	2021-wimmer:028446	papallotl	Traducción (es)	babil, charla
candidate_spelling	balbuceante	1	balbucean	balbucean, balbuceaste	balbuceante -> balbucean	2021 Wimmer	2021-wimmer:031203	tecciltototl	Traducción (es)	ornitología: pájaro balbuceante que se asemeja a la codorniz en tamaño y plumaje
candidate_spelling	ballsta	1	ballesta	ballesta, balita, balota, balasta	ballsta -> ballesta	2021 Wimmer	2021-wimmer:038798	tlahuitolmecacopina	Traducción (es)	v.i., endereza un arco. / v.i., desempulgar arco, o ballsta
candidate_spelling	bartolomeo	1	Bartolome	Bartolome, Bartolomeo	bartolomeo -> Bartolome	2021 Wimmer	2021-wimmer:011265	citlalpopoca	Traducción (es)	n.pers., señor de quiahuiztlán, uno de los cuatro gobernadores de la república de tlaxcala en la época de la conquista española, quien se convirtió y fue bautizado con el nombre de d.bartolomeo (clav.)
candidate_spelling	bereit	1	breéis	breéis	bereit -> breéis	2021 Wimmer	2021-wimmer:021534	mania	Traducción (es)	v.refl., prepararse para recibir, acomodar a alguien. zum empfang bereit machen
candidate_spelling	bisaieule	1	bisabuela	bisabuela, bisabuelo	bisaieule -> bisabuela	2021 Wimmer	2021-wimmer:029260	piptontli	Traducción (es)	parentesco: bisaieule, hermana del bisaieul
candidate_spelling	bitran	1	bitan	bitan, mitran, nitran	bitran -> bitan	2021 Wimmer	2021-wimmer:002143	tlaxilia	Traducción (es)	v.bitrans. tētla-., tirar algo, a alguien. / v.recipr. bitran. motla-., golpearse con algo. / v.bitrans. motla-., abortar, deshacerse de algo, renunciar a una función
candidate_spelling	bocananga	1	bocamanga	bocamanga	bocananga -> bocamanga	2021 Wimmer	2021-wimmer:031299	ayatlaquentli	Traducción (es)	bocananga, cobija
candidate_spelling	bocon	1	bacon	bacon, bocón, botón, bocona, tocón, bocoy	bocon -> bacon	2021 Wimmer	2021-wimmer:041183	camaxipo	Traducción (es)	lippu, que tiene un hocico grande, una boca grande (hociendo, bocon)
candidate_spelling	bonnificar	1	bonificar	bonificar	bonnificar -> bonificar	2021 Wimmer	2021-wimmer:016640	huelilia	Traducción (es)	v.t. tla-., dar perfume, un buen olor a algo. / v.t. tla-., bonnificar (una tierra)
candidate_spelling	brahea	1	bracea	bracea, bravea	brahea -> bracea	2021 Wimmer	2021-wimmer:008880	zoyatl	Traducción (es)	palmera, dulce brahea
candidate_spelling	braie	1	brie	brie, brame, bramé, bravee, bracee	braie -> brie	2021 Wimmer	2021-wimmer:039793	tlaltenamitl	Traducción (es)	falso braie, recinto, muro, muralla de tierra
candidate_spelling	bras	1	tras	tras, bnas, eras, obras, aras, iras	bras -> tras	2021 Wimmer	2021-wimmer:021284	maitl	Traducción (es)	manos, bras. / patas delanteras y traseras son muy grandes. / metáfora: el conjunto de pueblos y aldeas que dependen de una comunidad política
candidate_spelling	bretted	1	bretes	bretes	bretted -> bretes	2021 Wimmer	2021-wimmer:039275	tlaixtiloni	Traducción (es)	martillo bretted, que tiene dientes y se utiliza para cortar piedras
candidate_spelling	bretter	1	breare	breare, bretes	bretter -> breare	2021 Wimmer	2021-wimmer:032055	teixmana	Traducción (es)	v.i., bretter, pulir las piedras, hablando del trabajador que las corta
candidate_spelling	brotación	1	rotación	rotación, frotación, borricón, borrachón	brotación -> rotación	2021 Wimmer	2021-wimmer:019053	itzmolintoc	Traducción (es)	estar en proceso de brotación o germinación
candidate_spelling	cabando	1	acabando	acabando, cavando, cebando, catando, cazando, calando	cabando -> acabando	1780 ? Bnf_361	1780-bnf-361:024617	tlacuicuitl	Traducción	esculpida cosa cabando en madera
candidate_spelling	cabernosas	1	cavernosas	cavernosas	cabernosas -> cavernosas	1598 Tezozomoc	1598-tezozomoc:000495	chicomoztoc	Traducción	siete cuevas cabernosas *t
candidate_spelling	cabeya	1	cabeza	cabeza, cabuya	cabeya -> cabeza	1571 Molina 2	1571-molina-2:019390	tepozcuacalalatli	Traducción	capacete de hierro, o celada, armadura de la cabeya
candidate_spelling	cabez	1	cabe	cabe, cabeza, caben, cabes, caber, cabed	cabez -> cabe	1780 ? Bnf_361	1780-bnf-361:007511	cuaxipetz	Traducción	cabez pelado
candidate_spelling	cabezca	1	cabeza	cabeza, carezca, calezca	cabezca -> cabeza	1780 ? Bnf_361	1780-bnf-361:003602	totolica	Traducción	cabezcaïdo estar
candidate_spelling	cabiar	1	cambiar	cambiar, cabía, caviar, cabra, cabían, rabiar	cabiar -> cambiar	1547 Olmos_V ?	1547-olmos-v:001441	patla	Traducción	cabiar o desleir
candidate_spelling	cabrial	1	cabría	cabría, Cabral, cabrían, cabria, cabrias, cabrías	cabrial -> cabría	153? Trilingüe	153-trilingue:003258	cuacuauh mimilli	Traducción	cabrio o cabrial
candidate_spelling	cacaxco	1	cachaco	cachaco	cacaxco -> cachaco	2021 Wimmer	2021-wimmer:036299	cacazco	Traducción (es)	error por cacaxco
candidate_spelling	cadado	1	casado	casado, calado, catado, candado, cavado, cazado	cadado -> casado	1780 ? Bnf_361	1780-bnf-361:021010	tepoztlatzacualoni	Traducción	aldaba paras cerrar; cadado, o cerradura, o cerraja
candidate_spelling	cadañera	1	cadenera	cadenera, cabañera	cadañera -> cadenera	153? Trilingüe	153-trilingue:001541	cecexiuhcayotl	Traducción	cadañera cosa
candidate_spelling	caentada	1	cantada	cantada, calentada	caentada -> cantada	1780 ? Bnf_361	1780-bnf-361:001575	tlatotonilli	Traducción	caentada cosa al sol
candidate_spelling	caigar	1	cargar	cargar, caiga, caigan, caigas, casigar	caigar -> cargar	1629 Alarcón	1629-alarcon:001169	pinauhtia	Traducción	avergonzar / caer en afrenta / caer en vergüenza / caigar en afrenta / incurrir caso afrentoso / ser vergüenza suya nelhuayocotona, ni: cortar de raíz
candidate_spelling	cajetes	1	casetes	casetes, cadetes	cajetes -> casetes	1580 Sahagún/Máynez	1580-sahagun-maynez:000092	caxtlatlapan	Traducción	cajetes rojos
candidate_spelling	calaberna	1	caballería	caballería	calaberna -> caballería	1598 Tezozomoc	1598-tezozomoc:001548	teocuauhtli	Traducción	cabeza o calaberna
candidate_spelling	calafrio	1	calofrío	calofrío, calofrió	calafrio -> calofrío	1571 Molina 2	1571-molina-2:020424	tetzilquiza	Traducción	erizarse o aterirse de calafrio con calléntura, o morirse de frío
candidate_spelling	calafrios	1	calvarios	calvarios, calofríos, calofriaos	calafrios -> calvarios	1571 Molina 2	1571-molina-2:020420	tetzilihui	Traducción	tener calafrios con calenturas
candidate_spelling	caleh	1	calles	calles, callen, cale, calen, cales, calé	caleh -> calles	2021 Wimmer	2021-wimmer:038177	cale	Traducción (es)	quien tiene una casa. / habitante de una localidad: cuauhtinchan caleh, habitante de cuauhtinchan (olm.)
candidate_spelling	californianus	1	californianos	californianos, californianas	californianus -> californianos	2021 Wimmer	2021-wimmer:022467	metlapiltetzotzontzin	Traducción (es)	nombre de un pájaro, el geocuco mayor, geococcyx californianus, un pájaro del desierto
candidate_spelling	caliticpa	1	califica	califica, callecita	caliticpa -> califica	1571 Molina 1	1571-molina-1:000479	tlaticpa	Traducción	hacia dentro de casa caliticpa
candidate_spelling	callecer	1	fallecer	fallecer, calecer	callecer -> fallecer	153? Trilingüe	153-trilingue:005565	machacayolihui	Traducción	callecer hacer callos
candidate_spelling	callexones	1	callejones	callejones	callexones -> callejones	1598 Tezozomoc	1598-tezozomoc:001177	apochquiyahuayocan	Traducción	partes oscuras izquierdas, adonde no ay calles ni callexones ni sendas de guía, en el nobeno infierno / adonde están descansando sus camas [del rey] *t
candidate_spelling	callexón	1	callejón	callejón	callexón -> callejón	1598 Tezozomoc	1598-tezozomoc:001314	atlecallocan	Traducción	donde no ay calle ni callexón *t
candidate_spelling	callixco	1	calicó	calicó	callixco -> calicó	17?? Bnf_362bis	17-bnf-362bis:000409	ixco	Traducción	compuesto con calli. verbigracia callixco, delante, o enfrente de la casa. son pocos los nombres con que se compone ixco, entre estos pocos si acaban en tl no la pierden
candidate_spelling	calléntura	1	calentura	calentura	calléntura -> calentura	1571 Molina 2	1571-molina-2:020424	tetzilquiza	Traducción	erizarse o aterirse de calafrio con calléntura, o morirse de frío
candidate_spelling	calmcac	1	calmécac	calmécac	calmcac -> calmécac	2021 Wimmer	2021-wimmer:035433	cacalmecac	Traducción (es)	en cada calmcac, en cada colegio
candidate_spelling	caloña	1	casona	casona, calaña, callosa, jalona, clona, alona	caloña -> casona	153? Trilingüe	153-trilingue:001150	totentlapiquiliztli	Traducción	calumnia o caloña
candidate_spelling	calura	1	callar	callar, calmar, calera, calar, calzar, calcar	calura -> callar	153? Trilingüe	153-trilingue:001104	tonalli	Traducción	calor o calura del sol
candidate_spelling	caléntarse	1	calentase	calentase, calentares	caléntarse -> calentase	1571 Molina 1	1571-molina-1:003655	totonia	Traducción	caléntarse al sol
candidate_spelling	camacpa	1	chamaca	chamaca	camacpa -> chamaca	2021 Wimmer	2021-wimmer:021042	macpa	Traducción (es)	error para camacpa
candidate_spelling	cambalachan	1	cambalacheen	cambalacheen, cambalachean	cambalachan -> cambalacheen	1571 Molina 2	1571-molina-2:023815	tlapatlaloyan	Traducción	cambio. s. el lugar donde truecan o cambalachan algo
candidate_spelling	camianado	1	caminando	caminando, caminado, caminada, caminadas	camianado -> caminando	1780 ? Bnf_361	1780-bnf-361:018956	tehuicatinemiliztli	Traducción	acompañamiento del mayor, o igual del que acompaña; acompañamiento de otro, que va camianado
candidate_spelling	caminanado	1	caminando	caminando	caminanado -> caminando	1780 ? Bnf_361	1780-bnf-361:018957	tehuicatinemini	Traducción	acompañador de otro que va caminanado; o acompañador del mayor o igual del que acompaña
candidate_spelling	camo	1	como	como, cómo, gamo, amo, caso, cama	camo -> como	153? Trilingüe	153-trilingue:002475	chachalaquiliztli	Traducción	chapido camo de chapas
candidate_spelling	cananisado	1	canalizado	canalizado, canonizado	cananisado -> canalizado	1780 ? Bnf_361	1780-bnf-361:028100	tlasancto mahuizotilli	Traducción	cananisado santo
candidate_spelling	candial	1	candela	candela, candil, candeal, sandial	candial -> candela	153? Trilingüe	153-trilingue:000723	castillatlaolli iztac	Traducción	trigo candial
candidate_spelling	canelpa	1	canela	canela	canelpa -> canela	17?? Bnf_362bis	17-bnf-362bis:000016	canozonel	Traducción	lo mismo que canelpa?
candidate_spelling	canfiandose	1	confinados	confinados, confiándose	canfiandose -> confinados	1780 ? Bnf_361	1780-bnf-361:021273	tetech ninotlatlatilia	Traducción	fiarse de otro, canfiandose de el
candidate_spelling	canin	1	canon	canon, cañón, canino, canina, canis, caneen	canin -> canon	17?? Bnf_362bis	17-bnf-362bis:000416	ixti	Traducción	esta partícula pospuesta a can, canin, y campa, y antepuesta i a los mismos, significa en ambas partes, en dos partes, en tres partes, en diez partes, etc. según el numeral que los acompaña
candidate_spelling	canjeadores	1	canjeados	canjeados, cantadores, canjeares	canjeadores -> canjeados	1580 Sahagún/Máynez	1580-sahagun-maynez:000064	tlenamacaque	Traducción	los canjeadores del fuego
candidate_spelling	canonizacionde	1	canonizaciones	canonizaciones	canonizacionde -> canonizaciones	1571 Molina 2	1571-molina-2:011670	mahuiztililiztli  +	Traducción	canonizacionde santo
candidate_spelling	cansable	1	cansarle	cansarle, cantable	cansable -> cansarle	1571 Molina 2	1571-molina-2:008281	aixtlatzihuini	Traducción	importuno o no cansable. y cosa que nunca pierde el lustre, así como la imagen, o cosa semejante
candidate_spelling	cansanción	1	cansancio	cansancio, cansancios	cansanción -> cansancio	153? Trilingüe	153-trilingue:009913	tetlatlaciahuiltiliztli	Traducción	cansanción
candidate_spelling	cansansio	1	cansancio	cansancio	cansansio -> cansancio	17?? Bnf_362	17-bnf-362:001403	ciammicqui	Traducción	tener mucho cansansio
candidate_spelling	cansarseno	1	cansaron	cansaron, cansares, cansasen, cansaren	cansarseno -> cansaron	1571 Molina 2	1571-molina-2:007402	cuecuetlaxoa	Traducción	desmayar, o cansarseno perseverando en lo comenzado
candidate_spelling	cantaro	1	cantero	cantero, cantar, cantara, cantaor, cantaron, cantado	cantaro -> cantero	2021 Wimmer	2021-wimmer:005211	tzotzocolli	Traducción (es)	jarrón grande, jarra de barro. / cantaro grande de barro
candidate_spelling	cantitad	1	cantidad	cantidad	cantitad -> cantidad	1780 ? Bnf_361	1780-bnf-361:015797	ocyeachi	Traducción	algún tanto en cantitad
candidate_spelling	cantria	1	canaria	canaria, cantaría, cantería	cantria -> canaria	1780 ? Bnf_361	1780-bnf-361:021163	tequixtiliztli	Traducción	cantria; el acto de sacar piedras; fianza de la persona; destierro de otro; imitación del hijo a su padre; despedimiento del criado
candidate_spelling	caparete	1	capare	capare, caparé, capacete	caparete -> capare	1780 ? Bnf_361	1780-bnf-361:020872	tepozcuacalalachihua	Traducción	caparete hacer de fierro
candidate_spelling	capistol	1	capiscol	capiscol	capistol -> capiscol	153? Trilingüe	153-trilingue:007825	patzcalmolli	Traducción	capistol o chantre de iglesia
candidate_spelling	capran	1	captan	captan, caerán, capean, cabrán, carpan, capan	capran -> captan	153? Trilingüe	153-trilingue:005540	tocuahyaliz ihyaliztli	Traducción	olor de capran o sobaquino
candidate_spelling	captiuan	1	capitana	capitana, capitulan	captiuan -> capitana	1571 Molina 2	1571-molina-2:022933	tlamaloyan	Traducción	lugar donde cazan o captiuan
candidate_spelling	captiue	1	capitule	capitule	captiue -> capitule	1571 Molina 2	1571-molina-2:011717	maltia	Traducción	dar a entender que captiue yo al que otro había cautivado
candidate_spelling	capuñear	1	chapucera	chapucera, chapurrear, chapucear, apuñear	capuñear -> chapucera	1780 ? Bnf_361	1780-bnf-361:020716	tepinia	Traducción	dar de codo; herir con la mano; dar puñada; capuñear a otro
candidate_spelling	caratura	1	caradura	caradura, carátula, garatura	caratura -> caradura	153? Trilingüe	153-trilingue:010622	tlachichihualxayacatl	Traducción	caratura o carantoña
candidate_spelling	carbontol	1	carbonato	carbonato, carbonatos, carbonos, carbunclo	carbontol -> carbonato	153? Trilingüe	153-trilingue:000732	tlaxhualiztli	Traducción	carbontol apostema
candidate_spelling	carcajo	1	cascajo	cascajo, carcajeó, carcajeo, carcajee, carcaj o	carcajo -> cascajo	1780 ? Bnf_361	1780-bnf-361:004369	xaltetl	Traducción	china, piedrecita, carcajo
candidate_spelling	carcavera	1	carcajear	carcajear	carcavera -> carcajear	153? Trilingüe	153-trilingue:002914	cihuatl matzinamacani	Traducción	carcavera puta
candidate_spelling	carcaxada	1	carcajada	carcajada	carcaxada -> carcajada	1765 Cortés y Zedeño	1765-cortes-y-zedeno:001953	huetzcaliztli	Traducción	carcaxada de risa
candidate_spelling	cardenalesa	1	cardenales	cardenales, cardenales a	cardenalesa -> cardenales	1571 Molina 2	1571-molina-2:008137	eztema	Traducción	hacer cardenalesa otro
candidate_spelling	cargarn	1	cargar	cargar, cargan, cargaron, cargara, cargarán, cargare	cargarn -> cargar	1780 ? Bnf_361	1780-bnf-361:026131	tlamama	Traducción	cargarn llevar
candidate_spelling	cariarriba	1	cariaría	cariaría	cariarriba -> cariaría	1629 Alarcón	1629-alarcon:001037	aquetza	Traducción	estar cariarriba
candidate_spelling	carilabrado	1	calibrado	calibrado	carilabrado -> calibrado	1629 Alarcón	1629-alarcon:000763	ipotocatimani  +	Traducción	espejo carilabrado que vahea [tierra]
candidate_spelling	carnesto	1	carnets	carnets, carnespo	carnesto -> carnets	1780 ? Bnf_361	1780-bnf-361:013173	nacacahualizpan	Traducción	atuejo, carnaval, o carnesto llendas
candidate_spelling	carnicol	1	cárnicos	cárnicos, cárnico	carnicol -> cárnicos	153? Trilingüe	153-trilingue:007821	patoltontli	Traducción	dado de cuatro haces o carnicol
candidate_spelling	carrilo	1	carrito	carrito, carrillo, carril, carrizo, carril o	carrilo -> carrito	1780 ? Bnf_361	1780-bnf-361:000683	cantli	Traducción	carrilo de la cara
candidate_spelling	casaguates	1	cacahuates	cacahuates	casaguates -> cacahuates	2021 Wimmer	2021-wimmer:014172	cuauhzahuatla	Traducción (es)	lugar donde hay muchos casaguates
candidate_spelling	cascavel	1	cascabel	cascabel	cascavel -> cascabel	1780 ? Bnf_361	1780-bnf-361:007663	cuyoltontli	Traducción	cascavel pequeño
candidate_spelling	caseada	1	cascada	cascada, casada, paseada, gaseada, aseada, capeada	caseada -> cascada	1780 ? Bnf_361	1780-bnf-361:000904	tlatlapantli	Traducción	caseada cosa de algo quebrándola
candidate_spelling	caseus	1	cases	cases, caséis, casques	caseus -> cases	1780 ? Bnf_361	1780-bnf-361:000389	tlatetzauhtlichichihualayotl	Traducción	queso caseus
candidate_spelling	casquetede	1	casquete	casquete, casquetes	casquetede -> casquete	1780 ? Bnf_361	1780-bnf-361:020873	tepozcuacalalatli	Traducción	celada, armadura de la cabeza; capacete de fierro; o casquetede fierro
candidate_spelling	castellanisado	1	castellanizado	castellanizado	castellanisado -> castellanizado	17?? Bnf_362	17-bnf-362:005092	tlapopolhuiliztli	Traducción	perdón; indulgencia, ya seve que no tiene nombre propio, y ellos lo entienden castellanisado
candidate_spelling	catandole	1	catándoles	catándoles, catando	catandole -> catándoles	1571 Molina 2	1571-molina-2:015026	atahuayo  +	Traducción	encomendar mi necesidad al que me puede socorrer en ella, catandole primero la benevolencia. metáfora
candidate_spelling	catiuerio	1	cautiverio	cautiverio	catiuerio -> cautiverio	1571 Molina 1	1571-molina-1:016669	mallotl	Traducción	catiuerio en guerra
candidate_spelling	cauallero	1	caballero	caballero, camalero	cauallero -> caballero	2021 Wimmer	2021-wimmer:029076	pillalia	Traducción (es)	v.t. tē-., armar caballero a alguien. / v.t. tē-., armar cauallero a otro
candidate_spelling	caualletes	1	caballetes	caballetes, canaletes	caualletes -> caballetes	1571 Molina 2	1571-molina-2:007437	cuenteca	Traducción	el hacerse los caualletes cuando labran la tierra y hacen las eras
candidate_spelling	cauallilo	1	caudillo	caudillo	cauallilo -> caudillo	153? Trilingüe	153-trilingue:003580	cuaxochtli	Traducción	cauallilo entre era y era
candidate_spelling	cauernas	1	cavernas	cavernas, cuernas, carenas, casernas	cauernas -> cavernas	1571 Molina 2	1571-molina-2:015907	ooztotla	Traducción	lugar lleno de cauernas o cuevas
candidate_spelling	cautella	1	cautélala	cautélala, cautela	cautella -> cautélala	1780 ? Bnf_361	1780-bnf-361:025592	tlaixtotocani	Traducción	escudriñador que hay en algún lugar con cautella o curiosidad
candidate_spelling	cautelos	1	cauteloso	cauteloso, cautelosa, cautelas	cautelos -> cauteloso	1780 ? Bnf_361	1780-bnf-361:019195	teixcuepani	Traducción	embaidor; hipócrita simulador; embarcador; hechicero; falsa cosa que engaña; engañador, o cautelos, egañando a otro con apariencia de bien
candidate_spelling	cautelozamente	1	cautelosamente	cautelosamente	cautelozamente -> cautelosamente	1780 ? Bnf_361	1780-bnf-361:001360	tlatolana	Traducción	preguntar cautelozamente para tentar
candidate_spelling	caxajo	1	casado	casado	caxajo -> casado	1780 ? Bnf_361	1780-bnf-361:022731	tezquimana	Traducción	poner caxajo o ripio al suelo que se ha de encalar
candidate_spelling	caxcabel	1	cascabel	cascabel	caxcabel -> cascabel	1598 Tezozomoc	1598-tezozomoc:000744	cuechtli	Traducción	sonaxera que rresuena como caxcabel bronco
candidate_spelling	caxones	1	cañones	cañones, cajones, cánones, cazones, capones, casones	caxones -> cañones	1571 Molina 2	1571-molina-2:020301	cacalatza	Traducción	hacer ruido revolviendo jícaras, o nueces, o cosas semejantes o abriendo y cerrando cajas, caxones, o puertas y ventanas
candidate_spelling	caxquete	1	casquete	casquete	caxquete -> casquete	1571 Molina 1	1571-molina-1:028366	tepozcuacalalatli	Traducción	caxquete de hierro
candidate_spelling	caxtill	1	cantil	cantil	caxtill -> cantil	1645 Carochi	1645-carochi:002547	tlailli	Traducción	bebida, como vino, pulque, etc. / caxtillän ~, vino / caxtillän ~, vino de castilla
candidate_spelling	cayman	1	caimán	caimán, calman, Cayena, Cayman	cayman -> caimán	1629 Alarcón	1629-alarcon:000392	acuetzpal	Traducción	cocodrillo o lagarto o cayman
candidate_spelling	cazcajo	1	cascajo	cascajo	cazcajo -> cascajo	17?? Bnf_362	17-bnf-362:000628	xaltetl	Traducción	cazcajo o piedra menuda
candidate_spelling	cañaueralo	1	cañaveral	cañaveral, cañamelar	cañaueralo -> cañaveral	1571 Molina 2	1571-molina-2:006070	ahacatla	Traducción	cañaueralo
candidate_spelling	cañaz	1	capaz	capaz, cañas, canal, caña, cana, Cañas	cañaz -> capaz	17?? Bnf_362	17-bnf-362:002931	miyahuatl	Traducción	espiga de la cañaz del maíz
candidate_spelling	cañosas	1	canoas	canoas, cansas, canosas, canosos, carnosas, añosas	cañosas -> canoas	1580 Sahagún/Máynez	1580-sahagun-maynez:001351	acaquilpan	Traducción	?en las legumbres cañosas?
candidate_spelling	ccielo	1	cielo	cielo, cíelo	ccielo -> cielo	1629 Alarcón	1629-alarcon:001476	tlamacazque	Traducción	dioses / dioses de la tierra / espiritados (las nubes) / espiritados, o los dioses (nubes) / nobles del ccielo
candidate_spelling	cebadaza	1	cebadada	cebadada, cebadara, cebadará, cebadaba	cebadaza -> cebadada	153? Trilingüe	153-trilingue:005951	mazatlaollo	Traducción	cebadaza cosa
candidate_spelling	cebáceo	1	cetáceo	cetáceo, sebáceo	cebáceo -> cetáceo	2021 Wimmer	2021-wimmer:007210	yacaocuilin	Traducción (es)	material cebáceo casi sólido, que se hunde en los poros, especialmente en la piel de la nariz, y termina en un punto negro
candidate_spelling	cecni	1	Ceci	Ceci, cecina, cecino, cerní, cecine, cecinó	cecni -> Ceci	1645 Carochi	1645-carochi:001806	oc	Traducción	todavía / por ahora / aún / además / primero / entretanto / tlä ~, aguarda / ~ acattopa, primero / además de eso / ~ acatto, primer cosa / ~ achto, primero / ~ cecni, en otro lugar / ~ hualcâ, mucho más (comparativo) / ~ huècauh, mucho tiempo después / ~ ïmöztlayoc, un día antes / ~ itlà, algo más /
candidate_spelling	cegajez	1	cegares	cegares, cegases	cegajez -> cegares	153? Trilingüe	153-trilingue:005239	ixcozaltiliztli	Traducción	cegajez dolencia de ellos
candidate_spelling	ceguedas	1	cegueras	cegueras, ceguedad	ceguedas -> cegueras	1780 ? Bnf_361	1780-bnf-361:010618	ixpopoyotiliztli	Traducción	ceguedas, õ ceguera
candidate_spelling	celiya	1	Celia	Celia, Celina	celiya -> Celia	2021 Wimmer	2021-wimmer:004301	ceceliya	Traducción (es)	v.inanim., redupl. de celiya, hacer crecer brotes, hablando de plantas. / v.impers. con preferencia obj. tla-.inanimada, crece, se pone verde
candidate_spelling	cenadales	1	cendales	cendales, cenagales	cenadales -> cendales	1629 Alarcón	1629-alarcon:000761	ipan  +	Traducción	en los grandes cenadales (en las lindas verderias)
candidate_spelling	cenanas	1	cenabas	cenabas, cenaras, cenarás, cananas	cenanas -> cenabas	1780 Clavijero	1780-clavijero:000444	centlinan	Traducción	nombre de una de las cenanas
candidate_spelling	cencah	1	cenacho	cenacho	cencah -> cenacho	2021 Wimmer	2021-wimmer:022855	miequintin	Traducción (es)	ahmo zan quezquin nemih cencah miequintin nemih, no son pocos los que viajan; muchísimos viajes. se dice que son hormigas cocidas laazcatl. 11,90 sa
candidate_spelling	cenir	1	venir	venir, cenar, ceñir, cenit, teñir, reñir	cenir -> venir	1547 Olmos_V ?	1547-olmos-v:000683	elilpia	Traducción	cenir [ceñir] o fajar a los pechos
candidate_spelling	cenirse	1	centres	centres, cenares	cenirse -> centres	1547 Olmos_V ?	1547-olmos-v:000644	cuitlalpia	Traducción	cenirse [ceñirse]
candidate_spelling	cenneloa	1	centolla	centolla	cenneloa -> centolla	1571 Molina 2	1571-molina-2:005055	cenne panoa	Traducción	lo mismo es que cenneloa
candidate_spelling	centrípedo	1	centrípeto	centrípeto	centrípedo -> centrípeto	2021 Wimmer	2021-wimmer:011339	co	Traducción (es)	sufijo direccional centrípedo (movimiento hacia aquí)
candidate_spelling	cerado	1	creado	creado, cerrado, cenado, cesado, curado, cercado	cerado -> creado	1780 ? Bnf_361	1780-bnf-361:001561	tlatotochcopintli	Traducción	desollado cerado
candidate_spelling	cernuduras	1	cerniduras	cerniduras	cernuduras -> cerniduras	153? Trilingüe	153-trilingue:000580	tlatzetzelhuazotl	Traducción	cernuduras
candidate_spelling	cerriones	1	cerotes	cerotes, cercenes, cerceno, cerriles, cerciores, cerrazones	cerriones -> cerotes	1571 Molina 1	1571-molina-1:007474	cetl mopipiloa	Traducción	cerriones de hielo
candidate_spelling	cerroso	1	cerros	cerros, cerrojo, ferroso, terroso, ceroso, cerros o	cerroso -> cerros	153? Trilingüe	153-trilingue:009411	tepoz tlatzacuillotl	Traducción	cerroso cerradura
candidate_spelling	cervitudo	1	certitud	certitud	cervitudo -> certitud	153? Trilingüe	153-trilingue:008084	quechnanatztic	Traducción	cervitudo de gruesa cerviz
candidate_spelling	cesor	1	cesar	cesar, cesó, censor, ceros, ceso, coser	cesor -> cesar	153? Trilingüe	153-trilingue:009104	tentetlatzontequiliani	Traducción	cesor juez extraordinario
candidate_spelling	cevil	1	cebil	cebil, civil, cdvil, ccvil, clvil, cmvil	cevil -> cebil	1780 ? Bnf_361	1780-bnf-361:016079	atlacatl	Traducción	cevil persona
candidate_spelling	cexas	1	coxas	coxas, cenas, cejas, Texas, cepas, cesas	cexas -> coxas	1565 Sahagún Escolios	1565-sahagun-escolios:000651	ixcuamole	Traducción	cosa que tiene cexas o persona que tiene sucesores
candidate_spelling	cexo	1	cero	cero, ceno, nexo, ceso, cebo, cedo	cexo -> cero	1780 ? Bnf_361	1780-bnf-361:012219	mimatqui	Traducción	briosa, y honesta cosa; diestra persona; sesudo cosa de buen cexo; mesurado
candidate_spelling	chachalacah	1	chachalacas	chachalacas, chachalaca	chachalacah -> chachalacas	2021 Wimmer	2021-wimmer:009407	chachalaca	Traducción (es)	v.i., habla mucho. / v.impers. con el pref.obj.indefinido, inanimado tla-., hablamos mucho, charlamos. / ornitología, 'chachalacah', designaría también a un ave, el ortálido chacamel
candidate_spelling	chachapaca	1	chachalaca	chachalaca	chachapaca -> chachalaca	2021 Wimmer	2021-wimmer:009439	chachapachilia	Traducción (es)	v. aplicación sobre chachapaca
candidate_spelling	chalca	1	chala	chala, charca, chanca, chancla, calca, chasca	chalca -> chala	2021 Wimmer	2021-wimmer:009511	chalcacuicatl	Traducción (es)	canto o danza de la chalca. se refiere a un estilo de canto
candidate_spelling	chalcah	1	chacha	chacha, chancha, chaucha	chalcah -> chacha	2021 Wimmer	2021-wimmer:009508	chalcaayatia	Traducción (es)	v.refl., llevaba una capa hecha de fibras de agave, a la manera de las chalcah
candidate_spelling	chalcahs	1	chachas	chachas, chauchas, chanchas	chalcahs -> chachas	2021 Wimmer	2021-wimmer:009517	chalcayotl	Traducción (es)	lo de chalco o los chalcahs
candidate_spelling	chalcas	1	charcas	charcas, chanclas, chalas, chancas, chascas, calcas	chalcas -> charcas	2021 Wimmer	2021-wimmer:009518	chalchicacuicatl	Traducción (es)	canción de los chalcas
candidate_spelling	chalmecas	1	chalecos	chalecos, chanceas, chalemos, chapuceas, charnecas, chamacas	chalmecas -> chalecos	2021 Wimmer	2021-wimmer:009608	chalmecatlatquitl	Traducción (es)	vestimenta de los chalmecas
candidate_spelling	chanbraua	1	chantaría	chantaría, chantara, changara, changaría, chancara, chancaría	chanbraua -> chantaría	153? Trilingüe	153-trilingue:010892	cali xactli	Traducción	chanbraua de puerta
candidate_spelling	chant	1	Chano	Chano, chaná, chat, chanta, chante	chant -> Chano	2021 Wimmer	2021-wimmer:014789	cuicoanoliztli	Traducción (es)	le chant et la danse
candidate_spelling	chantico	1	cántico	cántico, cuántico	chantico -> cántico	2021 Wimmer	2021-wimmer:009637	chancoti	Traducción (es)	título divino relacionado con chantico; cabeza de lobo
candidate_spelling	chapalla	1	chavala	chavala, chaparral, chapaba, chapara, chapada, chapalea	chapalla -> chavala	2021 Wimmer	2021-wimmer:003455	tololotlan	Traducción (es)	río michoacano que cruza el lago de chapalla y desemboca en el océano pacífico, los españoles lo llamaron guadalajara
candidate_spelling	chapido	1	chapado	chapado, chapodo, chapodó	chapido -> chapado	153? Trilingüe	153-trilingue:002475	chachalaquiliztli	Traducción	chapido camo de chapas
candidate_spelling	chapin	1	chapen	chapen, chapan, chapeen, chapón, Chapin	chapin -> chapen	153? Trilingüe	153-trilingue:009753	cac comitl	Traducción	chapin de mujer
candidate_spelling	chapoltepec	1	Chapultepec	Chapultepec	chapoltepec -> Chapultepec	2021 Wimmer	2021-wimmer:009678	chapoltepetl	Traducción (es)	montaña de las langostas, chapoltepec
candidate_spelling	chapudo	1	chapado	chapado, chapuzo, chapodo, chapodó	chapudo -> chapado	153? Trilingüe	153-trilingue:003836	tepoz ehuatic	Traducción	chapudo de chapas
candidate_spelling	charitatiuo	1	caritativo	caritativo	charitatiuo -> caritativo	1571 Molina 2	1571-molina-2:020305	tetlazotlani	Traducción	amador, o charitatiuo
candidate_spelling	chaun	1	Chauen	Chauen, chau	chaun -> Chauen	2021 Wimmer	2021-wimmer:011311	ahacocholoa	Traducción (es)	v.i., en plural, saltando en el aire, chaun, o repetidamente
candidate_spelling	cheremias	1	churrerías	churrerías, chirimías	cheremias -> churrerías	1571 Molina 2	1571-molina-2:023889	tlapichilia	Traducción	dar a otro música con flautas, cheremias. etc.
candidate_spelling	chibeto	1	chicote	chicote, chilote, chipote, chirote, chipotee	chibeto -> chicote	1611 Arenas	1611-arenas:001828	tentzone	Traducción	chibeto / chivato
candidate_spelling	chicoltico	1	chicorrotico	chicorrotico	chicoltico -> chicorrotico	2021 Wimmer	2021-wimmer:010115	chicoltic	Traducción (es)	chicoltico. cf.chihcōltic
candidate_spelling	chielia	1	chilena	chilena	chielia -> chilena	1571 Molina 2	1571-molina-2:005893	chiyaltia	Traducción	lo mismo es que chielia
candidate_spelling	chihchalo	1	chicharro	chicharro, chinchado, chicheado	chihchalo -> chicharro	2021 Wimmer	2021-wimmer:009767	chichalo	Traducción (es)	chihchalo, v.impers. en chihcha
candidate_spelling	chihchihcopi	1	chihcrihcopi	chihcrihcopi	chihchihcopi -> chihcrihcopi	2021 Wimmer	2021-wimmer:009816	chichicopihua	Traducción (es)	chihchihcopīhua, v.impers. sobre chihchihcopi
candidate_spelling	chihton	1	chitón	chitón	chihton -> chitón	2021 Wimmer	2021-wimmer:038188	achiton	Traducción (es)	ver un chihton
candidate_spelling	chilchote	1	chicote	chicote, chilote, chichota, chichonee	chilchote -> chicote	1598 Tezozomoc	1598-tezozomoc:000501	chilchotl	Traducción	chilchote
candidate_spelling	child	1	chili	chili, chile, chilla, chillo, chille, chilló	child -> chili	2021 Wimmer	2021-wimmer:009867	chichihualcahualtia	Traducción (es)	v.t. tē-., wean a child. / v.t. tē-., destetar al niño
candidate_spelling	chililto	1	chillido	chillido	chililto -> chillido	1580 Sahagún/Máynez	1580-sahagun-maynez:000775	cuachilton	Traducción	cabeza de chililto
candidate_spelling	chimalpán	1	chiflarán	chiflarán, chillarán, chirlarán	chimalpán -> chiflarán	1580 Sahagún/Máynez	1580-sahagun-maynez:000626	chimalpanecatl	Traducción	el de chimalpán
candidate_spelling	chime	1	Chimo	Chimo, chile, chame, chisme, chite, chive	chime -> Chimo	2021 Wimmer	2021-wimmer:001814	tlatzitzilitzaliztli	Traducción (es)	chime, acción de sonar
candidate_spelling	chinanpa	1	chinampa	chinampa	chinanpa -> chinampa	1598 Tezozomoc	1598-tezozomoc:000518	chinampan	Traducción	chinanpa *t
candidate_spelling	chipea	1	chipa	chipa, chispea, chapea, chirrea	chipea -> chipa	2021 Wimmer	2021-wimmer:000054	tlatempixoani	Traducción (es)	el que chipea algo
candidate_spelling	chiriuia	1	chirivía	chirivía, chirimía	chiriuia -> chirivía	1571 Molina 1	1571-molina-1:016090	lo mesmo	Traducción	chiriuia
candidate_spelling	chirp	1	chip	chip, Chipre	chirp -> chip	2021 Wimmer	2021-wimmer:014818	cuicuihuia	Traducción (es)	v.i., chirp
candidate_spelling	chochon	1	chichón	chichón, chochen	chochon -> chichón	2021 Wimmer	2021-wimmer:009022	cenpinotl	Traducción (es)	aquí están los mixtecos, los chochon
candidate_spelling	choloa	1	chola	chola, chollos, cholla	choloa -> chola	2021 Wimmer	2021-wimmer:010836	chololo	Traducción (es)	v.impers pasivos. en choloa
candidate_spelling	chotar	1	chocar	chocar, chota, chotas, chitar, chotear	chotar -> chocar	153? Trilingüe	153-trilingue:007923	pipitzoa ^	Traducción	chotar casi chupar
candidate_spelling	chrisma	1	carisma	carisma, crisma, chisma	chrisma -> carisma	1571 Molina 2	1571-molina-2:006574	crismayotilli  +	Traducción	crismado, o cosa consagrada con chrisma
candidate_spelling	cición	1	ciclón	ciclón, cisión	cición -> ciclón	153? Trilingüe	153-trilingue:008149	atonahuiztli	Traducción	cición de calentura
candidate_spelling	cidicia	1	codicia	codicia, cidici a	cidicia -> codicia	1780 ? Bnf_361	1780-bnf-361:024755	tlaelehuiliztli	Traducción	cidicia generalmente
candidate_spelling	cienso	1	ciento	ciento, pienso, censo, cieno, cienos, censó	cienso -> ciento	1565 Sahagún Escolios	1565-sahagun-escolios:000092	tlenamaca	Traducción	echar incienso con la mano de barro en que están brasas / ofrecer el cienso en las brasas
candidate_spelling	cierbo	1	cierto	cierto, cierro, ciervo, cierzo, cierno	cierbo -> cierto	1598 Tezozomoc	1598-tezozomoc:000114	tonacamazatl	Traducción	caballo de muy grande cierbo aderezado / cabalgadura como un muy grande siervo, venado poderoso
candidate_spelling	ciertomante	1	ciertamente	ciertamente	ciertomante -> ciertamente	2021 Wimmer	2021-wimmer:025308	nelli	Traducción (es)	cierto, ciertomante o de verdad
candidate_spelling	cieruos	1	ciertos	ciertos, ciervos, cierzos	cieruos -> ciertos	1571 Molina 1	1571-molina-1:023931	pipitzcaliztli	Traducción	brama de cieruos
candidate_spelling	cieso	1	cheso	cheso, cielo, cierro, cielos, ciego, ciegos	cieso -> cheso	1780 ? Bnf_361	1780-bnf-361:013783	necuilchilpiloliztli	Traducción	salida del cieso
candidate_spelling	cilbestre	1	ocilbestre	ocilbestre	cilbestre -> ocilbestre	17?? Bnf_362	17-bnf-362:003635	pipiyolin	Traducción	abeja la que hace miel cilbestre
candidate_spelling	cimantecos	1	cimentemos	cimentemos	cimantecos -> cimentemos	2021 Wimmer	2021-wimmer:011164	cimatecaxima	Traducción (es)	v.refl., cortarse el pelo a la manera de los cimantecos
candidate_spelling	cincienta	1	cincuenta	cincuenta	cincienta -> cincuenta	153? Trilingüe	153-trilingue:004421	ic ompohuallomatlactli	Traducción	cincienta parte
candidate_spelling	cingulo	1	cinglo	cinglo, cingló	cingulo -> cinglo	1595 Rincón	1595-rincon:000437	nelpiloni	Traducción	el cingulo
candidate_spelling	ciones	1	cines	cines, clones, iones, cisnes, aciones, cienes	ciones -> cines	1780 ? Bnf_361	1780-bnf-361:021328	tetechyetinemiatonahuiztli	Traducción	hoy ciones
candidate_spelling	cipr	1	cipo	cipo, ciar	cipr -> cipo	2021 Wimmer	2021-wimmer:001718	tlatzcanti	Traducción (es)	v.i., se convierte en ciprés. / v.i., volverse ciprès
candidate_spelling	cipresar	1	cipresal	cipresal, cierras	cipresar -> cipresal	153? Trilingüe	153-trilingue:000575	tlatzcantla	Traducción	cipresar lugar de ciprés
candidate_spelling	ciprez	1	ciprés	ciprés	ciprez -> ciprés	1595 Rincón	1595-rincon:000021	tlatzcan	Traducción	cedro o ciprez
candidate_spelling	cirar	1	mirar	mirar, citar, tirar, curar, criar, girar	cirar -> mirar	17?? Bnf_362	17-bnf-362:003335	ocuillohua	Traducción	cirar gusanos
candidate_spelling	ciron	1	Ciro	Ciro, tirón, lirón, ciaron, jirón, Girón	ciron -> Ciro	2021 Wimmer	2021-wimmer:019715	ixocuilin	Traducción (es)	ciron, gusanito
candidate_spelling	cisa	1	cica	cica, cosa, bisa, cis, cista, chisa	cisa -> cica	1780 ? Bnf_361	1780-bnf-361:011728	mauhqui	Traducción	cobarde persona; esoabtaduza cisa; temeroso, cobarde, y medroso por naturaleza
candidate_spelling	citola	1	cito	cito, citó, vitola, cítola, cítolas	citola -> cito	153? Trilingüe	153-trilingue:005972	mecahuehuetl	Traducción	citola instrumento en música
candidate_spelling	citolera	1	cotillear	cotillear, cotillera	citolera -> cotillear	153? Trilingüe	153-trilingue:002916	cihuatl mecahuehuetzotzonani	Traducción	citolera la que lo tañe
candidate_spelling	citolero	1	cotillero	cotillero	citolero -> cotillero	153? Trilingüe	153-trilingue:005974	mecahuehuetzotzonani	Traducción	citolero el que lo tañe
candidate_spelling	ciuera	1	cuera	cuera, cimera, ciñera, cibera	ciuera -> cuera	153? Trilingüe	153-trilingue:011776	tlaolli	Traducción	ciuera casi cibdadria
candidate_spelling	ciuia	1	cuida	cuida, cuita	ciuia -> cuida	2021 Wimmer	2021-wimmer:017658	icihuia	Traducción (es)	v.t. tla-., perseguir, presionar, excitar una cosa (s s ciuia). / v.refl., enfadarse, estar inquieto
candidate_spelling	ciya	1	diya	diya, cica, cita, cuya, cima, coya	ciya -> diya	2021 Wimmer	2021-wimmer:011336	ciz	Traducción (es)	ciz, pft. en ciya
candidate_spelling	claridado	1	claridad	claridad, claridad o	claridado -> claridad	1571 Molina 2	1571-molina-2:019032	teotlanextli	Traducción	claridado luz divina
candidate_spelling	clavardura	1	clavadura	clavadura	clavardura -> clavadura	153? Trilingüe	153-trilingue:006162	tlatepozminaliztli	Traducción	clavardura o enclavadura
candidate_spelling	clavelina	1	clavelito	clavelito, clavetean, clavrlina	clavelina -> clavelito	153? Trilingüe	153-trilingue:000552	castilla xochitl	Traducción	clavelina flor
candidate_spelling	clavi	1	Clari	Clari, clave, clavo, clava, clavó, clavé	clavi -> Clari	2021 Wimmer	2021-wimmer:011478	coaxolotl	Traducción (es)	templo de méxico construido en el n.o. parte de la ciudad llamada tlatelolco. (clavi.)
candidate_spelling	cliff	1	clic	clic, clip, Cliff	cliff -> clic	2021 Wimmer	2021-wimmer:002238	tlaxixipochtli	Traducción (es)	cliff, puro
candidate_spelling	cloquar	1	cloquear	cloquear, cloquera	cloquar -> cloquear	1780 ? Bnf_361	1780-bnf-361:001041	tlatlatoa	Traducción	cloquar la gallina de castilla
candidate_spelling	clíster	1	blíster	blíster	clíster -> blíster	2021 Wimmer	2021-wimmer:035612	tetzimpamaconi	Traducción (es)	jeringa, clíster
candidate_spelling	cobdiciando	1	codiciando	codiciando	cobdiciando -> codiciando	1571 Molina 2	1571-molina-2:018176	teixelehuiliztica	Traducción	cobdiciando mujeres. etc.
candidate_spelling	cobdiciarla	1	codiciará	codiciará, codiciaría, codiciara	cobdiciarla -> codiciará	1571 Molina 2	1571-molina-2:009278	icoltia	Traducción	antojárseme alguna cosa, o cobdiciarla
candidate_spelling	cobdicien	1	codicien	codicien	cobdicien -> codicien	1571 Molina 2	1571-molina-2:007961	elehuiltia	Traducción	procurar que otros me cobdicien
candidate_spelling	cobertoras	1	coberturas	coberturas, cobertores, coberteras	cobertoras -> coberturas	2021 Wimmer	2021-wimmer:018230	ihuihuitztli	Traducción (es)	plumas puntiagudas, plumas cobertoras de las alas. michel gilonne 196
candidate_spelling	cobertos	1	cobertor	cobertor, cobremos, cobreños	cobertos -> cobertor	1780 ? Bnf_361	1780-bnf-361:000869	tlatlapachiuhcayotl	Traducción	cobertos de algo
candidate_spelling	cocecha	1	cosecha	cosecha, cohecha	cocecha -> cosecha	17?? Bnf_362	17-bnf-362:004497	titixia	Traducción	rebuscar o recoger lo que queda después de la cocecha
candidate_spelling	cocediza	1	cogediza	cogediza	cocediza -> cogediza	153? Trilingüe	153-trilingue:007693	pahuaxoni	Traducción	cocediza cosa
candidate_spelling	cochio	1	cochino	cochino, cocho, coció, cochizo	cochio -> cochino	153? Trilingüe	153-trilingue:004919	inexitiloni	Traducción	cochio cosa albar
candidate_spelling	coconeh	1	conoces	conoces, conoce, conocer, conocen, conoced	coconeh -> conoces	2021 Wimmer	2021-wimmer:011729	cocone	Traducción (es)	coconeh, pl. en conētl
candidate_spelling	coctar	1	cocar	cocar, cortar, costar, cocara, cocear	coctar -> cocar	1780 ? Bnf_361	1780-bnf-361:011408	mahuiztla	Traducción	reverencia coctar (sic)
candidate_spelling	codada	1	rodada	rodada, copada, colada, acodada, cocada, podada	codada -> rodada	1571 Molina 1	1571-molina-1:005080	cem molicnitepiniliztli	Traducción	codada
candidate_spelling	codarse	1	codeares	codeares, codales	codarse -> codeares	2021 Wimmer	2021-wimmer:030072	quequezana	Traducción (es)	v.refl., imponerse, codarse
candidate_spelling	cogallo	1	cogollo	cogollo	cogallo -> cogollo	1780 ? Bnf_361	1780-bnf-361:017994	quiyocuahuitl	Traducción	cogallo de maguey espigado y seco
candidate_spelling	cohollo	1	cogollo	cogollo, chollo	cohollo -> cogollo	1598 Tezozomoc	1598-tezozomoc:001413	quiyotlacuextli	Traducción	cohollo de tule
candidate_spelling	cojeda	1	cojera	cojera, Ojeda, cojea, cojead	cojeda -> cojera	153? Trilingüe	153-trilingue:004350	huilatiliztli	Traducción	cojeda de esta manera
candidate_spelling	cojer	1	cover	cover, comer, coger, coser, cojea, cocer	cojer -> cover	1547 Olmos_V ?	1547-olmos-v:000608	cuelpachoa	Traducción	plegar[ ]cojer
candidate_spelling	cojin	1	colín	colín, cojín	cojin -> colín	1780 ? Bnf_361	1780-bnf-361:006815	cuachicpalli	Traducción	almohada, o cojin
candidate_spelling	coldo	1	boldo	boldo, coló, caldo, toldo, codo, colmo	coldo -> boldo	1780 ? Bnf_361	1780-bnf-361:026993	tlanexpachoani	Traducción	cubridor de alguna cosa con re(s)coldo y brazas
candidate_spelling	colline	1	colina	colina, colino, colmen, coleen, colige	colline -> colina	2021 Wimmer	2021-wimmer:000478	tlatilli	Traducción (es)	colline (colina). descrito en
candidate_spelling	colo	1	como	como, solo, colt, cobo, coló, cola	colo -> como	153? Trilingüe	153-trilingue:008176	quilpapatlactli	Traducción	colo pereza
candidate_spelling	colomna	1	columna	columna, colocan, colman, coloran	colomna -> columna	17?? Bnf_362	17-bnf-362:004065	temimilli	Traducción	colomna de piedra, esto es piedra redonda; pilar de palo
candidate_spelling	colories	1	colores	colores, colorines, colorees, colorase, colorías, colareis	colories -> colores	1780 ? Bnf_361	1780-bnf-361:024927	tlahuele	Traducción	colories, airados
candidate_spelling	colpe	1	golpe	golpe, cole, cope, colme, cospe, culpe	colpe -> golpe	1571 Molina 2	1571-molina-2:001477	tlaxoleuhtli	Traducción	cosa desollada o rozada con colpe
candidate_spelling	comelon	1	comezón	comezón, comilón, colemos	comelon -> comezón	1780 ? Bnf_361	1780-bnf-361:021130	tequitlacuani	Traducción	glotón; comelon; comedor de mucho
candidate_spelling	comendar	1	comentar	comentar, comenzar, comandar	comendar -> comentar	153? Trilingüe	153-trilingue:010343	tetech cahua	Traducción	comendar encomendar
candidate_spelling	comeperros	1	compresor	compresor, comederos	comeperros -> compresor	1580 Sahagún/Máynez	1580-sahagun-maynez:001116	itzcuincuani	Traducción	comeperros
candidate_spelling	comermelo	1	comeremos	comeremos	comermelo -> comeremos	1571 Molina 2	1571-molina-2:010524	ixcahuia	Traducción	comermelo yo todo o aprovecharse el solo de alguna cosa, sin partirla con otros
candidate_spelling	cometedor	1	comedero	comedero, acometedor	cometedor -> comedero	153? Trilingüe	153-trilingue:000340	tlatlazoliztli	Traducción	cometedor así
candidate_spelling	cominedo	1	comiendo	comiendo	cominedo -> comiendo	1547 Olmos_G	1547-olmos-g:000287	cua	Traducción	todos están cominedo en pie
candidate_spelling	comio	1	como	como, cómo, comió, copio, comí, comido	comio -> como	1571 Molina 2	1571-molina-2:004869	zaoquicua	Traducción	no dejo de comerlo, o todavía se lo comio, o atreviose a comerlo. etcétera
candidate_spelling	commimure	1	comisura	comisura, comiere, comisare	commimure -> comisura	1547 Olmos_V ?	1547-olmos-v:000552	coxonia	Traducción	commimure aliquid
candidate_spelling	commo	1	como	como, cómo, cormo, combo, colmo, comió	commo -> como	1780 ? Bnf_361	1780-bnf-361:026691	tlanecoctentilli	Traducción	afilada cosa de dos filos commo espada
candidate_spelling	comopalos	1	compulso	compulso, componeos, compaso	comopalos -> compulso	1780 ? Bnf_361	1780-bnf-361:024592	tlacuetlanilli	Traducción	cosa quebrada comopalos de cosa alrga vide cuetlania
candidate_spelling	compadesco	1	compadezco	compadezco	compadesco -> compadezco	17?? Bnf_362	17-bnf-362:004983	tlaocoltia	Traducción	yo tengo lastima de ti, o me compadesco de ti
candidate_spelling	compadeserse	1	compadecieres	compadecieres, compadrees	compadeserse -> compadecieres	1780 ? Bnf_361	1780-bnf-361:027189	tlaocoltia, nech	Traducción	compadeserse sic) de alguno
candidate_spelling	compadriza	1	compadrara	compadrara, compadrea, compadraba, compadra	compadriza -> compadrara	153? Trilingüe	153-trilingue:000169	tlatlacoani	Traducción	compadriza cosa
candidate_spelling	comparat	1	comparar	comparar, comparta, compara, comparan, comparas, comparad	comparat -> comparar	1780 ? Bnf_361	1780-bnf-361:015753	octeuhti	Traducción	mas nombre, comparat°
candidate_spelling	comparer	1	comparar	comparar, comparen, compare, comprare, compares	comparer -> comparar	1780 ? Bnf_361	1780-bnf-361:013880	nehuihuilia	Traducción	cotejar, õ comparer
candidate_spelling	compartativo	1	comparativo	comparativo	compartativo -> comparativo	153? Trilingüe	153-trilingue:005506	amo ixquich amo iuh	Traducción	que adverbio de compartativo
candidate_spelling	compaz	1	compas	compas, compa, compás	compaz -> compas	1780 ? Bnf_361	1780-bnf-361:005699	yollohuana	Traducción	compazar o medir con compaz
candidate_spelling	compazada	1	comparada	comparada, compasada	compazada -> comparada	1780 ? Bnf_361	1780-bnf-361:002618	tlayollohuantli	Traducción	cosa compazada, medida con conpas
candidate_spelling	compazar	1	comparar	comparar, compasar	compazar -> comparar	1780 ? Bnf_361	1780-bnf-361:005699	yollohuana	Traducción	compazar o medir con compaz
candidate_spelling	compañandolo	1	comparándolo	comparándolo, acompañándolo	compañandolo -> comparándolo	1780 ? Bnf_361	1780-bnf-361:021816	tetlanicatializtli	Traducción	seguimiento a compañandolo
candidate_spelling	compañones	1	compones	compones, compasiones, compagines	compañones -> compones	1571 Molina 2	1571-molina-2:015546	atexicolli	Traducción	el bolsón de los compañones
candidate_spelling	compeledor	1	competidor	competidor, comedero, compilador, compenetro, componedor, compelido	compeledor -> competidor	1571 Molina 2	1571-molina-2:019955	tetlacuitlahuiltiani	Traducción	forzador de mujeres, o compeledor
candidate_spelling	complir	1	cumplir	cumplir, compilar, compila, compiló, compilo, compile	complir -> cumplir	1547 Olmos_V ?	1547-olmos-v:001617	quixtia	Traducción	complir hacerlo que en si es o lo que es obligado cuando uno avisa
candidate_spelling	componiendolos	1	componiéndoos	componiéndoos, componiéndolos	componiendolos -> componiéndoos	1571 Molina 2	1571-molina-2:017341	axtlahua	Traducción	rodear a la cabeza los cabellos la mujer, componiendolos
candidate_spelling	componiendose	1	componiendo	componiendo, componiéndose	componiendose -> componiendo	1571 Molina 2	1571-molina-2:008273	aixtlahua	Traducción	rodear la mujer los cabellos a la cabeza componiendose
candidate_spelling	compreendenla	1	comprendería	comprendería	compreendenla -> comprendería	1780 ? Bnf_361	1780-bnf-361:026062	tlamacicacactli	Traducción	entendien muy bien la cosa que se dise o compreendenla
candidate_spelling	compreendida	1	comprehendida	comprehendida, comprendida	compreendida -> comprehendida	1780 ? Bnf_361	1780-bnf-361:026063	tlamacicacaquiliztli	Traducción	cosa compreendida de lo que se dice
candidate_spelling	compulcivo	1	compulsivo	compulsivo	compulcivo -> compulsivo	17?? Bnf_362	17-bnf-362:004984	tlaocoltia	Traducción	compadecerse de otro y aunque parece compulcivo de tlaocolia, parece que no es; entristecer a otro
candidate_spelling	concerta	1	concreta	concreta, concertar, concertó, concerté, concierta, concertad	concerta -> concreta	1780 ? Bnf_361	1780-bnf-361:025117	tlahuipanalli	Traducción	cosa concerta, o poniéndola en orden
candidate_spelling	concertadose	1	concertado	concertado, concertados, concertados e	concertadose -> concertado	1780 ? Bnf_361	1780-bnf-361:007839	elleltia	Traducción	desconcertar a otros por lo que habían concertadose
candidate_spelling	concevir	1	concebir	concebir	concevir -> concebir	1780 ? Bnf_361	1780-bnf-361:009875	itic motlalia in piltzintli	Traducción	concevir la mujer
candidate_spelling	conchaua	1	conchaba	conchaba	conchaua -> conchaba	1571 Molina 2	1571-molina-2:023786	tlapapatiani	Traducción	restaurador, o reformator de algo, o el que enmienda y adereza y conchaua lo que estaba falto y malhecho
candidate_spelling	conchauarlas	1	conchabarías	conchabarías, conchabaras	conchauarlas -> conchabarías	1571 Molina 2	1571-molina-2:023360	tlanenehuihuililiztli	Traducción	el acto de cotejar unas cosas con otras, o de emparejarlas, o conchauarlas
candidate_spelling	conciderar	1	considerar	considerar	conciderar -> considerar	1780 ? Bnf_361	1780-bnf-361:014121	nemilia	Traducción	imaginar; procurar; fabricar hacer por artificio; conciderar o tratar lo que se ha de hacer o decir; premeditar, y pensar lo que se ha de hacer; acordar o deliberar algo; tratar algún negocio; silogisar o discurrir con el pensamiento; especular; industrioso ser; inquirir o discurrir con el pensamient
candidate_spelling	concienca	1	conciencia	conciencia	concienca -> conciencia	1780 ? Bnf_361	1780-bnf-361:009173	ictehuicninoquixtia	Traducción	encargar la concienca a otro
candidate_spelling	conciento	1	concierto	concierto, consiento	conciento -> concierto	1780 ? Bnf_361	1780-bnf-361:010865	ixtomahuaca	Traducción	sin consideración, o sin conciento
candidate_spelling	concive	1	concibe	concibe, convive, concite, concité	concive -> concibe	1780 ? Bnf_361	1780-bnf-361:013467	nantli	Traducción	madre donde concive la mujer, madre en los otros animales
candidate_spelling	conclución	1	conclusión	conclusión	conclución -> conclusión	1780 ? Bnf_361	1780-bnf-361:001885	tlatzonquixtiliztli	Traducción	conclución, o fin de obra
candidate_spelling	conclui	1	concluir	concluir, concluí, concluía, concluís, concluid, confluí	conclui -> concluir	1780 ? Bnf_361	1780-bnf-361:026400	tlami	Traducción	acabar, o conclui(r) obra
candidate_spelling	concobado	1	conocido	conocido, conocida, conocidas, convocado, concebido, concordar	concobado -> conocido	1780 ? Bnf_361	1780-bnf-361:020827	tepotzo	Traducción	corcobaten en; a ser concobado
candidate_spelling	concordas	1	conocidas	conocidas, concordar, concordes, concordad, concursad, concordias	concordas -> conocidas	1780 ? Bnf_361	1780-bnf-361:026601	tlananamictilli	Traducción	concordas cuerdas de instrumento músico
candidate_spelling	concordemente	1	conocidamente	conocidamente, conformemente	concordemente -> conocidamente	153? Trilingüe	153-trilingue:002045	cempano	Traducción	concordemente así
candidate_spelling	concu	1	conca	conca	concu -> conca	1780 ? Bnf_361	1780-bnf-361:014576	netequiliztli	Traducción	ayuntamiento de la gente, congregario, concu
candidate_spelling	condeciende	1	condesciende	condesciende	condeciende -> condesciende	1571 Molina 2	1571-molina-2:019969	tetlahuelcaquiliani	Traducción	acceptador de petición, o de ruego, o el que condeciende con el que algo le pide, o el que oye de buena gana lo que otro dice y consiente y aprueua su dicho y parecer
candidate_spelling	condesendiendo	1	condescendiendo	condescendiendo	condesendiendo -> condescendiendo	1780 ? Bnf_361	1780-bnf-361:002634	tlayolpapatztililli	Traducción	blandeado, condesendiendo con los que le rruegan o piden algo
candidate_spelling	condiconal	1	condicional	condicional, condiconasl	condiconal -> condicional	1780 ? Bnf_361	1780-bnf-361:011747	maxaliuhqui	Traducción	cosa condiconal
candidate_spelling	condiese	1	confiese	confiese, cundiese, condices, condijese	condiese -> confiese	1780 ? Bnf_361	1780-bnf-361:022079	tetlatzacuiltiliztica tetlatoltiliztli	Traducción	atormentamiento, o tormento para que condiese la verdad
candidate_spelling	condolor	1	condoler	condoler	condolor -> condoler	1780 ? Bnf_361	1780-bnf-361:017872	quiquinaquiliztli	Traducción	gruñido de puerco; gemido condolor; ruido de viento
candidate_spelling	conello	1	conejo	conejo, conexo, conllevo	conello -> conejo	1571 Molina 2	1571-molina-2:022741	tlalochtia	Traducción	arrebatar algo a otro, y dar a huir conello
candidate_spelling	conellos	1	conejos	conejos, conexos	conellos -> conejos	1571 Molina 2	1571-molina-2:023489	tlannanatza	Traducción	crujir los dientes de enojo, o dar tenazadas conellos
candidate_spelling	conertar	1	conectar	conectar, concretar, concertar, Contreras	conertar -> conectar	1780 ? Bnf_361	1780-bnf-361:023642	tlacecehuilia	Traducción	conertar a los discordes
candidate_spelling	conesta	1	conecta	conecta, contesta, consta, honesta, conseja	conesta -> conecta	1571 Molina 2	1571-molina-2:009286	icoppa	Traducción	conesta es ya la segunda vez
candidate_spelling	coneste	1	conste	conste, conecte, conteste, contesté, conecté, honeste	coneste -> conste	1571 Molina 2	1571-molina-2:007936	elcacatzcac	Traducción	el que está coneste dolor de pechos
candidate_spelling	conesto	1	consejo	consejo, conecto, conectó, contesto, contestó, honesto	conesto -> consejo	1571 Molina 2	1571-molina-2:009346	icquexquich?	Traducción	que tanto sera con eso, o conesto? o con aquello? preguntando
candidate_spelling	confesam	1	confesar	confesar, confesas, confesa, confesad	confesam -> confesar	1780 ? Bnf_361	1780-bnf-361:020788	tepoliuhtlazaliztica	Traducción	confesam(en(te otro por las razones q(u(e le dijeron
candidate_spelling	confución	1	confusión	confusión	confución -> confusión	1780 ? Bnf_361	1780-bnf-361:019176	teixcehuiliztli	Traducción	confución de vergüenza; o confusión por echar o avergonzar a otro
candidate_spelling	confundia	1	confundir	confundir, confundía, confundida, confundí, confundió, confundís	confundia -> confundir	1780 ? Bnf_361	1780-bnf-361:010608	ixpoloa	Traducción	confundia o ofuscar los oyentes
candidate_spelling	confuria	1	concurría	concurría, confluirá, confería	confuria -> concurría	1571 Molina 2	1571-molina-2:018659	tene, tlatole	Traducción	el que habla mucho, y confuria
candidate_spelling	confusam	1	confusas	confusas, confusa, consuma, consumas	confusam -> confusas	1780 ? Bnf_361	1780-bnf-361:025460	tlaixolololli	Traducción	arrebañada cosa o juntada y recogida confusam(en)te
candidate_spelling	confuzamente	1	confusamente	confusamente	confuzamente -> confusamente	1780 ? Bnf_361	1780-bnf-361:025458	tlaixolololiztli	Traducción	arrebañadura de algo o recogim(ien)to de cosas confuzamente
candidate_spelling	congojos	1	congojas	congojas, congojes, congojo, congojoso, congojosa	congojos -> congojas	1780 ? Bnf_361	1780-bnf-361:014342	nentlamachiliztica	Traducción	solícitamente, y con congojos
candidate_spelling	congosamente	1	confusamente	confusamente, concisamente, confesamente, congojosamente	congosamente -> confusamente	153? Trilingüe	153-trilingue:002377	centlamatca	Traducción	congosamente
candidate_spelling	congoso	1	congos	congos, congojo, congos o	congoso -> congos	1780 ? Bnf_361	1780-bnf-361:021104	tequipachoa	Traducción	negociar; congojarse õ afligirse; desabrirse de la pena del otro; estar solito y congoso; duelos tener, o compasión de alguno; angustiarse; congojarse o afligirse
candidate_spelling	congregario	1	congregaron	congregaron, congregado, congregará, congregarán, congregar, congregando	congregario -> congregaron	1780 ? Bnf_361	1780-bnf-361:014576	netequiliztli	Traducción	ayuntamiento de la gente, congregario, concu
candidate_spelling	conguro	1	canguro	canguro, concurro, congrua	conguro -> canguro	1580 Sahagún/Máynez	1580-sahagun-maynez:001011	huitzacutl	Traducción	rata conguro
candidate_spelling	conhierro	1	confiero	confiero	conhierro -> confiero	1571 Molina 2	1571-molina-2:000172	tlatepoztlemachiyotiani	Traducción	el que hierra conhierro ardiendo
candidate_spelling	coniunción	1	conjunción	conjunción, consunción	coniunción -> conjunción	153? Trilingüe	153-trilingue:007458	omono	Traducción	ni coniunción
candidate_spelling	conjecturar	1	conjeturar	conjeturar	conjecturar -> conjeturar	1571 Molina 2	1571-molina-2:004577	yollotlamati	Traducción	conjecturar algo
candidate_spelling	conjunctión	1	conjunción	conjunción	conjunctión -> conjunción	1571 Molina 2	1571-molina-2:018288	tel	Traducción	el hígado, empero, o mas. conjunctión adversativa, o la tabla de los pechos
candidate_spelling	conjuncton	1	conjunto	conjunto, conjuntos, conjunción, conjuntan, conjunten	conjuncton -> conjunto	1780 ? Bnf_361	1780-bnf-361:005859	yuan	Traducción	también conjunction: e conjuncton. y conjunction
candidate_spelling	conjunton	1	conjunto	conjunto, conjuntos, conjuntan, conjuntó, conjunten	conjunton -> conjunto	1780 ? Bnf_361	1780-bnf-361:017787	auh	Traducción	e conjunton
candidate_spelling	conlagrán	1	contarán	contarán, consagran, consagren, conjugarán	conlagrán -> contarán	1571 Molina 2	1571-molina-2:022490	tlaixmimictilli	Traducción	cegado o encandilado conlagrán lumbre o claridad
candidate_spelling	conlcuida	1	concluida	concluida, concluido, conducida, concluidas, concluid	conlcuida -> concluida	1780 ? Bnf_361	1780-bnf-361:002465	tlayecolli	Traducción	acabada obra o conlcuida
candidate_spelling	conocidam	1	conocidas	conocidas, conocida	conocidam -> conocidas	1780 ? Bnf_361	1780-bnf-361:025411	tlaiximachiliztica	Traducción	conocidam(en)te alg(un)a cosa de mujer o varón
candidate_spelling	conocim	1	conocí	conocí, conoció, conocía, concomió	conocim -> conocí	1780 ? Bnf_361	1780-bnf-361:025412	tlaiximachiliztli	Traducción	conocim(ien)to de mujer o varón
candidate_spelling	conoficial	1	cooficial	cooficial	conoficial -> cooficial	1759 Paredes	1759-paredes:000119	toltecapo	Traducción	conoficial, o del mismo oficio
candidate_spelling	conoser	1	conocer	conocer	conoser -> conocer	17?? Bnf_362	17-bnf-362:002476	iximati	Traducción	conoser algo
candidate_spelling	conosido	1	conocido	conocido	conosido -> conocido	17?? Bnf_362	17-bnf-362:002179	amamichin	Traducción	águila pez conosido
candidate_spelling	conotras	1	confortas	confortas, connotará, contornas, connotara, connotare, connotaré	conotras -> confortas	1571 Molina 2	1571-molina-2:023813	tlapatlaliztli	Traducción	el acto de trocar unas cosas conotras, o de cambalachear
candidate_spelling	conotros	1	contornos	contornos	conotros -> contornos	1571 Molina 2	1571-molina-2:015171	nonotza	Traducción	amonestar, o hablar conotros, o corregir castigar y aconsejar
candidate_spelling	conpaciencia	1	conciencia	conciencia, consciencia	conpaciencia -> conciencia	1571 Molina 2	1571-molina-2:023648	tlaoquichuiani	Traducción	persona de buen animo y varonil, para sufrir conpaciencia y soportación los trabajos
candidate_spelling	conparativo	1	comparativo	comparativo	conparativo -> comparativo	1780 ? Bnf_361	1780-bnf-361:024221	tlacotepiton	Traducción	menor nombre conparativo
candidate_spelling	conpas	1	copas	copas, compas, compás, congas	conpas -> copas	1780 ? Bnf_361	1780-bnf-361:002618	tlayollohuantli	Traducción	cosa compazada, medida con conpas
candidate_spelling	conpaño	1	comparo	comparo, compaso	conpaño -> comparo	1571 Molina 2	1571-molina-2:007778	ecapehuia	Traducción	amoxcarse con moxcador, o hacer aire con el, o conpaño de manos
candidate_spelling	conpetir	1	competir	competir	conpetir -> competir	1547 Olmos_V ?	1547-olmos-v:001211	namictia	Traducción	conpetir con otro
candidate_spelling	conplomada	1	consolada	consolada	conplomada -> consolada	1571 Molina 2	1571-molina-2:022472	tlaixhuiani	Traducción	el que niuela alguna pared. etc. conplomada, o el que mira con prudencia lo que hace, y lo lleva bien encaminado y ordenado
candidate_spelling	conpoluos	1	convulso	convulso, consolaos, concluso, condoleos	conpoluos -> convulso	1571 Molina 2	1571-molina-2:013940	neelcimaliztli	Traducción	ahogamiento con el bocado que se le atravesó a alguno en el gaznate, o conpoluos, o con otra cosa semejante
candidate_spelling	conpreenderla	1	comprenderá	comprenderá, comprenderás, comprenderán, comprendería, comprenderé, comprenderían	conpreenderla -> comprenderá	1780 ? Bnf_361	1780-bnf-361:026064	tlamacicacaquiliztli	Traducción	entendimiento de la cosa que se dice, o conpreenderla
candidate_spelling	conqu	1	conque	conque	conqu -> conque	1780 ? Bnf_361	1780-bnf-361:025885	tlalpoloa	Traducción	conqu(i)star
candidate_spelling	conruegos	1	consuelos	consuelos, consuegros, conjuremos, condueños	conruegos -> consuelos	1571 Molina 2	1571-molina-2:019150	tepantlatoliztica	Traducción	abogando, o conruegos y suplicaciones de alguno
candidate_spelling	consaltos	1	contactos	contactos, consultas, consultor, consulto, consulados, conatos	consaltos -> contactos	1571 Molina 2	1571-molina-2:005902	chochololiztica	Traducción	dando saltos o consaltos, o huyendo a menudo
candidate_spelling	consegrada	1	consagrada	consagrada	consegrada -> consagrada	1780 ? Bnf_361	1780-bnf-361:025999	tlamaceuhtli	Traducción	consegrada cosa de lo deseado
candidate_spelling	consentia	1	consentir	consentir, consentida, consentía, consentid, consentirá, consentí	consentia -> consentir	1571 Molina 2	1571-molina-2:021301	tlacealtilli	Traducción	persuadido y vencido para que haga algo, el que antes no consentia ni quería condescender. etc.
candidate_spelling	consertada	1	concertada	concertada, conservada	consertada -> concertada	1780 ? Bnf_361	1780-bnf-361:023772	tlacentecpanalli	Traducción	orden continuado de cualquiera cosa que está, o va consertada como en procesión, o cosa así
candidate_spelling	consertadamente	1	concertadamente	concertadamente	consertadamente -> concertadamente	1780 ? Bnf_361	1780-bnf-361:026384	tlamelauhcapouhtli	Traducción	cosa contada por orden y consertadamente como acaeció
candidate_spelling	consertadamiente	1	concertadamente	concertadamente	consertadamiente -> concertadamente	1780 ? Bnf_361	1780-bnf-361:026390	tlamelauhcateneuhqui	Traducción	contador por orden y consertadamiente como aconteció
candidate_spelling	conseruandolas	1	conservándolas	conservándolas	conseruandolas -> conservándolas	1571 Molina 2	1571-molina-2:013472	nahuaque  +	Traducción	cabe quien está el ser de todas las cosas, conseruandolas y sustentándolas, y dícese de nuestro señor dios
candidate_spelling	conserue	1	conserje	conserje, conserve, conservé	conserue -> conserje	1571 Molina 2	1571-molina-2:021708	tlacpehua	Traducción	cubrir el fuego o las brasas con ceniza para que se conserue
candidate_spelling	consibe	1	concibe	concibe	consibe -> concibe	1780 ? Bnf_361	1780-bnf-361:023528	tlacatcayotl	Traducción	madre donde consibe la mujer
candidate_spelling	considerción	1	consideración	consideración	considerción -> consideración	1780 ? Bnf_361	1780-bnf-361:014696	netlatlaniliztli	Traducción	considerción consigo mismo; apuesta; juego de veras, y no de burlas
candidate_spelling	consiliar	1	conciliar	conciliar	consiliar -> conciliar	1765 Cortés y Zedeño	1765-cortes-y-zedeno:000788	yolalia	Traducción	consiliar nuevos amigos
candidate_spelling	constellación	1	constelación	constelación	constellación -> constelación	1780 ? Bnf_361	1780-bnf-361:012133	miec	Traducción	carillas constellación
candidate_spelling	constumbre	1	costumbre	costumbre	constumbre -> costumbre	17?? Bnf_362	17-bnf-362:000065	tlatlalilli	Traducción	costumbre o tradition antihua; uso, o constumbre; cosa que está puesta en orden así
candidate_spelling	contal	1	costal	costal, condal, conato, cantal	contal -> costal	153? Trilingüe	153-trilingue:003194	cozcatl	Traducción	contal de cuentas
candidate_spelling	conte	1	con	con, cinte, cote, corte, conté, ponte	conte -> con	17?? Bnf_362	17-bnf-362:002830	melauhcapohua	Traducción	que es lo mismo, que lo referí, o conte con verdad
candidate_spelling	contecerme	1	contenerme	contenerme, acontecerme	contecerme -> contenerme	1780 ? Bnf_361	1780-bnf-361:009919	itla tetequipacho tetolini nopan omochiuh	Traducción	desgraciada contecerme
candidate_spelling	contentarese	1	contentaré	contentaré, contentare, contentares, contentares e	contentarese -> contentaré	1780 ? Bnf_361	1780-bnf-361:006979	cualitta	Traducción	contentarese de si mismo
candidate_spelling	conti	1	contó	contó, conté, cinto, Conti	conti -> contó	1780 ? Bnf_361	1780-bnf-361:005766	yollotlacaquini	Traducción	persona hábil. hombre hábil y conti(?)
candidate_spelling	contierra	1	confiera	confiera	contierra -> confiera	1571 Molina 2	1571-molina-2:022775	tlalquimiloa	Traducción	cubrir algo contierra, o aporcar cardos. etc.
candidate_spelling	continenti	1	continente	continente	continenti -> continente	1780 ? Bnf_361	1780-bnf-361:012801	mopixtinemi	Traducción	casta persona y continenti (sic)
candidate_spelling	continuamene	1	continuamente	continuamente	continuamene -> continuamente	1780 ? Bnf_361	1780-bnf-361:012466	mochipacemicac	Traducción	perpetua, o continuamene
candidate_spelling	contiunar	1	continuar	continuar	contiunar -> continuar	1780 ? Bnf_361	1780-bnf-361:015677	ocno	Traducción	mas para contiunar. adverb°
candidate_spelling	contiénto	1	contento	contento, continuo, continúo, consiento, contiendo	contiénto -> contento	1571 Molina 2	1571-molina-2:004762	zammatca	Traducción	mansamente, poco a poco, o contiénto
candidate_spelling	contración	1	contracción	contracción, contrición	contración -> contracción	153? Trilingüe	153-trilingue:004024	huallatoquilicatepanicaliztli	Traducción	de cesión contración a sucesión
candidate_spelling	contradecidar	1	contradecir	contradecir, contradecid	contradecidar -> contradecir	153? Trilingüe	153-trilingue:009954	tetlatolcuepani	Traducción	contradecidar con voto
candidate_spelling	contraheho	1	contrahecho	contrahecho	contraheho -> contrahecho	1780 ? Bnf_361	1780-bnf-361:002528	tlayeyecalhuilli	Traducción	contraheho o arrendado
candidate_spelling	contrayerba	1	contraería	contraería, contrajera	contrayerba -> contraería	1780 Clavijero	1780-clavijero:000662	coanenepilli	Traducción	contrayerba, antídoto conocido
candidate_spelling	contritia	1	contrita	contrita	contritia -> contrita	1780 ? Bnf_361	1780-bnf-361:000432	tlatextililiztli	Traducción	quebradura de cosa desmenuzándola.contritia. vide textilia
candidate_spelling	contumacemente	1	conmutablemente	conmutablemente	contumacemente -> conmutablemente	153? Trilingüe	153-trilingue:001440	tzontetica	Traducción	contumacemente
candidate_spelling	conténder	1	contener	contener, contender, contenderá, contenderé, contended	conténder -> contener	1571 Molina 2	1571-molina-2:014525	netechalania	Traducción	conténder unos con otros
candidate_spelling	conualeciendo	1	convaleciendo	convaleciendo	conualeciendo -> convaleciendo	1571 Molina 2	1571-molina-2:009766	imati	Traducción	ser prudente y avisado, o ir conualeciendo el enfermo
candidate_spelling	conuenirme	1	convenirme	convenirme	conuenirme -> convenirme	1571 Molina 1	1571-molina-1:020684	nequi  +	Traducción	conuenirme
candidate_spelling	conuertirse	1	concretices	concretices, concretares, concertares	conuertirse -> concretices	2021 Wimmer	2021-wimmer:039822	tlalti	Traducción (es)	v.i., volver a la tierra, volver a ser tierra. / v.i., tornarse, o conuertirse en tierra
candidate_spelling	conuocar	1	convocar	convocar	conuocar -> convocar	1571 Molina 2	1571-molina-2:022648	calpolhuia	Traducción	conuocar o ayuntar todo el barrio
candidate_spelling	convaleser	1	convalecer	convalecer	convaleser -> convalecer	17?? Bnf_362	17-bnf-362:000897	ye huelmati	Traducción	convaleser el enfermo
candidate_spelling	convare	1	contaré	contaré, contare, corvare, contera	convare -> contaré	1780 ? Bnf_361	1780-bnf-361:016855	pehua	Traducción	combatir o pelear; conquistar; ganar conquistando; tomar por convare; vencer guerra hacer
candidate_spelling	conventaja	1	contentada	contentada, contentaba, contentara	conventaja -> contentada	1571 Molina 2	1571-molina-2:019125	tepanahuiliztica	Traducción	convencimiento, o conventaja
candidate_spelling	convusco	1	conduzco	conduzco	convusco -> conduzco	153? Trilingüe	153-trilingue:005764	amotla	Traducción	convusco en vosotros
candidate_spelling	conzumir	1	consumir	consumir	conzumir -> consumir	1547 Olmos_V ?	1547-olmos-v:001915	tlami	Traducción	conzumir acabar
candidate_spelling	coortadas	1	cortadas	cortadas, coartadas	coortadas -> cortadas	1780 ? Bnf_361	1780-bnf-361:000805	tlatlamelauhcaittoni	Traducción	escuadra coortadas
candidate_spelling	copale	1	copla	copla, coplas, copare, copal, copase, coparé	copale -> copla	1598 Tezozomoc	1598-tezozomoc:000615	copalli	Traducción	copale / diquedámbar / mirra *t
candidate_spelling	copín	1	cofín	cofín, colín, copia, copio, copió, copian	copín -> cofín	153? Trilingüe	153-trilingue:008018	ponazicpalli	Traducción	copín
candidate_spelling	coradela	1	cordales	cordales	coradela -> cordales	153? Trilingüe	153-trilingue:003881	eltapachtli	Traducción	coradela por asadura
candidate_spelling	corcobaten	1	corcovasen	corcovasen, corcovaren	corcobaten -> corcovasen	1780 ? Bnf_361	1780-bnf-361:020827	tepotzo	Traducción	corcobaten en; a ser concobado
candidate_spelling	cordelette	1	cordeles	cordeles, corretee, corvetee, cordelera, cordelero	cordelette -> cordeles	2021 Wimmer	2021-wimmer:006358	xochimecatl	Traducción (es)	cordelette que las mujeres y los niños sostenían cada uno por un extremo
candidate_spelling	cordia	1	Coria	Coria, corría, cordial, mordía	cordia -> Coria	2021 Wimmer	2021-wimmer:033405	azcacuahuitl	Traducción (es)	botánico, sombrilla mexicana o cordia
candidate_spelling	cordio	1	cardio	cardio, corrió	cordio -> cardio	1780 ? Bnf_361	1780-bnf-361:002130	tlaxhuiztli	Traducción	divieso, o en cordio
candidate_spelling	cordonices	1	cordones	cordones, cordoncillo, cordoncillos	cordonices -> cordones	153? Trilingüe	153-trilingue:010130	teuczoli	Traducción	matriz de las cordonices
candidate_spelling	cornar	1	cortar	cortar, corear, corran, córner, tornar, coronar	cornar -> cortar	1765 Cortés y Zedeño	1765-cortes-y-zedeno:001320	cuacuauhhuia	Traducción	cornar, herir con quernos
candidate_spelling	corompedor	1	corrompidos	corrompidos, corrompido, corrompemos, corrompeos	corompedor -> corrompidos	1780 ? Bnf_361	1780-bnf-361:022337	tetzintzayanani	Traducción	corompedor de virgen
candidate_spelling	corozon	1	corazón	corazón, corono	corozon -> corazón	1547 Olmos_V ?	1547-olmos-v:000359	yollotetilia	Traducción	hacer fuerte el corozon
candidate_spelling	corpulénta	1	corpulento	corpulento, corpulenta, corpulentas	corpulénta -> corpulento	1571 Molina 2	1571-molina-2:002211	tomacpol	Traducción	cosa muy gorda y corpulénta
candidate_spelling	corrcosa	1	correosa	correosa, corchas, corcova, corcusa	corrcosa -> correosa	1780 ? Bnf_361	1780-bnf-361:025833	tlaloa	Traducción	correr, cosa, corrcosa
candidate_spelling	correasa	1	coreana	coreana, correas, coreaba, coreada, correosa, corease	correasa -> coreana	1780 ? Bnf_361	1780-bnf-361:011195	maana	Traducción	cosa correasa
candidate_spelling	correctión	1	corrección	corrección	correctión -> corrección	1571 Molina 2	1571-molina-2:020115	tetlapatililiztli	Traducción	correctión o restauración de lo que estaba dañado
candidate_spelling	corrigendolo	1	corrigiéndolo	corrigiéndolo, corriéndolo	corrigendolo -> corrigiéndolo	1571 Molina 2	1571-molina-2:002761	tzicunoltia	Traducción	espantar, o amedrentar a otro, reprehendiéndolo y corrigendolo, haciéndole tornar sobre sí, de manera que tenga empacho y vergüenza, o espantar al que duerme
candidate_spelling	corronper	1	corromper	corromper	corronper -> corromper	1547 Olmos_V ?	1547-olmos-v:000180	tzintzayana	Traducción	corronper virgen
candidate_spelling	corteme	1	corteje	corteje, corretee, cortejé	corteme -> corteje	1595 Rincón	1595-rincon:000377	matequi	Traducción	corteme las manos (largo en el ma)
candidate_spelling	cosagorda	1	colaborad	colaborad, consagrad	cosagorda -> colaborad	1571 Molina 2	1571-molina-2:002216	tomahuac	Traducción	cosagorda, gruesa o corpulenta
candidate_spelling	cosar	1	cocar	cocar, cosas, cosa, coras, cesar, coser	cosar -> cocar	1565 Sahagún Escolios	1565-sahagun-escolios:001211	telchihualoni	Traducción	cosar de ser tenida en poco
candidate_spelling	cosina	1	Rosina	Rosina, cocina, cosita, colina, cosida, cosía	cosina -> Rosina	1692 Guerra	1692-guerra:000846	tlacualchihualoyan	Traducción	la cosina
candidate_spelling	cosmatico	1	cosmético	cosmético	cosmatico -> cosmético	1780 ? Bnf_361	1780-bnf-361:013045	moxeloani	Traducción	cosmatico
candidate_spelling	cotejación	1	cotización	cotización	cotejación -> cotización	1780 ? Bnf_361	1780-bnf-361:026729	tlanehuihuililiztli	Traducción	comparación, o cotejación de una cosa con otra
candidate_spelling	cotejandola	1	cotejando	cotejando, cotejándola	cotejandola -> cotejando	1780 ? Bnf_361	1780-bnf-361:026732	tlanehuihuililli	Traducción	cosa comparada, cotejandola con otra
candidate_spelling	cotexada	1	cotejada	cotejada	cotexada -> cotejada	1780 ? Bnf_361	1780-bnf-361:024717	tlacxitoctli	Traducción	cotexada escritura
candidate_spelling	cotral	1	corral	corral, coral, cotarro	cotral -> corral	153? Trilingüe	153-trilingue:003256	cuacuauhtlaayauhtlaxtli	Traducción	cotral buey o vaca
candidate_spelling	cotrición	1	contrición	contrición	cotrición -> contrición	1780 ? Bnf_361	1780-bnf-361:024531	tlacuechtililiztli	Traducción	quebradura de cosa desmenuzándola. cotrición de cuechtiliia
candidate_spelling	couardemente	1	cobardemente	cobardemente	couardemente -> cobardemente	1571 Molina 2	1571-molina-2:012056	mauhca zonequiliztica	Traducción	couardemente
candidate_spelling	covertim	1	covertitm	covertitm	covertim -> covertitm	1780 ? Bnf_361	1780-bnf-361:021804	tetlaneltoquitiliztli	Traducción	covertim(ien(to de otro a la fe, o a alg(un(a secta
candidate_spelling	coxcorrón	1	coscorrón	coscorrón	coxcorrón -> coscorrón	1571 Molina 1	1571-molina-1:009736	cuatepinia	Traducción	coxcorrón dar a otro con la mano
candidate_spelling	coxeando	1	coreando	coreando, cojeando, coleando, boxeando, codeando, copeando	coxeando -> coreando	1571 Molina 1	1571-molina-1:021509	niqueznecuilotinemi	Traducción	andar coxeando
candidate_spelling	coxqueando	1	coqueando	coqueando	coxqueando -> coqueando	1571 Molina 2	1571-molina-2:009412	icxicotlacotinemi	Traducción	andar coxqueando
candidate_spelling	coyamemeh	1	coyamemev	coyamemev	coyamemeh -> coyamemev	2021 Wimmer	2021-wimmer:012283	coyameme	Traducción (es)	coyamemeh, pl. sobre coyametl
candidate_spelling	coyolli	1	coyoltli	coyoltli	coyolli -> coyoltli	2021 Wimmer	2021-wimmer:011836	cocoyolli	Traducción (es)	reduplicar. sobre coyolli
candidate_spelling	cozer	1	cover	cover, comer, coser, cocer	cozer -> cover	2021 Wimmer	2021-wimmer:024159	nacapahuaxoni	Traducción (es)	olla para cozer carne
candidate_spelling	cpan	1	cian	cian, pan, cuan, clan, can, copan	cpan -> cian	1645 Carochi	1645-carochi:002090	quiahuac	Traducción	tëcpan ~, plaza
candidate_spelling	cpsa	1	cosa	cosa, casa, cesa, caspa	cpsa -> cosa	1780 ? Bnf_361	1780-bnf-361:001227	tlatlilhuahuanani	Traducción	debujador de alguna cpsa
candidate_spelling	craposo	1	cargoso	cargoso, carozo, carnoso, traposo	craposo -> cargoso	153? Trilingüe	153-trilingue:003977	huahualtza	Traducción	gañir el perro craposo
candidate_spelling	creatura	1	criatura	criatura	creatura -> criatura	1645 Carochi	1645-carochi:002484	tlachihualli	Traducción	obra / creatura / cosa hecha, obra etc.
candidate_spelling	creceramas	1	crearemos	crearemos, creceremos, crecerías, creceríamos	creceramas -> crearemos	1571 Molina 2	1571-molina-2:008674	hueyaz  +	Traducción	acrecéntarsela, o creceramas. s. su premio. etc.
candidate_spelling	crencia	1	ciencia	ciencia, carencia, creencia, crecía, crencha	crencia -> ciencia	1765 Cortés y Zedeño	1765-cortes-y-zedeno:003030	neltocaliztli	Traducción	crencia de fe
candidate_spelling	crer	1	creo	creo, crep, cree, crea, caer, crear	crer -> creo	17?? Bnf_362	17-bnf-362:004191	teotoca	Traducción	idolatrar; no crer al verdadero dios
candidate_spelling	crica	1	Erica	Erica, clica, cica, rica, chica, cría	crica -> Erica	1547 Olmos_V ?	1547-olmos-v:000707	huapahua	Traducción	crica niñosesforzal
candidate_spelling	crien	1	crie	crie, creen, crimen, cien, ríen, críen	crien -> crie	17?? Bnf_362	17-bnf-362:001935	eptapalcatl	Traducción	nácar concha en que se crien perlas
candidate_spelling	crimar	1	criar	criar, rimar, cribar, cromar, criara	crimar -> criar	153? Trilingüe	153-trilingue:009640	tetech nitlaalahua	Traducción	crimar o ungir
candidate_spelling	crira	1	criar	criar, cría, criba, cribar, criara, criará	crira -> criar	2021 Wimmer	2021-wimmer:036241	achilquilitl	Traducción (es)	hierba comestible que crece en el agua. / hierba que se crira en agua comestible
candidate_spelling	cristadas	1	crispadas	crispadas, aristadas	cristadas -> crispadas	1580 Sahagún/Máynez	1580-sahagun-maynez:000792	cuanacaquilitl	Traducción	hierba comestible de las cristadas
candidate_spelling	criuo	1	crio	crio, cribo, crío, cribó	criuo -> crio	153? Trilingüe	153-trilingue:011786	tlaoltzetzelhuazhuia	Traducción	cribar o alipar con criuo
candidate_spelling	crugir	1	crujir	crujir, rugir	crugir -> crujir	1780 ? Bnf_361	1780-bnf-361:015217	nocamacteteica	Traducción	crugir algo entre los dientes
candidate_spelling	crumble	1	curable	curable	crumble -> curable	2021 Wimmer	2021-wimmer:028549	papayana	Traducción (es)	v.t. tla-., triturar terrones de tierra, romper en pedazos. crumble
candidate_spelling	cruxen	1	crucen	crucen, crujen	cruxen -> crucen	1571 Molina 2	1571-molina-2:001059	tlatotopotzani	Traducción	el que come cosas muy tostadas que cruxen entre los dientes
candidate_spelling	cuacua	1	cucada	cucada, cucara, cucaba, cucaña	cuacua -> cucada	2021 Wimmer	2021-wimmer:012689	cuacualo	Traducción (es)	v.impers pasivos. sobre cuacua
candidate_spelling	cualli	1	cuasi	cuasi	cualli -> cuasi	2021 Wimmer	2021-wimmer:013016	cualtzintli	Traducción (es)	honorífico sobre cualli, hermoso, bonito
candidate_spelling	cuarteron	1	cuartearon	cuartearon, cuarterón, cuarterona	cuarteron -> cuartearon	1571 Molina 1	1571-molina-1:007214	cennacaztli	Traducción	cuarteron de pan, de torta o de cosa semejante
candidate_spelling	cuatroñal	1	cuartilla	cuartilla	cuatroñal -> cuartilla	153? Trilingüe	153-trilingue:006583	nauhxiuhcayotl	Traducción	cuatroñal cosa
candidate_spelling	cuaxado	1	cuajado	cuajado	cuaxado -> cuajado	1598 Tezozomoc	1598-tezozomoc:001252	olli	Traducción	batel / betún / pelota de batel redonda / cuaxado negro / melcocha tirada negro
candidate_spelling	cubir	1	cubio	cubio, subir, cubrir, cubrió, cubrí, cubrid	cubir -> cubio	1629 Alarcón	1629-alarcon:001353	teuhyotia	Traducción	cubir de polvo
candidate_spelling	cubuerto	1	cubierto	cubierto	cubuerto -> cubierto	1780 ? Bnf_361	1780-bnf-361:027838	tlapoa	Traducción	descubrir al que está cubuerto
candidate_spelling	cuchiyos	1	cuchillos	cuchillos	cuchiyos -> cuchillos	1780 ? Bnf_361	1780-bnf-361:004028	tzincuauhyotl	Traducción	cabos de cuchiyos
candidate_spelling	cuecuenocini	1	czecuenocini	czecuenocini	cuecuenocini -> czecuenocini	1565 Sahagún Escolios	1565-sahagun-escolios:000251	yuinti	Traducción	[andar hecho loco o loca ] o andar como borracho o borracha en aquel vicio ídem [cuecuenocini]
candidate_spelling	cuerdamento	1	cuerdamente	cuerdamente	cuerdamento -> cuerdamente	1571 Molina 1	1571-molina-1:013557	ilihuichihua	Traducción	hacer algo no cuerdamento o sin discreción
candidate_spelling	cuesen	1	fuesen	fuesen, cesen, cursen, cuecen, cuesten, cuelen	cuesen -> fuesen	17?? Bnf_362	17-bnf-362:004115	tenextlatiloyan	Traducción	orno en que cuesen la cal
candidate_spelling	cuetia	1	curtía	curtía, cuita	cuetia -> curtía	2021 Wimmer	2021-wimmer:014534	cuetilo	Traducción (es)	impers. en cuetia
candidate_spelling	cugujada	1	cogujada	cogujada	cugujada -> cogujada	153? Trilingüe	153-trilingue:007267	nopaltototl	Traducción	cugujada
candidate_spelling	cuia	1	cuija	cuija, cuba, cuya, cuida, cura, cuna	cuia -> cuija	2021 Wimmer	2021-wimmer:021163	macuiya	Traducción (es)	cuia, desenrollar, envolver algo
candidate_spelling	cuibierta	1	cubierta	cubierta	cuibierta -> cubierta	1780 ? Bnf_361	1780-bnf-361:023666	tlacehualcaltilli	Traducción	cosa cuibierta con sombra
candidate_spelling	cuio	1	crio	crio, cio, cubio, cuyo, cuido, cupo	cuio -> crio	1780 ? Bnf_361	1780-bnf-361:015359	acaxcahua?	Traducción	cuio? preguntando
candidate_spelling	cuitato	1	cuitado	cuitado	cuitato -> cuitado	1780 ? Bnf_361	1780-bnf-361:009108	icnotlacatl	Traducción	miserable pobre. cuitato, o menguado
candidate_spelling	cumo	1	como	como, cómo, sumo, cuyo, cupo, humo	cumo -> como	1547 Olmos_V ?	1547-olmos-v:001450	patzca	Traducción	colar cumo [zumo]
candidate_spelling	cuotidiano	1	cotidiana	cotidiana, cotidiano, cotidianos	cuotidiano -> cotidiana	1780 Clavijero	1780-clavijero:001793	momoztlae	Traducción	cuotidiano
candidate_spelling	curasgo	1	curasao	curasao, cursado	curasgo -> curasao	1780 ? Bnf_361	1780-bnf-361:021440	teteoyomaquiliztli	Traducción	curasgo de iglesia
candidate_spelling	curly	1	curvy	curvy, curry	curly -> curvy	2021 Wimmer	2021-wimmer:012628	cuacocolochtic	Traducción (es)	curly, que tiene el pelo rizado
candidate_spelling	curtidura	1	curtidora	curtidora, curtiduría	curtidura -> curtidora	153? Trilingüe	153-trilingue:010957	tlahuauanaliztli	Traducción	curtidura así
candidate_spelling	cutida	1	cuida	cuida, curtida, cuita, cuitada, cuitado	cutida -> cuida	1571 Molina 2	1571-molina-2:023400	tlanetechalanilli	Traducción	cola herida o cutida con otra
candidate_spelling	cuxco	1	cuzco	cuzco, cuaco, cuco, Cusco, Cuzco, cucó	cuxco -> cuzco	1780 ? Bnf_361	1780-bnf-361:004820	xocotl yyollo	Traducción	cuxco de fruta
candidate_spelling	cuñadez	1	cuñados	cuñados, cuñadas	cuñadez -> cuñados	1571 Molina 2	1571-molina-2:008571	huepollotl	Traducción	parentesco de afinidad y cuñadez
candidate_spelling	cvon	1	con	con, clon, von	cvon -> con	1780 ? Bnf_361	1780-bnf-361:010903	ixuetzquiliztli	Traducción	gesto cvon visaje hacer
candidate_spelling	cámbalachar	1	cambalachera	cambalachera, cambalachear	cámbalachar -> cambalachera	1571 Molina 2	1571-molina-2:016266	papatla	Traducción	cámbalachar o trocar algunas cosas, o mudar y remudar las cosas que están puestas en orden
candidate_spelling	cánsa	1	canda	canda, cansa, casa, causa, canta, mansa	cánsa -> canda	1571 Molina 2	1571-molina-2:017691	teciammictiani	Traducción	el que cánsa y fatiga a otro
candidate_spelling	cánsarse	1	cansare	cansare, cansase, cansares, censarse, cangarse	cánsarse -> cansare	1571 Molina 2	1571-molina-2:016328	patla	Traducción	enhadarse, o cánsarse de esperar, o desconfiar
candidate_spelling	cémi	1	ccmi	ccmi, cdmi, cimi, clmi, cmmi, cvmi	cémi -> ccmi	1645 Carochi	1645-carochi:000497	zan	Traducción	sólo / (excluyente) / sino / solamente / mä nel ~, siquiera / ~ cémi, de una vez / àmo ~ tlapohualpa, innumerables veces / ~ cánâ, en cual parte / ~ nö cuël, otra vez / ~ ye oncän, en el mismo lugar / àmo ~ miecpa, pocas veces / àmo ~ quën amî, no como quiera / àmo ~ tlapöhualli, infinita(s) / intlä
candidate_spelling	céron	1	cero	cero, ceros	céron -> cero	1629 Alarcón	1629-alarcon:000390	chiquihuitl	Traducción	nasa, quiere decir céron
candidate_spelling	cómpadezca	1	compadezco	compadezco, compadezca, comparezca, compadezcan, compadezcas	cómpadezca -> compadezco	1571 Molina 2	1571-molina-2:023572	tlaocoltia	Traducción	dar ocasión a otro, para que se cómpadezca de mi
candidate_spelling	cómpasar	1	comparar	comparar, compasar, acompasar, compasa, compasas, compasará	cómpasar -> comparar	1571 Molina 2	1571-molina-2:001637	tlayolanaloni	Traducción	compás para medir, o cómpasar algo
candidate_spelling	cónficionada	1	condicionada	condicionada, confeccionada	cónficionada -> condicionada	1571 Molina 2	1571-molina-2:023308	tlanelolli	Traducción	cosa mezclada, mecida o cónficionada
candidate_spelling	cónfutación	1	conmutación	conmutación, confutación	cónfutación -> conmutación	1571 Molina 2	1571-molina-2:020241	tetlatolxixiniliztli	Traducción	cónfutación así
candidate_spelling	cóngoxa	1	congoja	congoja	cóngoxa -> congoja	1571 Molina 2	1571-molina-2:014398	nentlamachiliztli	Traducción	cóngoxa, angustia, o aflicción
candidate_spelling	cónjecturas	1	conjeturas	conjeturas	cónjecturas -> conjeturas	1571 Molina 1	1571-molina-1:006493	yolteohuia	Traducción	sacar una cosa por otra como por cónjecturas o como adivinando
candidate_spelling	cónjunctiones	1	conjunciones	conjunciones	cónjunctiones -> conjunciones	1571 Molina 2	1571-molina-2:015469	ocno yuan	Traducción	ítem mas, o allende de esto. cónjunctiones
candidate_spelling	cónserua	1	conserva	conserva	cónserua -> conserva	1571 Molina 1	1571-molina-1:016234	lo mismo	Traducción	bote de cónserua
candidate_spelling	cónuersación	1	conversación	conversación	cónuersación -> conversación	1571 Molina 2	1571-molina-2:008428	huelca  +	Traducción	tener confianza y buen credito de otro, o agradarse de su cónuersación. etc.
candidate_spelling	cúmpañia	1	compañía	compañía	cúmpañia -> compañía	1571 Molina 2	1571-molina-2:019353	tepotzhuia	Traducción	ser el trasero o el cabero de todos los que camina en cúmpañia
candidate_spelling	dadiuosa	1	dadivosa	dadivosa	dadiuosa -> dadivosa	1571 Molina 2	1571-molina-2:018676	tenemactiani	Traducción	dadiuosa o franco
candidate_spelling	dafastidio	1	zdafastidio	zdafastidio	dafastidio -> zdafastidio	1571 Molina 2	1571-molina-2:020518	texiuhtlati	Traducción	importuno, o cosa que dafastidio y hace amohinar y cansar
candidate_spelling	dani	1	mani	mani, Fani, Dani, dan, Nani, dina	dani -> mani	2021 Wimmer	2021-wimmer:011216	cintlancochtli	Traducción (es)	danièle greco
candidate_spelling	dano	1	danto	danto, dango, Nano, dado, daño, dato	dano -> danto	1780 ? Bnf_361	1780-bnf-361:019153	teitlacoliztli	Traducción	lisio con dano
candidate_spelling	danzario	1	danzarín	danzarín, danzaría	danzario -> danzarín	1780 ? Bnf_361	1780-bnf-361:011217	macehua	Traducción	danzario, o bailar
candidate_spelling	dara	1	para	para, fara, dark, cara, dará, dar	dara -> para	1571 Molina 2	1571-molina-2:003029	cecentin	Traducción	sendos o cada sendos. s. se les dara
candidate_spelling	darsele	1	dárselo	dárselo, dársela	darsele -> dárselo	1780 ? Bnf_361	1780-bnf-361:025523	tlaixpopoyochiuhtli	Traducción	engañado por haberse dado menos de lo que debía darsele a otro
candidate_spelling	dazada	1	dañada	dañada, datada, cazada, lazada, mazada, azada	dazada -> dañada	1780 ? Bnf_361	1780-bnf-361:010724	ixtenqui	Traducción	dazada cosa y llen
candidate_spelling	deantes	1	deanes	deanes, decantes	deantes -> deanes	1571 Molina 2	1571-molina-2:020983	tlaacoquetzaliztli	Traducción	el acto de encarecer lo que se vende, pidiendo mas por la cosa que deantes no valía mucho
candidate_spelling	dearrendar	1	desarrendar	desarrendar	dearrendar -> desarrendar	1780 ? Bnf_361	1780-bnf-361:022145	tetlayeyecalhuiliztli	Traducción	arrendadura así, el acto dearrendar a otro
candidate_spelling	debanar	1	dejaran	dejaran, rebanar, deparan, rebañar, devanar, desabran	debanar -> dejaran	1547 Olmos_V ?	1547-olmos-v:001116	matapachicuiya	Traducción	debanar hilo en los dedos
candidate_spelling	debaratar	1	desbaratar	desbaratar	debaratar -> desbaratar	1780 ? Bnf_361	1780-bnf-361:024869	tlahuehueloa	Traducción	desordenar o debaratar
candidate_spelling	debaxo	1	debajo	debajo, debato	debaxo -> debajo	2021 Wimmer	2021-wimmer:019759	ixpechtia	Traducción (es)	v.t. tla-., bajar una cosa para poner otra encima. / v.t. tla-., poner algo debaxo para poner otra cosa encima dello
candidate_spelling	deblegar	1	doblegar	doblegar, delegar, debelar, debelara	deblegar -> doblegar	1780 ? Bnf_361	1780-bnf-361:027087	tlanolhuia	Traducción	deblegar (sic) a otro
candidate_spelling	debosar	1	demoras	demoras, rebosar, decoras, devoras, desosar	debosar -> demoras	1780 ? Bnf_361	1780-bnf-361:017012	peyahua	Traducción	debosar lo lleno
candidate_spelling	debotada	1	rebotada	rebotada, denotada, debitada	debotada -> rebotada	1780 ? Bnf_361	1780-bnf-361:010853	ixtlatziuhqui	Traducción	debotada cosa de la color; deslavada cosa de algo: o cansado de mirar, y de leer
candidate_spelling	debuena	1	rebuena	rebuena, debutan	debuena -> rebuena	17?? Bnf_362	17-bnf-362:003272	noyollocacopa	Traducción	debuena voluntad
candidate_spelling	debujos	1	dibujos	dibujos, rebujos	debujos -> dibujos	1780 ? Bnf_361	1780-bnf-361:024638	tlacuilolmachiyotl	Traducción	figura de trazos o debujos
candidate_spelling	debuscar	1	rebuscar	rebuscar	debuscar -> rebuscar	1571 Molina 2	1571-molina-2:014721	netlayecoltiliztli	Traducción	modo, o manera debuscar y granjear lo necesario a la vida
candidate_spelling	debuxos	1	desusos	desusos	debuxos -> desusos	1571 Molina 1	1571-molina-1:032617	tlacuilolmachiyotl	Traducción	figura de trazos o debuxos
candidate_spelling	decabra	1	decaerá	decaerá, desabra	decabra -> decaerá	1571 Molina 2	1571-molina-2:002254	tomitl	Traducción	lana de oveja, o pelo decabra. etc.
candidate_spelling	decalcar	1	declarar	declarar, declara, recalcar, declamar, defalcar	decalcar -> declarar	1780 ? Bnf_361	1780-bnf-361:022573	cacattza	Traducción	decalcar, o tupir algo
candidate_spelling	decampanas	1	demacradas	demacradas, descampadas, desamparas, demacraras, demacrarás, demacrabas	decampanas -> demacradas	1571 Molina 2	1571-molina-2:001205	tlatzitzilitzani	Traducción	repicador decampanas
candidate_spelling	decarne	1	declaren	declaren, decoren, decaen, descarné, descarne	decarne -> declaren	1571 Molina 2	1571-molina-2:013329	nacatamalli	Traducción	empanada decarne o cosa semejante
candidate_spelling	decazar	1	decapar	decapar, descasar	decazar -> decapar	1571 Molina 2	1571-molina-2:001272	tlatzonuazoiliztli	Traducción	el acto de enlazar y decazar con lazos
candidate_spelling	decendimento	1	descendiendo	descendiendo, descendiente, detenimiento, descendimiento, desecamiento	decendimento -> descendiendo	1780 ? Bnf_361	1780-bnf-361:016152	ontemoliztli	Traducción	decendimento de lo alto
candidate_spelling	decenso	1	descenso	descenso, decenio, deceso, decenos, deceno, decentó	decenso -> descenso	1780 ? Bnf_361	1780-bnf-361:008064	hualtemoliztli	Traducción	decendimiento. decenso. bajada
candidate_spelling	deceo	1	deseo	deseo, deseó, deceso, ceceo, deceno, ceceó	deceo -> deseo	1780 ? Bnf_361	1780-bnf-361:013566	aonnemaquiliztica	Traducción	a deceo
candidate_spelling	dechia	1	decía	decía, decaía	dechia -> decía	1571 Molina 2	1571-molina-2:005419	chiamachiuhqui	Traducción	aceitero que hace aceite dechia
candidate_spelling	decidia	1	decidir	decidir, decidió, decidía, decidí, decidida, desidia	decidia -> decidir	153? Trilingüe	153-trilingue:000587	tlatzihuiliztli	Traducción	aflojadura así decidia
candidate_spelling	decirdado	1	decidido	decidido, decorado	decirdado -> decidido	1780 ? Bnf_361	1780-bnf-361:002138	tlaxiccahuani	Traducción	negligente o decirdado?
candidate_spelling	decoces	1	decores	decores	decoces -> decores	1571 Molina 2	1571-molina-2:019757	tetelicza	Traducción	dar decoces a otro
candidate_spelling	decomer	1	descomer	descomer, decore	decomer -> descomer	1571 Molina 2	1571-molina-2:018881	teocihui	Traducción	tener hambre, o tener gana decomer
candidate_spelling	decorazonarse	1	descorazonarse	descorazonarse, descorazonares	decorazonarse -> descorazonarse	153? Trilingüe	153-trilingue:002146	yolmiqui	Traducción	decorazonarse
candidate_spelling	decorrer	1	recorrer	recorrer, decorar, decoren, decores, decorare, descorrer	decorrer -> recorrer	1571 Molina 2	1571-molina-2:016154	painaliztli	Traducción	el acto decorrer suelta y ligeramente
candidate_spelling	decuidando	1	descuidando	descuidando	decuidando -> descuidando	1780 ? Bnf_361	1780-bnf-361:023025	tlaahuilcahualiztli	Traducción	negligencia decuidando
candidate_spelling	dedentro	1	detentor	detentor, dedentáo	dedentro -> detentor	1571 Molina 1	1571-molina-1:026392	teiticpa	Traducción	dedentro de alguno o de lo interior de las entrañas
candidate_spelling	deel	1	del	del, reel, dele, leed	deel -> del	17?? Bnf_362bis	17-bnf-362bis:000130	zanen	Traducción	por ventura, acaso, latin. forté. (adverbio de dudar.) quizá, quizá querrá dios. usase deel cuando se duda si sucedera lo que se desea o espera, y no lo que se teme
candidate_spelling	defacerse	1	defecare	defecare, defecase, defecases, defecares	defacerse -> defecare	153? Trilingüe	153-trilingue:007780	pati ^	Traducción	desmollarse o defacerse
candidate_spelling	defensura	1	defensora	defensora	defensura -> defensora	153? Trilingüe	153-trilingue:002927	cihuatl temanahuiani	Traducción	defensura así
candidate_spelling	deffuncto	1	defecto	defecto	deffuncto -> defecto	1571 Molina 2	1571-molina-2:012464	micqui	Traducción	muerto, o deffuncto
candidate_spelling	deficil	1	difícil	difícil, déficit, deifica, deifico, deificó	deficil -> difícil	1547 Olmos_V ?	1547-olmos-v:001351	ohui	Traducción	entrincada cosa y deficil
candidate_spelling	defierro	1	defiero	defiero	defierro -> defiero	1780 ? Bnf_361	1780-bnf-361:020864	tepozchicolli	Traducción	garabato defierro; eslabon de cadena
candidate_spelling	defuera	1	defiera	defiera, desuera	defuera -> defiera	1780 ? Bnf_361	1780-bnf-361:016644	panipa	Traducción	defuera en sobre haz o encima
candidate_spelling	defunctos	1	defectos	defectos	defunctos -> defectos	1571 Molina 2	1571-molina-2:023833	tlapechtli	Traducción	tablado, andamio, cama de tablas, andas de defunctos, o cosa semejante
candidate_spelling	deganado	1	desganado	desganado, regañado, devanado	deganado -> desganado	1571 Molina 1	1571-molina-1:009298	cuacuahueque  +	Traducción	piara deganado mayor; y así de los demás
candidate_spelling	deguerra	1	desuerar	desuerar, desuera	deguerra -> desuerar	1571 Molina 2	1571-molina-2:022776	tlalquiquinaquiliztli	Traducción	estruendo, o ruido de gente deguerra. etc.
candidate_spelling	deherencia	1	deferencia	deferencia	deherencia -> deferencia	153? Trilingüe	153-trilingue:007860	atle ontequixtiliztli	Traducción	deherencia en vida
candidate_spelling	dejandole	1	dejando	dejando, dejándole	dejandole -> dejando	1780 ? Bnf_361	1780-bnf-361:010847	ixtlatuiltia	Traducción	desvelar a otro, no dejandole dormir
candidate_spelling	delagar	1	delegar	delegar, delatar, delegara	delagar -> delegar	1571 Molina 2	1571-molina-2:007068	cuauhilacatztli	Traducción	husillo delagar, o prensa para apretar
candidate_spelling	delapierna	1	decayeran	decayeran, desasieran, debatieran, desaparean	delapierna -> decayeran	1571 Molina 2	1571-molina-2:002413	totetepon	Traducción	espinilla delapierna, desde la chueca de la rodilla
candidate_spelling	delargo	1	deflagró	deflagró, delbargo	delargo -> deflagró	1571 Molina 2	1571-molina-2:012258	melahua	Traducción	caminar derecho, pasando delargo sin detenerse en algún lugar, o enderezar alguna cosa tuerta
candidate_spelling	delasombra	1	desalojar	desalojar, desalojará, desalojara, desamora, desalmar, desamorar	delasombra -> desalojar	1571 Molina 2	1571-molina-2:007771	ecahuillotitlan	Traducción	a la sombra, o debajo delasombra
candidate_spelling	delezna	1	delegan	delegan	delezna -> delegan	1571 Molina 2	1571-molina-2:016428	pepetzcahui	Traducción	cosa que se desliza o delezna
candidate_spelling	delicadamentte	1	delicadamente	delicadamente	delicadamentte -> delicadamente	1780 ? Bnf_361	1780-bnf-361:017090	piltilia	Traducción	ennoblecer a alguno; criar delicadamentte a alguno; hacer o armar caballero a otro
candidate_spelling	delicades	1	delicadas	delicadas, delicados, delicadez	delicades -> delicadas	1780 ? Bnf_361	1780-bnf-361:014035	nemalhuiliztli	Traducción	honestidad; gravedad de persona de autoridad; delicades de buen tratamiento; mesura; perdón con regalo; dieta o templanza en el comer
candidate_spelling	delictos	1	delitos	delitos, dilectos	delictos -> delitos	1571 Molina 2	1571-molina-2:007031	cuauhcalli	Traducción	jaula grande de palo, adonde estauán los presos por sus delictos
candidate_spelling	dell	1	del	del, dele, dela, Dell, delo, dill	dell -> del	1629 Alarcón	1629-alarcon:001529	tlaolxiniani	Traducción	curandero dell maíz
candidate_spelling	delleno	1	relleno	relleno, rellenó, delego, delineo	delleno -> relleno	1780 ? Bnf_361	1780-bnf-361:016540	pachiuhqui	Traducción	delleno, y harto; harto por hartar
candidate_spelling	dello	1	del	del, cello, delco, ello, sello, bello	dello -> del	2021 Wimmer	2021-wimmer:019759	ixpechtia	Traducción (es)	v.t. tla-., bajar una cosa para poner otra encima. / v.t. tla-., poner algo debaxo para poner otra cosa encima dello
candidate_spelling	delviento	1	deleito	deleito, delineo	delviento -> deleito	1571 Molina 1	1571-molina-1:010942	ecatzacuilia	Traducción	abrigarte y defenderse delviento
candidate_spelling	demanos	1	deja	deja, deba, decanos, medanos	demanos -> deja	17?? Bnf_362	17-bnf-362:001823	ahuilia	Traducción	burlar demanos
candidate_spelling	demateria	1	debatirá	debatirá, desataría, decaería, debatiría, delataría, desmataría	demateria -> debatirá	1571 Molina 2	1571-molina-2:003834	yacaocuilin	Traducción	unas puntillas como demateria que sobre la punta de la nariz apretandolas parecén
candidate_spelling	demedicina	1	desmedirían	desmedirían	demedicina -> desmedirían	1571 Molina 2	1571-molina-2:020773	ticiotl	Traducción	arte demedicina, o cosa de médicos, o adivinación por agüeros. s. agorería de echar suertes
candidate_spelling	demedir	1	desmedir	desmedir, deferid	demedir -> desmedir	1571 Molina 2	1571-molina-2:001604	tlayeyecoloni	Traducción	vara demedir, o cosa semejante
candidate_spelling	demejante	1	semejante	semejante, demente, Semejante	demejante -> semejante	1780 ? Bnf_361	1780-bnf-361:024202	tlaconyotl	Traducción	funda o caja de cáliz o cosa demejante
candidate_spelling	demenuzada	1	desmenuzada	desmenuzada	demenuzada -> desmenuzada	1780 ? Bnf_361	1780-bnf-361:000905	tlatlapantli	Traducción	demenuzada cosa así o hecha pedazos
candidate_spelling	demenuzado	1	desmenuzado	desmenuzado	demenuzado -> desmenuzado	1780 ? Bnf_361	1780-bnf-361:001025	tlatlatlapatzani	Traducción	demenuzado pan o cosa semejante
candidate_spelling	demenuzandola	1	desmenuzándola	desmenuzándola	demenuzandola -> desmenuzándola	1780 ? Bnf_361	1780-bnf-361:024532	tlacuechtililli	Traducción	cosa quebrada demenuzandola contritos vide cuechtilia
candidate_spelling	demes	1	memes	memes, debes, demos, demás, temes, deme	demes -> memes	1571 Molina 2	1571-molina-2:002698	cecemetztica	Traducción	cada mes, o demes ames
candidate_spelling	demoniado	1	demoniaco	demoniaco, demoníaco	demoniado -> demoniaco	153? Trilingüe	153-trilingue:005087	itech quin ehuani	Traducción	demoniado
candidate_spelling	denadar	1	demandar	demandar, desandar, deparad	denadar -> demandar	1571 Molina 2	1571-molina-2:021982	tlacxihuitequiliztli	Traducción	el acto denadar con los pies
candidate_spelling	denegro	1	denegó	denegó, denigro, denigró	denegro -> denegó	1571 Molina 2	1571-molina-2:001958	tlilania	Traducción	dibujar o hacer rayas con tinta, o echar perfil denegro a lo que se pinta con pincel
candidate_spelling	denojo	1	enojo	enojo, denoto, denotó, enojó, desojo	denojo -> enojo	1780 ? Bnf_361	1780-bnf-361:019730	tempotzalhuia	Traducción	hacer buscar a otro denojo
candidate_spelling	denton	1	denota	denota, denotan, mentón, denoto, denotó, denote	denton -> denota	1765 Cortés y Zedeño	1765-cortes-y-zedeno:001872	huehuei  +	Traducción	denton, dientes grandes
candidate_spelling	depalmas	1	desalmas	desalmas, despalmas	depalmas -> desalmas	1571 Molina 2	1571-molina-2:002262	tompiyatli	Traducción	esportilla honda, hecha depalmas
candidate_spelling	depan	1	sepan	sepan, dejan, deban, dopan, depón	depan -> sepan	1571 Molina 2	1571-molina-2:001343	tlaxcalmimilyahualtontli	Traducción	rosca pequeña depan
candidate_spelling	depared	1	depare	depare, depares, deparen, deparad	depared -> depare	1571 Molina 2	1571-molina-2:018565	tenacaztli	Traducción	piedra labrada para esquina depared
candidate_spelling	depecados	1	defecados	defecados, desecados, deprecados	depecados -> defecados	1571 Molina 2	1571-molina-2:000651	tlatlatlacoltomalli	Traducción	absuelto y desatado depecados
candidate_spelling	depecho	1	derecho	derecho, desecho, desechó, despecho, repecho, repechó	depecho -> derecho	17?? Bnf_362	17-bnf-362:001904	elcacatzca	Traducción	tener dolor depecho o de flato
candidate_spelling	depelos	1	débelos	débelos, repelos	depelos -> débelos	1571 Molina 2	1571-molina-2:003069	tzotzonyo	Traducción	velloso, o lleno depelos ásperos
candidate_spelling	depena	1	despena	despena, decena, dependa, despeña, pepena	depena -> despena	17?? Bnf_362bis	17-bnf-362bis:000608	nocuelye	Traducción	se usa también cuando contando uno un cosa degusto, o depena, pasa de una cosa a otra
candidate_spelling	depescado	1	repescado	repescado, desecado	depescado -> repescado	1571 Molina 2	1571-molina-2:006829	acacuextli	Traducción	cañal depescado
candidate_spelling	depiedras	1	depredar	depredar, depredará, depredas, depilaras, depredara, depredaré	depiedras -> depredar	1571 Molina 2	1571-molina-2:011589	macuextli	Traducción	axorcas, o sartal depiedras preciosas para las muñecas
candidate_spelling	depisada	1	depilada	depilada	depisada -> depilada	1571 Molina 2	1571-molina-2:021991	tlacxipetlalli	Traducción	señal, o rastro depisada, o de patata
candidate_spelling	depojarle	1	despojare	despojare, despojaré, desojare, desojaré	depojarle -> despojare	1595 Rincón	1595-rincon:000428	namoyalia	Traducción	depojarle a otro
candidate_spelling	depor	1	deparo	deparo, depuro, depón, Depor, depo	depor -> deparo	17?? Bnf_362bis	17-bnf-362bis:000621	nononcua	Traducción	aparte. depor si. pero se dice cuando son mas de dos personas, o cosas que cada una este aparte
candidate_spelling	deprendido	1	desprendido	desprendido, reprendido, dependido	deprendido -> desprendido	153? Trilingüe	153-trilingue:006785	nemachtililcahua	Traducción	olvidar lo deprendido
candidate_spelling	deprendo	1	dependo	dependo, desprendo, reprendo, depredó, depredo	deprendo -> dependo	1692 Guerra	1692-guerra:000454	machtia	Traducción	yo reso o deprendo
candidate_spelling	deprienden	1	dependen	dependen, depreden	deprienden -> dependen	1547 Olmos_G	1547-olmos-g:000552	nemachtilli	Traducción	la doctrina con que algunos se enseñan o deprienden
candidate_spelling	deprénder	1	depender	depender, desprender, reprender	deprénder -> depender	1571 Molina 2	1571-molina-2:022995	tlamatilizamoxtli	Traducción	arte para deprénder ciencia
candidate_spelling	deredor	1	derredor	derredor, rededor	deredor -> derredor	1780 ? Bnf_361	1780-bnf-361:005121	yahualotoc	Traducción	estar en deredor echado
candidate_spelling	deretir	1	derretir	derretir	deretir -> derretir	1547 Olmos_V ?	1547-olmos-v:001749	tepozpitza	Traducción	deretir metal
candidate_spelling	deretirse	1	derretirse	derretirse, derrites	deretirse -> derretirse	1547 Olmos_V ?	1547-olmos-v:001358	atilia	Traducción	deretirse [derretirse]
candidate_spelling	derramamien	1	derramamiento	derramamiento, derramasen, derramareis, derramaren, derramaseis	derramamien -> derramamiento	1780 ? Bnf_361	1780-bnf-361:023800	tlachachayahualiztli	Traducción	derramamien to de grano, o otra cosa
candidate_spelling	derramammiento	1	derramamiento	derramamiento	derramammiento -> derramamiento	1780 ? Bnf_361	1780-bnf-361:027678	tlapetlaniliztli	Traducción	derramammiento de agua, o otra cosa liquida
candidate_spelling	derrar	1	cerrar	cerrar, errar, serrar, ferrar, drenar, herrar	derrar -> cerrar	1780 ? Bnf_361	1780-bnf-361:010605	ixpoloa	Traducción	desatinarse, y perderse el que camina: o derrar en lo que hace
candidate_spelling	derrendon	1	derredor	derredor, derrengan, derrengo	derrendon -> derredor	1780 ? Bnf_361	1780-bnf-361:016926	pepexocaticalaqui	Traducción	entrar derrendon
candidate_spelling	desabierto	1	desacierto	desacierto	desabierto -> desacierto	1780 ? Bnf_361	1780-bnf-361:027010	tlanextilli	Traducción	descubierto o desabierto algo
candidate_spelling	desacada	1	desatada	desatada, destacada, descarada, desacata, desalada, destacad	desacada -> desatada	1571 Molina 2	1571-molina-2:021093	tlaayoquixtilli	Traducción	cosa expremida, así como las hierbas, o el orujo, después desacada la virtud de ellas
candidate_spelling	desacardado	1	desagradado	desagradado, desacordado	desacardado -> desagradado	1780 ? Bnf_361	1780-bnf-361:012962	motlapololtiani	Traducción	desatinado, desacardado otro; loco como quiera; turbado por turbar
candidate_spelling	desacarrilar	1	descarrilar	descarrilar	desacarrilar -> descarrilar	153? Trilingüe	153-trilingue:011526	camachallaza **	Traducción	desacarrilar
candidate_spelling	desadabrado	1	descalabrado	descalabrado, desmadrado, desgarbado, desamarrado, desbarbado, desembarrado	desadabrado -> descalabrado	153? Trilingüe	153-trilingue:003399	cuatatacaltiliztli	Traducción	desadabrado por loco
candidate_spelling	desalfoliar	1	desafilar	desafilar, desalquilar	desalfoliar -> desafilar	153? Trilingüe	153-trilingue:005058	itacatoma	Traducción	desalfoliar
candidate_spelling	desamparadoa	1	desamparados	desamparados, desamparado, desamparada, desamparador, desamparadora, desamparado a	desamparadoa -> desamparados	1571 Molina 2	1571-molina-2:009215	icnocahua	Traducción	dejar huérfano y desamparadoa otro
candidate_spelling	desanparar	1	desamparar	desamparar	desanparar -> desamparar	1780 ? Bnf_361	1780-bnf-361:025797	tlallotia	Traducción	desanparar a alguno
candidate_spelling	desaparada	1	desamparada	desamparada, despatarrad, desamarrada, desarrapada, desaparead, desapareada	desaparada -> desamparada	1571 Molina 2	1571-molina-2:000146	tlatepotzcahualli	Traducción	cosa dejada atrás, o cosa desaparada
candidate_spelling	desapareser	1	desaparecer	desaparecer	desapareser -> desaparecer	1780 ? Bnf_361	1780-bnf-361:026401	tlami	Traducción	perecer, desapareser o perderse
candidate_spelling	desartes	1	desastres	desastres, descartes, desarmes, desertes, departes, destrabes	desartes -> desastres	1780 ? Bnf_361	1780-bnf-361:016092	atlacatlatoa, tenmamacehual	Traducción	desartes
candidate_spelling	desaser	1	deshacer	deshacer, desase, desasear, desasea, desasee, desasir	desaser -> deshacer	1780 ? Bnf_361	1780-bnf-361:025037	tlahueloa	Traducción	desaser lo hecho
candidate_spelling	desaso	1	deseos	deseos, deseosa, desuso, desase, descosa, desposa	desaso -> deseos	1780 ? Bnf_361	1780-bnf-361:012496	mocihuia	Traducción	consolarse, õ afligirse; fratagar. desaso segarse; agonizar; alborotarse alguno, o desasosegarse; ruido hacer, y patear con ira; alterarse, y turbarse por algún negocio, o por estar al cabo, o en pasatiempo
candidate_spelling	desat	1	desató	desató, desata	desat -> desató	1780 ? Bnf_361	1780-bnf-361:021105	tequipachoa	Traducción	hacer pesar a otra; ????; fatigar; angustiar; congojar, o afligir a otro; descontentar desat??a, y dar pena a otro; agraviar; dar pena enojo, y aflicción a otro
candidate_spelling	desataviado	1	desactivado	desactivado, desactivada, desactivadas, desactivando, desagraviado, desatascado	desataviado -> desactivado	153? Trilingüe	153-trilingue:001636	xixitinqui	Traducción	desataviado
candidate_spelling	desatdor	1	desatoro	desatoro, desatador	desatdor -> desatoro	1780 ? Bnf_361	1780-bnf-361:021976	tetlatlacoltumani	Traducción	absolvedor y desatdor de los pecados
candidate_spelling	desatinal	1	destilan	destilan, desatinar, desatinan, desatina, desatinad, desatinas	desatinal -> destilan	1547 Olmos_V ?	1547-olmos-v:001536	pololtia	Traducción	estorbar o desatinal
candidate_spelling	desatinándo	1	desatinado	desatinado, destinando, desafinando, desatinando	desatinándo -> desatinado	1571 Molina 2	1571-molina-2:020675	teyolmalacacholiztica	Traducción	pervirtiendo y desatinándo a otros
candidate_spelling	desauciar	1	desahuciar	desahuciar	desauciar -> desahuciar	1780 ? Bnf_361	1780-bnf-361:010495	ixnahuatia	Traducción	condenar por sentencia: despedir de todo en todo: reprochar: o desauciar al enfermo
candidate_spelling	desbanearse	1	desbandares	desbandares, desbancares	desbanearse -> desbandares	17?? Bnf_362	17-bnf-362:002269	ihuintia	Traducción	desbanearse, este significa también estar borracho
candidate_spelling	descaballido	1	descabalado	descabalado	descaballido -> descabalado	1780 ? Bnf_361	1780-bnf-361:021849	tetlanquiztiquizqui	Traducción	descaballido. o hurtado entre otros
candidate_spelling	descabezaso	1	descabezado	descabezado, descabezase, descabezaos, descabezas, descabezas o	descabezaso -> descabezado	1780 ? Bnf_361	1780-bnf-361:027997	tlaquechcotontli	Traducción	descabezaso alguno
candidate_spelling	descabullo	1	descabello	descabello, descabelló, escabulló, escabullo	descabullo -> descabello	1571 Molina 2	1571-molina-2:005921	choloqui  +	Traducción	el que se descabullo y huyó
candidate_spelling	descaendo	1	deseando	deseando, desciendo, despeando	descaendo -> deseando	1780 ? Bnf_361	1780-bnf-361:016823	patzmiqui	Traducción	descaendo de enfermedad
candidate_spelling	descaesido	1	descaecido	descaecido	descaesido -> descaecido	1780 ? Bnf_361	1780-bnf-361:003465	toneuhqui	Traducción	descaesido de hombre
candidate_spelling	descaidado	1	despiadado	despiadado, descuidado	descaidado -> despiadado	1780 ? Bnf_361	1780-bnf-361:017893	quitemmati	Traducción	perezoso muy descaidado, y negligente
candidate_spelling	descalzarselos	1	descalzaremos	descalzaremos, descalzárselos	descalzarselos -> descalzaremos	1571 Molina 2	1571-molina-2:020858	cactotoma	Traducción	desatar los zapatos, o descalzarselos
candidate_spelling	descanisando	1	descamisando	descamisando, descansando	descanisando -> descamisando	1780 ? Bnf_361	1780-bnf-361:015068	nihio nicana	Traducción	alentar descanisando; o alentar, y tomar huelgo el que tañe trompeta
candidate_spelling	descanzo	1	descanso	descanso, descalzo, descansó, descalzó	descanzo -> descanso	1692 Guerra	1692-guerra:000123	cehuia	Traducción	yo descanzo
candidate_spelling	descarlo	1	descartó	descartó, descarto, descargo, descargó, descarnó, descarno	descarlo -> descartó	17?? Bnf_362	17-bnf-362:002463	ixelehuia	Traducción	mirar a otro para descarlo
candidate_spelling	descarrairse	1	descarriase	descarriase, descarriares	descarrairse -> descarriase	1780 ? Bnf_361	1780-bnf-361:004631	xixini	Traducción	despartirse, descarrairse los que están juntos. desparramarse despoblarse el pueblo
candidate_spelling	descarsarse	1	descararse	descararse, descansares, descargares, descasares, desbarrases, descarriares	descarsarse -> descararse	153? Trilingüe	153-trilingue:006484	namiccahua **	Traducción	descarsarse
candidate_spelling	descasarselos	1	descasaremos	descasaremos, descasárselos	descasarselos -> descasaremos	1780 ? Bnf_361	1780-bnf-361:011666	matuma	Traducción	descasarselos casados
candidate_spelling	descaspado	1	descastado	descastado, descampado, descasado, descascado	descaspado -> descastado	1571 Molina 2	1571-molina-2:001393	tlaxincayotlaztli	Traducción	descaspado, opescado escamado
candidate_spelling	descaxcarar	1	descascarar	descascarar	descaxcarar -> descascarar	1571 Molina 2	1571-molina-2:023752	tlapana	Traducción	quebrar algo, sacar pollos las aves, o descaxcarar mazorcas de cacao, o de cosa semejante
candidate_spelling	descelebrar	1	descalabrar	descalabrar, descabellar, descabellará, descabellaré, descabellara, descabellare	descelebrar -> descalabrar	153? Trilingüe	153-trilingue:003411	cuatzayana	Traducción	descalabrar o descelebrar
candidate_spelling	descend	1	descendí	descendí, desceñid, desceñí, desecad	descend -> descendí	2021 Wimmer	2021-wimmer:016253	hualtemo	Traducción (es)	v.i., descend. / v.i., bajar o descender de alto
candidate_spelling	descenhadado	1	desenfadado	desenfadado	descenhadado -> desenfadado	1780 ? Bnf_361	1780-bnf-361:023012	tlaacotlaxtli	Traducción	descenhadado o recreado otro
candidate_spelling	desconcerta	1	desconecta	desconecta, desconcierta, desconcertó, desconcertar, desconcerté, desconcertad	desconcerta -> desconecta	1780 ? Bnf_361	1780-bnf-361:014489	netechalania	Traducción	desconcerta o enemistar a otros; poner discordia; revolver o turbar a otros
candidate_spelling	desconcertadamante	1	desconcertadamente	desconcertadamente	desconcertadamante -> desconcertadamente	1571 Molina 2	1571-molina-2:020515	texitiniliztica	Traducción	desconcertadamante, o con alboroto
candidate_spelling	desconocidamente	1	descoloridamente	descoloridamente	desconocidamente -> descoloridamente	153? Trilingüe	153-trilingue:005605	amo neicnelilmatca	Traducción	desconocidamente
candidate_spelling	desconsertado	1	desconcertado	desconcertado	desconsertado -> desconcertado	1780 ? Bnf_361	1780-bnf-361:002202	tlaxitinilia	Traducción	desconcertar lo que se avía desconsertado (sic)
candidate_spelling	desconueniencia	1	disconveniencia	disconveniencia	desconueniencia -> disconveniencia	1571 Molina 2	1571-molina-2:013948	neelleltiliztli	Traducción	arrepentimiento o desconueniencia de los que habían determinado y hecho algo concierto
candidate_spelling	desconveniento	1	desconviniendo	desconviniendo	desconveniento -> desconviniendo	153? Trilingüe	153-trilingue:003081	neyollococoltiliztli	Traducción	desconveniento desconcerto
candidate_spelling	descordia	1	discordia	discordia, descorría, descorrida	descordia -> discordia	1780 ? Bnf_361	1780-bnf-361:001846	tlatzohuilia	Traducción	descordia en dar pareceres o votos
candidate_spelling	descortesar	1	descortezar	descortezar	descortesar -> descortezar	153? Trilingüe	153-trilingue:003550	cuauhxipehua	Traducción	descortesar árboles
candidate_spelling	descortezal	1	descortezas	descortezas, descortezan, descortezar, descortezad, descorteza	descortezal -> descortezas	1547 Olmos_V ?	1547-olmos-v:000245	xipehua	Traducción	desolar descortezal
candidate_spelling	descretar	1	despertar	despertar, decretar, desertar, desacertar, descremar, descercar	descretar -> despertar	153? Trilingüe	153-trilingue:008006	atlenontequixtia	Traducción	descretar por muerte
candidate_spelling	descubieto	1	descubierto	descubierto	descubieto -> descubierto	1780 ? Bnf_361	1780-bnf-361:024787	tlaelpampetlauhtli	Traducción	desnudado otro, y descubieto de pechos
candidate_spelling	descubri	1	descubre	descubre, descubrí, descubro, descubrir, descubrió, descubra	descubri -> descubre	1780 ? Bnf_361	1780-bnf-361:015061	nicualpaninextia	Traducción	descubri lo que se obra o hace
candidate_spelling	descubria	1	descubrir	descubrir, descubrió, descubrí, descubría, descubra, descubrirá	descubria -> descubrir	1571 Molina 2	1571-molina-2:004558	yollotia	Traducción	descubria algo al amigo
candidate_spelling	descubrirselo	1	descubrírsele	descubrírsele, descubrírmelo	descubrirselo -> descubrírsele	1780 ? Bnf_361	1780-bnf-361:010632	ixquetza	Traducción	descubrirselo que estaba secreto
candidate_spelling	desculpa	1	disculpa	disculpa, esculpa, deslucía, descula	desculpa -> disculpa	1571 Molina 2	1571-molina-2:014621	netlacuepililiztli	Traducción	desculpa, o descargo que alguno da
candidate_spelling	descusarse	1	desusares	desusares, descasares, descuerase, descuerases, desculares	descusarse -> desusares	1780 ? Bnf_361	1780-bnf-361:011675	matzayana	Traducción	descusarse los casados
candidate_spelling	desdonadamente	1	desganadamente	desganadamente, desbocadamente	desdonadamente -> desganadamente	153? Trilingüe	153-trilingue:001695	xolopitica	Traducción	desdonadamente
candidate_spelling	desdonado	1	desdeñado	desdeñado, desdorado, desdorando	desdonado -> desdeñado	153? Trilingüe	153-trilingue:001705	xolopitli	Traducción	desdonado
candidate_spelling	desdón	1	desdén	desdén	desdón -> desdén	153? Trilingüe	153-trilingue:001698	xolopitiliztli	Traducción	desdón
candidate_spelling	deseaua	1	deseaba	deseaba, deseada, deseara, deseará	deseaua -> deseaba	1571 Molina 2	1571-molina-2:023359	tlanencolli	Traducción	el que es defraudado, de lo que pretendía y deseaua
candidate_spelling	desembainada	1	desenvainada	desenvainada	desembainada -> desenvainada	1780 ? Bnf_361	1780-bnf-361:024214	tlacopintli espada	Traducción	desembainada la espada
candidate_spelling	desembrabecerse	1	desembravecieres	desembravecieres, desembravecerse	desembrabecerse -> desembravecieres	1780 ? Bnf_361	1780-bnf-361:005630	yolcehuia	Traducción	amansarse, desembrabecerse, aplacarse, y desenojarse. el airado
candidate_spelling	desembrar	1	desmembrar	desmembrar, desmedrar, resembrar, desembarre, desembarré, desembarro	desembrar -> desmembrar	1571 Molina 2	1571-molina-2:001037	tlatoquiliztli	Traducción	el acto desembrar semillas, o de plantar algo
candidate_spelling	desemear	1	desmedra	desmedra, desyemar	desemear -> desmedra	153? Trilingüe	153-trilingue:003698	aquimocuicuitia **	Traducción	desemear
candidate_spelling	desemnarañar	1	desenmarañar	desenmarañar	desemnarañar -> desenmarañar	1780 ? Bnf_361	1780-bnf-361:005335	yectilia	Traducción	desemnarañar, desenvolver, o desenredar algo
candidate_spelling	desemparejam	1	desemparejan	desemparejan, desemparejas	desemparejam -> desemparejan	1780 ? Bnf_361	1780-bnf-361:023914	tlachicoquixtiliztli	Traducción	desemparejam(ien)to de cosas largas
candidate_spelling	desempega	1	desempeña	desempeña	desempega -> desempeña	1780 ? Bnf_361	1780-bnf-361:026795	tlanemacahualtiliztli	Traducción	desempega dura
candidate_spelling	desenbainada	1	desenvainada	desenvainada	desenbainada -> desenvainada	1780 ? Bnf_361	1780-bnf-361:023100	tlaantli espada	Traducción	desenbainada espada
candidate_spelling	desenfamado	1	desenfadado	desenfadado, desenfadamos	desenfamado -> desenfadado	153? Trilingüe	153-trilingue:010371	tlaahuilquixtilli	Traducción	desenfamado
candidate_spelling	desenfamar	1	desenfadar	desenfadar	desenfamar -> desenfadar	153? Trilingüe	153-trilingue:008364	teahuilquixtia ^	Traducción	desenfamar
candidate_spelling	desenfrenadamiente	1	desenfrenadamente	desenfrenadamente	desenfrenadamiente -> desenfrenadamente	1780 ? Bnf_361	1780-bnf-361:018473	techicoitoliztica	Traducción	desenfrenadamiente de mala lengua
candidate_spelling	desentrar	1	descentrar	descentrar	desentrar -> descentrar	1571 Molina 1	1571-molina-1:005773	yectilia	Traducción	desenmarañar, desenvolver o desentrar algo
candidate_spelling	desenyerbar	1	desenterrar	desenterrar, desenredar, desenterraba, desenfrenar, desenterrara, desyerbar	desenyerbar -> desenterrar	1780 ? Bnf_361	1780-bnf-361:008694	huictli	Traducción	azada, azadón, coa de encina para labrar la tierra, pala para cavar, o desenyerbar
candidate_spelling	desenyervar	1	desenterrar	desenterrar, desenredar, desenfrenar, desenterrara, desencerrar, desencerrara	desenyervar -> desenterrar	1780 ? Bnf_361	1780-bnf-361:004591	xiuhcuicui	Traducción	desyerbar, desenyervar
candidate_spelling	desesperezarse	1	desperezares	desperezares, desesperares, desesperanzares	desesperezarse -> desperezares	1780 ? Bnf_361	1780-bnf-361:022631	cacatzoa	Traducción	desesperezarse
candidate_spelling	desfavol	1	desfavor	desfavor, desafilo	desfavol -> desfavor	1547 Olmos_V ?	1547-olmos-v:001478	pichilia	Traducción	situar a otro en desfavol
candidate_spelling	desgouernarse	1	desgobernares	desgobernares, desgobernarse	desgouernarse -> desgobernares	1571 Molina 2	1571-molina-2:015651	omichitonia	Traducción	desconcertárseme algún hueso, o desgouernarse
candidate_spelling	deshinar	1	destinar	destinar, deshilar, deshijar, deshincar, desviran	deshinar -> destinar	153? Trilingüe	153-trilingue:003159	copina ^	Traducción	deshinar lo hicado
candidate_spelling	deshonestad	1	deshonestas	deshonestas, deshonesta	deshonestad -> deshonestas	153? Trilingüe	153-trilingue:003774	ahuilquizaliztli	Traducción	deshonestad o deshonestidad
candidate_spelling	desiendo	1	defiendo	defiendo, debiendo, desciendo, desvendo, desliendo	desiendo -> defiendo	1692 Guerra	1692-guerra:000734	temohuia	Traducción	yo desiendo o abajo
candidate_spelling	desierra	1	desierta	desierta, destierra, deshierra	desierra -> desierta	1571 Molina 2	1571-molina-2:019236	tepexillantli	Traducción	recuesto, repecho o ladera desierra
candidate_spelling	desioraznado	1	descarozando	descarozando	desioraznado -> descarozando	1780 ? Bnf_361	1780-bnf-361:013162	mozozotlahuani	Traducción	desioraznado
candidate_spelling	deslian	1	desvían	desvían, deslizan, desligan, desliar, desoían, deslían	deslian -> desvían	1571 Molina 2	1571-molina-2:016595	pinolli	Traducción	la harina de maíz y chia, antes que la deslian
candidate_spelling	desliciarse	1	descifrase	descifrase, desligares, deslindares, deslizares, deshicieres, desquiciares	desliciarse -> descifrase	1547 Olmos_V ?	1547-olmos-v:001473	petoni	Traducción	salrise o desliciarse
candidate_spelling	deslizandose	1	deslizando	deslizando, deslizantes, deslizados	deslizandose -> deslizando	153? Trilingüe	153-trilingue:006607	nealahualiztli	Traducción	caída como deslizandose
candidate_spelling	deslocado	1	dislocado	dislocado, desolado, desbocado, descolgado, desollado, descocado	deslocado -> dislocado	1780 ? Bnf_361	1780-bnf-361:024945	tlahueliloc	Traducción	deslocado caballo
candidate_spelling	desmaranarse	1	desamarrares	desamarrares, desamarrase, desmarañase, desmarañares	desmaranarse -> desamarrares	1780 ? Bnf_361	1780-bnf-361:005332	yectia	Traducción	aclararse, y asentarse cualquiera licor que estaba turbio, y revuelto. o desenredarse algo, o desmaranarse
candidate_spelling	desmedardo	1	desmedrado	desmedrado	desmedardo -> desmedrado	1780 ? Bnf_361	1780-bnf-361:022346	tetzolacqui	Traducción	desmedardo el que no crece
candidate_spelling	desmelana	1	desmelena	desmelena, desembalan, desmaleza, desmalezan	desmelana -> desmelena	1629 Alarcón	1629-alarcon:000533	cuapachpol	Traducción	cabeza toda desmelana / deshilachado
candidate_spelling	desmemorizar	1	desmemoriar	desmemoriar, desmemoriara	desmemorizar -> desmemoriar	153? Trilingüe	153-trilingue:005186	itzeltilia ^	Traducción	desmemorizar
candidate_spelling	desmeyorar	1	desmejorar	desmejorar, desyemaron	desmeyorar -> desmejorar	153? Trilingüe	153-trilingue:010979	tlahuelillocati	Traducción	desmeyorar de bueno en notal
candidate_spelling	desmollar	1	desollar	desollar, descollar, desmoldar, desflora, descolar, desmotar	desmollar -> desollar	153? Trilingüe	153-trilingue:010806	nitic nitlacualixpoloa	Traducción	desmollar la vianda
candidate_spelling	desmollarse	1	desmallarse	desmallarse, desflorase, descolares, desollares, descollares, desmotares	desmollarse -> desmallarse	153? Trilingüe	153-trilingue:007780	pati ^	Traducción	desmollarse o defacerse
candidate_spelling	desmorlado	1	desarrollado	desarrollado, desbordado, desdoblado, desbrozado, desenrollado, desamorado	desmorlado -> desarrollado	153? Trilingüe	153-trilingue:010564	tlacenmatepeuhtli	Traducción	desmorlado
candidate_spelling	desnaturado	1	desnutrido	desnutrido, desangrado, desnatado, despatarrado, desanudar, despanzurrado	desnaturado -> desnutrido	153? Trilingüe	153-trilingue:010575	tlachaloltilli	Traducción	desnaturado de la tierra
candidate_spelling	desole	1	desoye	desoye, desale, desove, desollé, descole, desoje	desole -> desoye	2021 Wimmer	2021-wimmer:014590	cuetlaxoa	Traducción (es)	v.t. tē-., hacer que alguien pierda el valor, entristezca, desespere, desole
candidate_spelling	desolla	1	desollar	desollar, desolló, desoía, desala, desova, desollé	desolla -> desollar	2021 Wimmer	2021-wimmer:038540	tlahuahuanqui	Traducción (es)	el que manda, traza líneas. / designa particularmente a quien desolla a la víctima enfrascada en la llamada lucha de gladiadores. / nombre personal
candidate_spelling	desollandolos	1	desoldándolos	desoldándolos, desollándolos	desollandolos -> desoldándolos	2021 Wimmer	2021-wimmer:016109	huahuantin	Traducción (es)	pl. sobre huahuāntli, cautivos que eran inmolados desollandolos
candidate_spelling	desollejado	1	deshollejado	deshollejado	desollejado -> deshollejado	1780 ? Bnf_361	1780-bnf-361:024745	tlaehuayotlaztli	Traducción	desollejado
candidate_spelling	desomedirse	1	desmedres	desmedres, desmemories, desmoldares	desomedirse -> desmedres	1780 ? Bnf_361	1780-bnf-361:018961	tehuicnehua	Traducción	encontrarse peleando; desmandarse, o desomedirse
candidate_spelling	desondenar	1	desordenar	desordenar	desondenar -> desordenar	1780 ? Bnf_361	1780-bnf-361:010514	ixneloa	Traducción	desondenar, o desbaratar
candidate_spelling	desonestos	1	deshonestos	deshonestos	desonestos -> deshonestos	1571 Molina 1	1571-molina-1:032750	tlaellaquetza	Traducción	decir donaires desonestos
candidate_spelling	despada	1	deseada	deseada, espada, despida, destapad, despeada	despada -> deseada	1571 Molina 2	1571-molina-2:019410	tepozmaccuauh tzitzquiloyan	Traducción	émpuñadura despada
candidate_spelling	desparciendo	1	esparciendo	esparciendo, despartiendo	desparciendo -> esparciendo	1571 Molina 2	1571-molina-2:018526	temoyahualiztica	Traducción	alborotando, descarriando, o desparciendo a otros. adv
candidate_spelling	desparramandolas	1	desparramándoles	desparramándoles, desparramándolos	desparramandolas -> desparramándoles	1780 ? Bnf_361	1780-bnf-361:003959	cecemmana	Traducción	derramar grano, o otras cosas, desparramandolas, esparcirlas, o descarriarlas
candidate_spelling	despasorio	1	despavorido	despavorido, desposar, desposado, desposando, desposaron, despavorió	despasorio -> despavorido	1780 ? Bnf_361	1780-bnf-361:024403	tlacuallohua	Traducción	comida dar por mi respecto, y despasorio
candidate_spelling	despavejar	1	desparejar	desparejar, despavesar	despavejar -> desparejar	153? Trilingüe	153-trilingue:001775	yacapayana	Traducción	despavejar o despabilar
candidate_spelling	despaversar	1	despavesar	despavesar	despaversar -> despavesar	153? Trilingüe	153-trilingue:009514	tepoztlayacapayaniloni	Traducción	molletas para despaversar
candidate_spelling	despavilada	1	despabilada	despabilada	despavilada -> despabilada	1780 ? Bnf_361	1780-bnf-361:002395	tlayacotontli	Traducción	despavilada candela
candidate_spelling	despavilo	1	despabilo	despabilo	despavilo -> despabilo	1692 Guerra	1692-guerra:000145	yacacotoni	Traducción	yo despavilo
candidate_spelling	despedasada	1	despedazada	despedazada	despedasada -> despedazada	1780 ? Bnf_361	1780-bnf-361:024134	tlacocotontli	Traducción	despedasada carne
candidate_spelling	despegaday	1	despegada	despegada, despegadas, despegada y	despegaday -> despegada	1571 Molina 2	1571-molina-2:001167	tlatzicueuhtli	Traducción	mazorca de maíz despegaday quitada de la caña, o cosa semejante
candidate_spelling	despeligar	1	desplegar	desplegar	despeligar -> desplegar	1547 Olmos_V ?	1547-olmos-v:000713	huazoma	Traducción	despeligar [despellejar]
candidate_spelling	desperación	1	desapareció	desapareció, desesperación, deserción, desprecian, desprecien, despreció	desperación -> desapareció	153? Trilingüe	153-trilingue:007147	nexiuhtlatiliztli	Traducción	desperación o desesperación
candidate_spelling	desperado	1	despenado	despenado, esperado, despertado, despejado, despegado, desterrado	desperado -> despenado	153? Trilingüe	153-trilingue:005879	maxiuhtlatiani	Traducción	desperado o desesperado
candidate_spelling	despersar	1	despertar	despertar, dispersar, despearas, despesar	despersar -> despertar	153? Trilingüe	153-trilingue:002080	yolitlacoa	Traducción	despersar o desplacer
candidate_spelling	despeñam	1	despeñan	despeñan, despeña, despeñar, despeñas, despeñad	despeñam -> despeñan	1780 ? Bnf_361	1780-bnf-361:021452	tetepexihuiliztli	Traducción	despeñam(ien(to
candidate_spelling	despeñandose	1	despenados	despenados, despeinados, despeñando, despeñados	despeñandose -> despenados	1571 Molina 2	1571-molina-2:001672	tlaza	Traducción	echarse por esos suelos, o de alto a bajo despeñandose
candidate_spelling	despingarda	1	designada	designada, designara, designaría, desangrada, despintada, despintara	despingarda -> designada	1571 Molina 1	1571-molina-1:002993	tlequiquiztelolotli	Traducción	pelota despingarda que se tira
candidate_spelling	despobla	1	despoblar	despoblar, desdobla, despobló, despoblad, despoblé, desabolla	despobla -> despoblar	2021 Wimmer	2021-wimmer:042157	tlapopoloani	Traducción (es)	destructor, disipador, que despobla
candidate_spelling	desprediciar	1	desperdiciar	desperdiciar	desprediciar -> desperdiciar	1780 ? Bnf_361	1780-bnf-361:026849	tlanempoloa	Traducción	desprediciar algo
candidate_spelling	despresio	1	desprecio	desprecio, despreció	despresio -> desprecio	17?? Bnf_362	17-bnf-362:002485	ixmotla	Traducción	arrojar o tirar a la casa algo con despresio
candidate_spelling	desprovechar	1	desaprovechar	desaprovechar	desprovechar -> desaprovechar	1780 ? Bnf_361	1780-bnf-361:006261	zan ninennemi	Traducción	desprovechar; andar vagueando
candidate_spelling	desquartiza	1	descuartiza	descuartiza	desquartiza -> descuartiza	1571 Molina 2	1571-molina-2:020500	texexeloa	Traducción	el que desquartiza a otro, y le hace pedazos, o el que pone diuisión entre algunos
candidate_spelling	desquartizando	1	descuartizando	descuartizando	desquartizando -> descuartizando	1571 Molina 2	1571-molina-2:020383	tetzatzayanaliztica	Traducción	desquartizando, o haciendo pedazos a otro
candidate_spelling	desrrabado	1	destrabado	destrabado, desgarbado, desbarbado	desrrabado -> destrabado	1571 Molina 2	1571-molina-2:021974	tlacuitlapiltectli	Traducción	animal desrrabado
candidate_spelling	desrrabar	1	destrabar	destrabar, desbarra, desbarbar	desrrabar -> destrabar	1571 Molina 2	1571-molina-2:007655	cuitlapilana	Traducción	desrrabar animales o aves
candidate_spelling	desrraygar	1	desarrugar	desarrugar	desrraygar -> desarrugar	1571 Molina 2	1571-molina-2:023293	tlanelhuayohuihuitlaliztli	Traducción	el acto de desrraygar y arrancar algo
candidate_spelling	dessear	1	desear	desear, desasear, despear	dessear -> desear	2021 Wimmer	2021-wimmer:023058	miquiztemachia	Traducción (es)	v.t. tē-., desear la muerte de alguien. / v.t. tē-., dessear la muerte a otro. / v.recipr., se desean la muerte
candidate_spelling	destamento	1	testamento	testamento, estamento, desatento, desatiento	destamento -> testamento	153? Trilingüe	153-trilingue:008026	atleontequixtiliztli	Traducción	desherencia por destamento
candidate_spelling	destavada	1	destacada	destacada, desatada, destapada, deslavada, destajada	destavada -> destacada	1780 ? Bnf_361	1780-bnf-361:010621	ixpouhqui	Traducción	rebotado cosa del color; o destavada cosa de algo
candidate_spelling	desterra	1	desterrar	desterrar, desterró, destierra, desterré, desterrad	desterra -> desterrar	153? Trilingüe	153-trilingue:010036	tetotoca ^	Traducción	desterra como quiera
candidate_spelling	destornada	1	destronada	destronada, descornada, deshornada	destornada -> destronada	1780 ? Bnf_361	1780-bnf-361:025145	tlahuitontli	Traducción	derecha pared, o destornada
candidate_spelling	destrocado	1	destrozado	destrozado, destronado, destroncado, destorcido	destrocado -> destrozado	1571 Molina 1	1571-molina-1:033533	tlaixpololli	Traducción	destrocado
candidate_spelling	destronchado	1	destroncado	destroncado	destronchado -> destroncado	1571 Molina 2	1571-molina-2:024111	tlaquiyopoztectli	Traducción	cosa descogollada, o pimpollo destronchado
candidate_spelling	desuarios	1	descargos	descargos, desgarros, desaires, desvaríos, descaros, desairados	desuarios -> descargos	1571 Molina 2	1571-molina-2:004611	yolmocihui	Traducción	decir desuarios, o desatinos
candidate_spelling	desuergonzadamente	1	desvergonzadamente	desvergonzadamente	desuergonzadamente -> desvergonzadamente	1571 Molina 2	1571-molina-2:014306	apinahualiztica	Traducción	desuergonzadamente
candidate_spelling	desuestido	1	desvestido	desvestido	desuestido -> desvestido	1571 Molina 2	1571-molina-2:000655	tlatlatlalilli	Traducción	desuestido o desnudado, o cosa añadida a lo que se escribe o dice, o aquel a quién le es puesta ley o estatuto
candidate_spelling	desueños	1	despeños	despeños, desuñes, desuñemos	desueños -> despeños	1571 Molina 2	1571-molina-2:010688	iximatini  +	Traducción	soltador o interpretador desueños
candidate_spelling	desuiandose	1	destinados	destinados, desviándose	desuiandose -> destinados	1571 Molina 2	1571-molina-2:002807	tzinquixtia	Traducción	apartarse desuiandose y dando lugar a otro, por comedimiento, o arrepentirse y salirse a fuera en algún negocio o contrato que con otros había hecho, o recular de miedo
candidate_spelling	desvarato	1	desbarató	desbarató, desbarato, desvarado	desvarato -> desbarató	1780 ? Bnf_361	1780-bnf-361:019701	temomoyahualiztli	Traducción	auyentamiento de ganado o gente, o desvarato de gente
candidate_spelling	desvergonsada	1	desvergonzada	desvergonzada	desvergonsada -> desvergonzada	1780 ? Bnf_361	1780-bnf-361:015262	nohuiampa	Traducción	de todas partes; de cada parte, o de todas; desvergonsada mujer, y deshonesta; en todas partes, o por todas partes
candidate_spelling	desvergonsadamente	1	desvergonzadamente	desvergonzadamente	desvergonsadamente -> desvergonzadamente	17?? Bnf_362	17-bnf-362:003105	nemamanilia	Traducción	responder desvergonsadamente
candidate_spelling	desyuncidos	1	desuncidos	desuncidos	desyuncidos -> desuncidos	1780 ? Bnf_361	1780-bnf-361:001633	tlatutontin cuacuahueque	Traducción	desyuncidos bueyes
candidate_spelling	desyuntar	1	despuntar	despuntar, desjuntar	desyuntar -> despuntar	1780 ? Bnf_361	1780-bnf-361:006845	cuacuahuenictlatutumilia	Traducción	desyuntar los bueyes
candidate_spelling	detal	1	dotal	dotal, metal, letal, dental, dedal, delata	detal -> dotal	17?? Bnf_362bis	17-bnf-362bis:000107	za	Traducción	larga la a, es sinónimo de zan, aunque aveces se distinguen en que zan excluye simplemente la cosa, y za detal manera la excluye, que da a entender que antes había sido
candidate_spelling	detamales	1	retamales	retamales, detallase	detamales -> retamales	1571 Molina 2	1571-molina-2:017412	tamalhuia	Traducción	hacer pan detamales para otros
candidate_spelling	detengome	1	detengo	detengo, desengome	detengome -> detengo	1547 Olmos_G	1547-olmos-g:000122	cemilhuitia	Traducción	estoy tardo, o detengome un día
candidate_spelling	deternerse	1	detergentes	detergentes, deteriores	deternerse -> detergentes	1629 Alarcón	1629-alarcon:001254	teca	Traducción	acostarse / deternerse [el tonalli] / estar / estar de asiento / estar puesto en / tenderse
candidate_spelling	detexer	1	detener	detener	detexer -> detener	1571 Molina 2	1571-molina-2:003003	tzopa	Traducción	acabar y concluir detexer la tela, o la bóveda, el maderamiento de la casa, o cosa semejante
candidate_spelling	detraction	1	detractor	detractor, detracción, detracto, detracten, detractaron, detractan	detraction -> detractor	1571 Molina 2	1571-molina-2:019821	tetepotzitoliztli	Traducción	detraction, o murmuración
candidate_spelling	detratar	1	retratar	retratar, detractar	detratar -> retratar	1780 ? Bnf_361	1780-bnf-361:014318	nenonotzaliztli	Traducción	cabildo, los mismos que se juntan, o el acto detratar, y determinar algo
candidate_spelling	detraves	1	detraes	detraes	detraves -> detraes	1780 ? Bnf_361	1780-bnf-361:010089	itzcallo	Traducción	detraves
candidate_spelling	detravez	1	detraes	detraes	detravez -> detraes	153? Trilingüe	153-trilingue:011207	tlaixpampa	Traducción	detravez adverbio
candidate_spelling	detu	1	debut	debut, dete	detu -> debut	1780 ? Bnf_361	1780-bnf-361:021564	tetla	Traducción	hermano detu padre; tío hermano de padre, o de madre
candidate_spelling	deuanada	1	devanada	devanada	deuanada -> devanada	1571 Molina 1	1571-molina-1:036222	tlatecuixtli	Traducción	deuanada cosa
candidate_spelling	deuen	1	deben	deben, dejen, deseen, devén, detén, desune	deuen -> deben	1571 Molina 2	1571-molina-2:021995	tlacxitocani	Traducción	corrector de escritura así, o el que va apedir lo que le deuen
candidate_spelling	deuil	1	dedil	dedil, débil	deuil -> dedil	1780 ? Bnf_361	1780-bnf-361:006117	zahua (      )	Traducción	être en deuil
candidate_spelling	deuio	1	Derio	Derio, debió, deudo	deuio -> Derio	1571 Molina 2	1571-molina-2:011111	amo zaquema	Traducción	antes si, o ello deuio de ser así, o quizá si
candidate_spelling	devaron	1	dejaron	dejaron, devorar, devora, devoran, levaron, devoras	devaron -> dejaron	1571 Molina 2	1571-molina-2:021282	tlacaxinachtli	Traducción	simiente devaron o de mujer
candidate_spelling	devedar	1	develar	develar, devorad	devedar -> develar	153? Trilingüe	153-trilingue:010447	tlacahualtia ^	Traducción	devedar
candidate_spelling	deveras	1	severas	severas, neveras, deberás, devoras, develas, deberas	deveras -> severas	153? Trilingüe	153-trilingue:003724	ahuillotl	Traducción	juego deveras y no burlas
candidate_spelling	devid	1	decid	decid, David, divid, ddvid, dcvid, dlvid	devid -> decid	1571 Molina 2	1571-molina-2:010697	ixiptlayotl  +	Traducción	mugrón devid
candidate_spelling	devidamente	1	debidamente	debidamente	devidamente -> debidamente	1780 ? Bnf_361	1780-bnf-361:001470	tlatolpapatla	Traducción	hablar devidamente
candidate_spelling	deviedo	1	debido	debido, debiendo	deviedo -> debido	153? Trilingüe	153-trilingue:009745	tetlacahualtiliztli	Traducción	deviedo
candidate_spelling	deviento	1	reviento	reviento, deciento	deviento -> reviento	1571 Molina 2	1571-molina-2:016756	ponazoa	Traducción	hinchar, o henchir algo deviento
candidate_spelling	devilitarlo	1	debilitado	debilitado, debilitar, debilitará, debilitaría, debilitaron, debilitando	devilitarlo -> debilitado	1780 ? Bnf_361	1780-bnf-361:009266	ihiyocahualtia	Traducción	enmagrecer a otro, õ devilitarlo
candidate_spelling	devuas	1	desusa	desusa	devuas -> desusa	1571 Molina 2	1571-molina-2:000706	capollotl  +	Traducción	un grano de racimo devuas, etc.
candidate_spelling	dexabon	1	desabono	desabono, desabonó, desabone, desaboné, desabona	dexabon -> desabono	1571 Molina 1	1571-molina-1:015989	amolli	Traducción	hierba jabonera, que sirve dexabon
candidate_spelling	dexadme	1	desarme	desarme, desame, desalme	dexadme -> desarme	1571 Molina 2	1571-molina-2:014357	nenicmati	Traducción	yo se como adeser esto, o dexadme hacer a mí, o a mi cargo está eso
candidate_spelling	dexandole	1	desarrolle	desarrolle, desando, desanduve, desande, desarbole, desabolle	dexandole -> desarrolle	1780 ? Bnf_361	1780-bnf-361:010890	ixtozoltia	Traducción	desvelar a otro, no dexandole dormir
candidate_spelling	dexandolo	1	desarrollo	desarrollo, desando, desandado, desanduvo, desatollo, desabollo	dexandolo -> desarrollo	1571 Molina 2	1571-molina-2:015535	ocye xiquilnamiqui	Traducción	y piensa antes, oprimero. s. lo que te sera provechoso, dexandolo inútil. etc.
candidate_spelling	dexandose	1	desando	desando, desanimes, desanduve, demandes, desande, demandase	dexandose -> desando	1571 Molina 2	1571-molina-2:020910	cahua  +	Traducción	dar o entregar alguno a sí mismo en manos de otros, o cometer su causa o negocios a otro, dexandose en sus manos
candidate_spelling	dexaras	1	dejarás	dejarás, dejaras, deparas	dexaras -> dejarás	1571 Molina 2	1571-molina-2:021584	tlacochinamitl	Traducción	cerco, o seto dexaras, o de cosa semejante, o jara para hacer seto
candidate_spelling	dexarlo	1	desarrollo	desarrollo, desarrolló, desarrolla, desarrolle, desarrollé, desarmo	dexarlo -> desarrollo	1780 ? Bnf_361	1780-bnf-361:010887	ixtozo	Traducción	desvelado otro por no dexarlo dormir
candidate_spelling	dexaste	1	dejaste	dejaste, devasté, devaste, desasté, desaste	dexaste -> dejaste	1571 Molina 2	1571-molina-2:019102	azozan ticmahuizcauh	Traducción	quizá lo dexaste por temor
candidate_spelling	dexe	1	debe	debe, deje, dese, deme, dele, desee	dexe -> debe	1571 Molina 2	1571-molina-2:016271	atle immaca onicchiuh	Traducción	no dexe de hacer cosa alguna
candidate_spelling	dexerga	1	deserta	deserta	dexerga -> deserta	1571 Molina 2	1571-molina-2:005358	chamahuacatilmahua	Traducción	persona vestida dexerga
candidate_spelling	dexándo	1	dejando	dejando, demando, desando	dexándo -> dejando	1571 Molina 1	1571-molina-1:034522	tlanahuac nitlateca	Traducción	hurtar cuanto hay no dexándo casi cosa alguna
candidate_spelling	dezlizarse	1	deslizarse	deslizarse, deslizares	dezlizarse -> deslizarse	153? Trilingüe	153-trilingue:004158	alahua	Traducción	resbalar o dezlizarse
candidate_spelling	dezuello	1	degüello	degüello, desuello, desuelo	dezuello -> degüello	1692 Guerra	1692-guerra:000217	chipehua	Traducción	yo dezuello
candidate_spelling	diablería	1	diablearía	diablearía	diablería -> diablearía	1780 Clavijero	1780-clavijero:002926	tlacatecoloyotl	Traducción	diablería (cosa diabólica)
candidate_spelling	dibble	1	diablee	diablee	dibble -> diablee	2021 Wimmer	2021-wimmer:007002	xoxocolli	Traducción (es)	podría referirse a un peinado consistente en llevar el pelo largo de un lado y afeitado del otro (según dibble y anders.)
candidate_spelling	dibijo	1	dibujo	dibujo, dirijo, dibujó	dibijo -> dibujo	1780 ? Bnf_361	1780-bnf-361:001224	tlatlilhuahuanaliztli	Traducción	dibijo de alguna cosa
candidate_spelling	dibulga	1	divulga	divulga	dibulga -> divulga	1780 ? Bnf_361	1780-bnf-361:023126	tlaaquilli	Traducción	callada cosa que no se dibulga
candidate_spelling	dicada	1	década	década, picada, dictada, dictad	dicada -> década	1780 ? Bnf_361	1780-bnf-361:022113	tetlauhtilli	Traducción	presente que se da; aplicada cosa, o de dicada para alguna persona; merced o don; galardón de buena obra, o remuneración; dar presente; o dádiva
candidate_spelling	dicer	1	dice	dice, dicen, dices, decir	dicer -> dice	2021 Wimmer	2021-wimmer:021198	mahuizauhcatlatoani	Traducción (es)	dicer de cosas maravillosas
candidate_spelling	dichosam	1	dichosa	dichosa, dichosas	dichosam -> dichosa	1780 ? Bnf_361	1780-bnf-361:024063	tlacnopilhuiliztica	Traducción	dichosam(en)te ser bienaventurado
candidate_spelling	diciplinas	1	disciplinas	disciplinas	diciplinas -> disciplinas	1571 Molina 2	1571-molina-2:008838	huitequi  +	Traducción	azotar a otro con cuerdas o diciplinas
candidate_spelling	diciplo	1	discípulo	discípulo, disipo	diciplo -> discípulo	153? Trilingüe	153-trilingue:011420	tlamachtilli	Traducción	discípulo o diciplo
candidate_spelling	dict	1	dice	dice, dic, dictó, dicta, dicte, dicto	dict -> dice	1780 ? Bnf_361	1780-bnf-361:020093	tenxiquipillotiuh	Traducción	rezongar. (n.c. marginale dict.d.s.)
candidate_spelling	dido	1	dodo	dodo, dijo, sido, digo, dado, dudo	dido -> dodo	1547 Olmos_V ?	1547-olmos-v:001109	mapilhuia	Traducción	señalar con el dido [dedo]
candidate_spelling	dieara	1	diera	diera, ideara, ideará	dieara -> diera	153? Trilingüe	153-trilingue:009328	tepetla	Traducción	serrauia dieara montañesa
candidate_spelling	diener	1	dieren	dieren, diere	diener -> dieren	2021 Wimmer	2021-wimmer:036408	aachti	Traducción (es)	v.t. tē-., estar al servicio de alguien, ser su paje, su ayuda de cámara. pecho diener
candidate_spelling	dies	1	dius	dius, diez, dices, pies, des, diles	dies -> dius	153? Trilingüe	153-trilingue:005789	matlacicxitl	Traducción	medida en dies pies
candidate_spelling	difavor	1	disfavor	disfavor	difavor -> disfavor	1780 ? Bnf_361	1780-bnf-361:021362	tetelchihua	Traducción	peer en difavor de otro
candidate_spelling	diferentemiente	1	diferentemente	diferentemente	diferentemiente -> diferentemente	153? Trilingüe	153-trilingue:005742	amo tequixtica	Traducción	diferentemiente así
candidate_spelling	differenciar	1	diferenciar	diferenciar	differenciar -> diferenciar	1571 Molina 2	1571-molina-2:012890	acan tetlanehui	Traducción	cosa muy semejante a otra, que no se puede differenciar la una de la otra
candidate_spelling	differencias	1	diferencias	diferencias	differencias -> diferencias	1571 Molina 2	1571-molina-2:008973	icac?  +	Traducción	cuántas differencias o maneras de cosas son?
candidate_spelling	differir	1	diferir	diferir	differir -> diferir	1571 Molina 1	1571-molina-1:012396	huihuiptlatlaztiuh	Traducción	tras mañana differir
candidate_spelling	difficile	1	difícil	difícil, difíciles, dificulte	difficile -> difícil	1780 ? Bnf_361	1780-bnf-361:024270	tlacoyo	Traducción	trabajosa cosa. (... difficile)
candidate_spelling	diflates	1	dislates	dislates, dilates	diflates -> dislates	1780 ? Bnf_361	1780-bnf-361:027898	tlapololtia	Traducción	devanear, o hacer desatinos, y diflates
candidate_spelling	diforme	1	deforme	deforme, deformé, disforme, biforme	diforme -> deforme	1765 Cortés y Zedeño	1765-cortes-y-zedeno:004114	tetzcuino	Traducción	diforme, cosa fea
candidate_spelling	dilignete	1	diligente	diligente	dilignete -> diligente	1780 ? Bnf_361	1780-bnf-361:023347	tlacahuia	Traducción	desenvolverse alguno, y ser dilignete
candidate_spelling	dioscórides	1	discordias	discordias, discordes	dioscórides -> discordias	1780 Clavijero	1780-clavijero:001161	icelacocotli	Traducción	el romero fecundo de dioscórides
candidate_spelling	dira	1	Kira	Kira, Eira, mira, diya, tira, dura	dira -> Kira	17?? Bnf_362bis	17-bnf-362bis:000211	huecayohuac  +	Traducción	todavía es muy de noche. esto se dice: al amanecer; pero al anochecer se dira: ye yohuac. ya es de noche
candidate_spelling	disaplan	1	disparan	disparan	disaplan -> disparan	1780 ? Bnf_361	1780-bnf-361:010291	ixcocoliztli	Traducción	mal de ojos. hoy disaplan
candidate_spelling	discretam	1	discreta	discreta, discretas	discretam -> discreta	1780 ? Bnf_361	1780-bnf-361:025356	tlaixaxiliztica	Traducción	discretam(en)te
candidate_spelling	disenteria	1	disentiría	disentiría	disenteria -> disentiría	1571 Molina 2	1571-molina-2:001840	tlecoacihuiztli	Traducción	disenteria, enfermedad
candidate_spelling	disfrázcase	1	disfraces	disfraces, disfrazase	disfrázcase -> disfraces	1547 Olmos_V ?	1547-olmos-v:001480	pilitoa	Traducción	hacerse señor disfrázcase de ese
candidate_spelling	disiendo	1	diciendo	diciendo, disiento, distiendo	disiendo -> diciendo	17?? Bnf_362	17-bnf-362:004835	tlalpoloa	Traducción	el modo con que ellos expliquan lo último de la borrachera es disiendo [eso]
candidate_spelling	disiordes	1	discordes	discordes	disiordes -> discordes	1780 ? Bnf_361	1780-bnf-361:012929	motlahuelitinemi	Traducción	disiordes, y enemistados
candidate_spelling	dispesto	1	dispuesto	dispuesto, despisto	dispesto -> dispuesto	1780 ? Bnf_361	1780-bnf-361:017086	piltic	Traducción	dispesto gentil hombre; gentil y hermoso hombre o mujer
candidate_spelling	disputación	1	diputación	diputación	disputación -> diputación	153? Trilingüe	153-trilingue:000618	tlatzohuiliztli	Traducción	disputación
candidate_spelling	distiguida	1	distinguida	distinguida	distiguida -> distinguida	1780 ? Bnf_361	1780-bnf-361:023660	tlacecentlamantililli	Traducción	distiguida cosa
candidate_spelling	distilada	1	destilada	destilada, disipada, distienda, dislalia, disimilada	distilada -> destilada	1571 Molina 2	1571-molina-2:001424	tlaxitzalli	Traducción	cosa exprimida, o distilada
candidate_spelling	distilando	1	destilando	destilando, disipando, distiendo, distando, disimilando	distilando -> destilando	1629 Alarcón	1629-alarcon:000806	ixhua	Traducción	que se descuelgan distilando
candidate_spelling	distincta	1	distinta	distinta	distincta -> distinta	1571 Molina 2	1571-molina-2:000666	tlatlatlamantiliztica	Traducción	distincta o dividida cosa de esta manera
candidate_spelling	distraherse	1	distraerse	distraerse, distrajeres	distraherse -> distraerse	1571 Molina 2	1571-molina-2:009163	amana	Traducción	distraherse interiormente, turbarse alborotarse o desasosegarse
candidate_spelling	ditarme	1	datarme	datarme, dictare	ditarme -> datarme	1571 Molina 2	1571-molina-2:015069	nocommati	Traducción	ditarme o acusarme. s. la conciencia, o sentir y entender algo interiormente
candidate_spelling	diuidise	1	ndiuidise	ndiuidise	diuidise -> ndiuidise	1571 Molina 2	1571-molina-2:012491	mieccan quiztica	Traducción	diuidise en muchas partes diferentes unas de otras
candidate_spelling	diuinales	1	divinales	divinales, digitales	diuinales -> divinales	1571 Molina 2	1571-molina-2:018877	teochihua	Traducción	hacer oración, darse adiós, o celebrar los oficios diuinales
candidate_spelling	diuisión	1	división	división, dimisión	diuisión -> división	1571 Molina 2	1571-molina-2:020500	texexeloa	Traducción	el que desquartiza a otro, y le hace pedazos, o el que pone diuisión entre algunos
candidate_spelling	divin	1	diván	diván, divim, divii, divid, divic, divil	divin -> diván	2021 Wimmer	2021-wimmer:038786	tlahuitecqui	Traducción (es)	quien golpea, sacude las cosas. / n.divin, uno de los tres
candidate_spelling	divinis	1	dividís	dividís	divinis -> dividís	17?? Bnf_362	17-bnf-362:003873	tatli	Traducción	padre, el que lo es común, teta y por eso llaman con este nombre a la primera persona in divinis; hermano de mi padre, o tío
candidate_spelling	divujada	1	dibujada	dibujada	divujada -> dibujada	1780 ? Bnf_361	1780-bnf-361:001220	tlatlilanilli	Traducción	cosa divujada
candidate_spelling	doctrinable	1	doctrinales	doctrinales, doctrinal, doctrinaba, doctrinaban, doctrinabas, doctrinare	doctrinable -> doctrinales	1571 Molina 2	1571-molina-2:011533	machtiloni	Traducción	dócil o doctrinable
candidate_spelling	doctrinán	1	doctrina	doctrina, doctrinas, doctrinal, adoctrinan, doctrinan, doctrinar	doctrinán -> doctrina	1571 Molina 2	1571-molina-2:018770	tenonotzaloyan	Traducción	lugar dónde doctrinán y enseñan
candidate_spelling	dode	1	donde	donde, dodo, doce, dude, done, dote	dode -> donde	1547 Olmos_V ?	1547-olmos-v:000609	cuepa	Traducción	volverse de dode fue
candidate_spelling	dokor	1	dolor	dolor, doro	dokor -> dolor	1780 ? Bnf_361	1780-bnf-361:017869	quiquinaca	Traducción	gemir con dokor
candidate_spelling	dolada	1	dotada	dotada, dorada, dolida, doblada, donada, volada	dolada -> dotada	1571 Molina 1	1571-molina-1:002202	tlaxintli	Traducción	dolada cosa
candidate_spelling	domir	1	Domi	Domi, dormir, domar	domir -> Domi	153? Trilingüe	153-trilingue:002245	cenca nicochi	Traducción	domir mucho
candidate_spelling	dondo	1	donde	donde, dodo, dando, fondo, dónde, rondo	dondo -> donde	1780 ? Bnf_361	1780-bnf-361:003878	tzatzatzini	Traducción	clamoroso dondo voces
candidate_spelling	donner	1	donar	donar, donen, dones, donare, donaren, Donner	donner -> donar	1780 ? Bnf_361	1780-bnf-361:001441	tlatolli quitlatia	Traducción	memorial p. 58... aujourd'hui signifie donner la parole...
candidate_spelling	donosomente	1	dolosamente	dolosamente	donosomente -> dolosamente	153? Trilingüe	153-trilingue:000277	tlatlaquetzca	Traducción	donosomente
candidate_spelling	doradorado	1	doradora	doradora, doradoras	doradorado -> doradora	1598 Tezozomoc	1598-tezozomoc:000904	icxipepetlactli	Traducción	cuero doradorado [que se pone en] las gargantas de los pies
candidate_spelling	dotrinado	1	doctrinado	doctrinado	dotrinado -> doctrinado	1780 ? Bnf_361	1780-bnf-361:002693	tlazcaltilli	Traducción	disciplinado o dotrinado
candidate_spelling	doyte	1	doy	doy, dote, doté	doyte -> doy	1571 Molina 2	1571-molina-2:015985	otinechmocnelili	Traducción	doyte gracias por la merced que me hiciste
candidate_spelling	doze	1	doce	doce, done, dome, dote, dore	doze -> doce	2021 Wimmer	2021-wimmer:011616	cocochtica	Traducción (es)	v.i., snooze, doze. / v.i., dormitar, o cabecear de sueño
candidate_spelling	dubdando	1	dudando	dudando	dubdando -> dudando	1571 Molina 2	1571-molina-2:011883	mati	Traducción	pensar dubdando si sera así o no o encarnizarse
candidate_spelling	dubdar	1	dudar	dudar	dubdar -> dudar	1547 Olmos_V ?	1547-olmos-v:000377	yoltzotzona	Traducción	dubdar en la fe
candidate_spelling	dubdosa	1	dudosa	dudosa	dubdosa -> dudosa	1571 Molina 2	1571-molina-2:011591	amo neltitica	Traducción	cosa dubdosa, o que está en condición
candidate_spelling	dubdosoo	1	dudoso	dudoso	dubdosoo -> dudoso	1547 Olmos_V ?	1547-olmos-v:000374	yolpachihuitia	Traducción	satisfacer a lo que está dubdosoo hambriento
candidate_spelling	dudablemente	1	mudablemente	mudablemente	dudablemente -> mudablemente	2021 Wimmer	2021-wimmer:026646	neyolpololiztica	Traducción (es)	dudablemente, por olvido
candidate_spelling	duecho	1	ducho	ducho, duchó	duecho -> ducho	153? Trilingüe	153-trilingue:001755	xpiyano	Traducción	cristiano duecho de cristo
candidate_spelling	duerne	1	duerme	duerme, duermen, duelen	duerne -> duerme	1780 ? Bnf_361	1780-bnf-361:003992	tzicunoltia	Traducción	espantar al que duerne
candidate_spelling	dulcedo	1	dulcero	dulcero	dulcedo -> dulcero	1780 ? Bnf_361	1780-bnf-361:004246	tzopelicayot	Traducción	dulcedumbre. dulcedo. dulzón. dulzura
candidate_spelling	dulcedúmbre	1	dulcedumbres	dulcedumbres, dulcedumbre	dulcedúmbre -> dulcedumbres	1571 Molina 2	1571-molina-2:019074	teoyotica teyolquima	Traducción	gusto o dulcedúmbre espiritual
candidate_spelling	duramento	1	duramente	duramente, juramento	duramento -> duramente	1780 ? Bnf_361	1780-bnf-361:018562	tecococa	Traducción	duramento difícil, y cruel cosa; y rigurosamente
candidate_spelling	durmia	1	durmió	durmió, dormía	durmia -> durmió	1547 Olmos_V ?	1547-olmos-v:000527	cochuia	Traducción	y si durmia
candidate_spelling	eatar	1	estar	estar, catar, atar, datar, Qatar, reatar	eatar -> estar	1571 Molina 2	1571-molina-2:002800	tzinichotia	Traducción	juntar eatar plumas ricas para poner las en algún plumaje que se hace de ellas, o en alguna imagen o fundar alguna plática sobre alguna autoridad de escritura divina o humana
candidate_spelling	eaya	1	gaya	gaya, vaya, haya, maya, raya, yaya	eaya -> gaya	1571 Molina 2	1571-molina-2:003189	xi	Traducción	así. admirándose o vedando algo, o eaya, o exe para oxear perro, o harrepara acémila. adv
candidate_spelling	ecceder	1	acceder	acceder, exceder	ecceder -> acceder	1571 Molina 1	1571-molina-1:027932	tepanahuia	Traducción	ecceder o sobrepujara otro
candidate_spelling	echacueruo	1	echacuervos	echacuervos	echacueruo -> echacuervos	1571 Molina 1	1571-molina-1:013118	iconaqui  +	Traducción	echacueruo
candidate_spelling	echandola	1	echando	echando, echándola, echadora	echandola -> echando	1780 ? Bnf_361	1780-bnf-361:027884	tlapolactilli	Traducción	hundida cosa echandola a lo hondo
candidate_spelling	echaua	1	echaba	echaba, echara, echará, echada	echaua -> echaba	1571 Molina 2	1571-molina-2:007444	cuepa  +	Traducción	echar la culpa de algo, al que me la echaua, vengarme de la injuria, o penar a otro por la pena del talión
candidate_spelling	echicar	1	achicar	achicar, enchichar	echicar -> achicar	1780 ? Bnf_361	1780-bnf-361:017033	piciloa	Traducción	echicar algo
candidate_spelling	echisado	1	hechizado	hechizado	echisado -> hechizado	1780 ? Bnf_361	1780-bnf-361:002311	tlaxoxalli	Traducción	aojado o echisado
candidate_spelling	ecleciastica	1	eclesiástica	eclesiástica	ecleciastica -> eclesiástica	1780 ? Bnf_361	1780-bnf-361:005550	iglesia tetlatzacuiltiliztli	Traducción	censura, pena ecleciastica
candidate_spelling	ecudrinar	1	escudriñar	escudriñar	ecudrinar -> escudriñar	1780 ? Bnf_361	1780-bnf-361:010870	ixtotoca	Traducción	ecudrinar lo que hay en algún lugar, cautelosamente, o con curiocidad
candidate_spelling	edificiolo	1	edificio	edificio	edificiolo -> edificio	1571 Molina 1	1571-molina-1:027980	tepantli  +	Traducción	pareja pared o edificiolo; l; alto del
candidate_spelling	egañando	1	ganando	ganando, engañando, emanando, regañando	egañando -> ganando	1780 ? Bnf_361	1780-bnf-361:019195	teixcuepani	Traducción	embaidor; hipócrita simulador; embarcador; hechicero; falsa cosa que engaña; engañador, o cautelos, egañando a otro con apariencia de bien
candidate_spelling	ejea	1	enea	enea, ejem, ejes, eje, ojea, eje a	ejea -> enea	153? Trilingüe	153-trilingue:009761	tetlachialiani	Traducción	ejea
candidate_spelling	elarme	1	alarme	alarme, alarmé, larme, e larme	elarme -> alarme	1571 Molina 1	1571-molina-1:004595	cecmiqui	Traducción	elarme de frío
candidate_spelling	elbaruero	1	elabore	elabore	elbaruero -> elabore	1571 Molina 2	1571-molina-2:018437	ayoichiqui	Traducción	rapar o raer bien el pelo elbaruero
candidate_spelling	elcima	1	Elcira	Elcira, encima	elcima -> Elcira	1571 Molina 2	1571-molina-2:008030	eltepotlamia	Traducción	lo mismo es que elcima
candidate_spelling	electión	1	elección	elección, electrón	electión -> elección	1571 Molina 2	1571-molina-2:008522	huelnetlatlattiliztli	Traducción	escogimiento, o electión de lo mejor y mas excelente
candidate_spelling	elegamente	1	elegante	elegante	elegamente -> elegante	1780 ? Bnf_361	1780-bnf-361:017069	pillatolli	Traducción	habla elegamente
candidate_spelling	elegantem	1	elegante	elegante, elegantes	elegantem -> elegante	1780 ? Bnf_361	1780-bnf-361:002451	tlayecchichihualiztica	Traducción	elegantem(en)te es galana la cosa
candidate_spelling	elemantal	1	elemental	elemental	elemantal -> elemental	153? Trilingüe	153-trilingue:000608	tlatzintiloni	Traducción	elemantal cosa
candidate_spelling	elgo	1	algo	algo, ello, lego, ergo, elfo, ego	elgo -> algo	1780 ? Bnf_361	1780-bnf-361:003064	tlilihui	Traducción	ennegrecerse por elgo
candidate_spelling	elke	1	erke	erke, elle, ele, Elke, else	elke -> erke	2021 Wimmer	2021-wimmer:039549	calpoltlaxilacalli	Traducción (es)	parece designar en chimalpahin el territorio ocupado por la comunidad humana denominada calpolli. elke ruhnau. la organización política de chalco 21
candidate_spelling	eloquencia	1	elocuencia	elocuencia	eloquencia -> elocuencia	153? Trilingüe	153-trilingue:008556	tecpillatoliztli	Traducción	eloquencia
candidate_spelling	elosar	1	glosar	glosar, losar, enlosar, e losar	elosar -> glosar	1780 ? Bnf_361	1780-bnf-361:011900	melahua	Traducción	elosar; perpetuar o continuar; pasar caminando; enderezar algo
candidate_spelling	elotro	1	esotro	esotro	elotro -> esotro	1571 Molina 2	1571-molina-2:014541	netechmotla  +	Traducción	ludir el un tobillo con elotro, cuando caminamos y nos lastimamos
candidate_spelling	elpico	1	épico	épico, espicho	elpico -> épico	1571 Molina 1	1571-molina-1:027063	tempoztequi	Traducción	despicar, s: quitar elpico al ave
candidate_spelling	eltiémpo	1	eltiémmo	eltiémmo	eltiémpo -> eltiémmo	1571 Molina 2	1571-molina-2:015988	otlacalanta	Traducción	ha aclarado eltiémpo después de la tempestad del aguacero
candidate_spelling	elvnola	1	elvwnola	elvwnola	elvnola -> elvwnola	1571 Molina 2	1571-molina-2:011528	machochoa	Traducción	abrazarse dos poniendo elvnola cabeza en el cuello del otro
candidate_spelling	elya	1	ella	ella, elfa, Elda	elya -> ella	1571 Molina 1	1571-molina-1:030897	tizatl	Traducción	barniz otro blanco no tan bueno como elya dicho
candidate_spelling	emfrentar	1	enfrentar	enfrentar, enfrentará, enfrenta, enfrentan, enfrentara, enfrentas	emfrentar -> enfrentar	1780 ? Bnf_361	1780-bnf-361:020968	tepozticanitlacuiloa	Traducción	emfrentar
candidate_spelling	emmantado	1	enmantado	enmantado	emmantado -> enmantado	1571 Molina 2	1571-molina-2:020939	cahuallo  +	Traducción	caballo emmantado
candidate_spelling	emmarañado	1	enmarañado	enmarañado, emmarañawo	emmarañado -> enmarañado	17?? Bnf_362	17-bnf-362:003548	pazoltic	Traducción	el que está emmarañado; lana de ovejas
candidate_spelling	emmaxcararse	1	enmascarares	enmascarares	emmaxcararse -> enmascarares	1571 Molina 2	1571-molina-2:003160	xayacatia	Traducción	emmaxcararse con ruynes costumbres
candidate_spelling	emmohecida	1	enmohecida	enmohecida	emmohecida -> enmohecida	1571 Molina 2	1571-molina-2:003755	xoxocauhqui	Traducción	emmohecida cosa, o mohosa
candidate_spelling	emmohecido	1	enmohecido	enmohecido	emmohecido -> enmohecido	1780 ? Bnf_361	1780-bnf-361:004973	xoxocauhqui	Traducción	emmohecido algo
candidate_spelling	emolestia	1	molestia	molestia, e molestia	emolestia -> molestia	1780 ? Bnf_361	1780-bnf-361:022206	tetoliniliztli	Traducción	empobrecim(ein(to a otro; agravio; empecimeinto de otro; aflicción, o afligimeinto; emolestia
candidate_spelling	empachosamente	1	espaciosamente	espaciosamente	empachosamente -> espaciosamente	1571 Molina 2	1571-molina-2:019266	tepinahualiztica	Traducción	empachosamente
candidate_spelling	empar	1	impar	impar	empar -> impar	1571 Molina 2	1571-molina-2:024029	tlapouhticac	Traducción	puerta abierta de par empar, o cosa semejante
candidate_spelling	empatronada	1	empadronada	empadronada	empatronada -> empadronada	1571 Molina 2	1571-molina-2:000844	tlatocaicuilolli	Traducción	empatronada persona o escrita en la matricula
candidate_spelling	empatronado	1	empadronado	empadronado	empatronado -> empadronado	1571 Molina 2	1571-molina-2:000893	tlatocayotilli	Traducción	esclarecido así, o empatronado y escrito en la matricula
candidate_spelling	empecimeinto	1	empecinamiento	empecinamiento, emperramiento, empacamiento	empecimeinto -> empecinamiento	1780 ? Bnf_361	1780-bnf-361:022206	tetoliniliztli	Traducción	empobrecim(ein(to a otro; agravio; empecimeinto de otro; aflicción, o afligimeinto; emolestia
candidate_spelling	empedernicida	1	empedernida	empedernida	empedernicida -> empedernida	1780 ? Bnf_361	1780-bnf-361:021170	tequizqui	Traducción	empedernicida cosa de nieve
candidate_spelling	empellejado	1	emparejado	emparejado, empelotado, empellado, empellendo	empellejado -> emparejado	153? Trilingüe	153-trilingue:010911	tlaehuayotilli	Traducción	empellejado
candidate_spelling	empeoralse	1	empeorase	empeorase, empeorares, empeorases, empellares	empeoralse -> empeorase	1547 Olmos_V ?	1547-olmos-v:001352	ohuiti	Traducción	empeoralse en la vida
candidate_spelling	emperesarse	1	emperezarse	emperezarse, emperrases	emperesarse -> emperezarse	17?? Bnf_362	17-bnf-362:000164	tlatziuhcanequia	Traducción	entibiarse o emperesarse en las cosas buenas
candidate_spelling	empeso	1	empezó	empezó, empeño, espeso, empeñó, espesó, empego	empeso -> empezó	1571 Molina 2	1571-molina-2:008403	huel iuhceyohual	Traducción	toda la noche empeso, o entera
candidate_spelling	empeyne	1	empeine	empeine, empeñe, emperne, emperné, empellen	empeyne -> empeine	2021 Wimmer	2021-wimmer:006242	xiyoti	Traducción (es)	v.i., tiene costras, sarna, etc. / v.i., empeyne tener
candidate_spelling	empiar	1	espiar	espiar, empinar, expiar	empiar -> espiar	153? Trilingüe	153-trilingue:003837	ehuatiquetza ^	Traducción	empiar o enhestar
candidate_spelling	empladamente	1	templadamente	templadamente	empladamente -> templadamente	1780 ? Bnf_361	1780-bnf-361:000632	tlatlahuanaliztli	Traducción	borrachez empladamente (sic)
candidate_spelling	emplagamento	1	emplazamiento	emplazamiento, empalamiento, empalagamiento	emplagamento -> emplazamiento	1780 ? Bnf_361	1780-bnf-361:025219	tlaihiyaliztli	Traducción	emplagamento
candidate_spelling	emplazam	1	emplazar	emplazar, emplazan, emplaza, emplazas, empalma, emplazad	emplazam -> emplazar	1780 ? Bnf_361	1780-bnf-361:021945	tetlatenehuiliztli	Traducción	emplazam(ien(to
candidate_spelling	emplearqe	1	emplearé	emplearé, empleare	emplearqe -> emplearé	1780 ? Bnf_361	1780-bnf-361:015573	ocalac	Traducción	embocado; venderse y emplearqe la mercadería aquí
candidate_spelling	empobrecim	1	empobreció	empobreció, empobrecía, empobrecí	empobrecim -> empobreció	1780 ? Bnf_361	1780-bnf-361:022206	tetoliniliztli	Traducción	empobrecim(ein(to a otro; agravio; empecimeinto de otro; aflicción, o afligimeinto; emolestia
candidate_spelling	emponsoñado	1	emponzoñado	emponzoñado	emponsoñado -> emponzoñado	1780 ? Bnf_361	1780-bnf-361:025630	tlaiztlacmintli	Traducción	emponsoñado por mordedura de la vivora
candidate_spelling	empozoñada	1	emponzoñada	emponzoñada	empozoñada -> emponzoñada	1571 Molina 2	1571-molina-2:011401	iztlacmitl	Traducción	saeta empozoñada
candidate_spelling	empredrado	1	empedrado	empedrado, emperrado	empredrado -> empedrado	153? Trilingüe	153-trilingue:007356	ochpantlatepechmantli	Traducción	calzada camino empredrado
candidate_spelling	empreñaniento	1	emperramiento	emperramiento	empreñaniento -> emperramiento	1780 ? Bnf_361	1780-bnf-361:020369	teotztiliztli	Traducción	empreñaniento
candidate_spelling	empréntar	1	emparentar	emparentar, empuntar	empréntar -> emparentar	1571 Molina 2	1571-molina-2:019472	tepoztlacopina	Traducción	empréntar, o imprimir libros
candidate_spelling	empujadro	1	empujado	empujado, empujadlo	empujadro -> empujado	1780 ? Bnf_361	1780-bnf-361:022229	tetopehuani	Traducción	arrojador, o empujadro de otro
candidate_spelling	empujameinto	1	emperramiento	emperramiento, empalamiento, empañamiento, empinamiento, empapamiento, empacamiento	empujameinto -> emperramiento	1780 ? Bnf_361	1780-bnf-361:022228	tetopehualiztli	Traducción	empujón; arrojamiento, o empujameinto de otro; resistencia; empellón, o empujón
candidate_spelling	empukando	1	empujando	empujando, empuñando	empukando -> empujando	1780 ? Bnf_361	1780-bnf-361:001538	tlatopehualiztica	Traducción	empukando madero o cosa así
candidate_spelling	empuxada	1	empujada	empujada, empuñada	empuxada -> empujada	1571 Molina 2	1571-molina-2:001032	tlatopeuhtli	Traducción	cosa empuxada así
candidate_spelling	empuxarlo	1	empurarlo	empurarlo, empujarlo	empuxarlo -> empurarlo	1571 Molina 2	1571-molina-2:017547	teca ninotopehua	Traducción	dar de codo a otro con menos precio y empuxarlo, o mofar del
candidate_spelling	enacabando	1	encaminado	encaminado, encargando, encarando, encadenado, encarnado, encajando	enacabando -> encaminado	1571 Molina 2	1571-molina-2:010017	ino ontemachtiloc	Traducción	después que hayan predicado o después de predicado, o enacabando de predicar o de enseñar. etcétera
candidate_spelling	enalarde	1	enlarde	enlarde, enalbarde, enalbardé	enalarde -> enlarde	1571 Molina 2	1571-molina-2:022300	tlahuiznextiliztli	Traducción	el acto de salir enalarde así
candidate_spelling	encabellado	1	encabezado	encabezado, encaballado, encebadado	encabellado -> encabezado	153? Trilingüe	153-trilingue:001404	tzoncalle	Traducción	encabellado
candidate_spelling	encalavecerse	1	encalvecieres	encalvecieres, encalvecerse	encalavecerse -> encalvecieres	153? Trilingüe	153-trilingue:003568	cuaxipetzihui	Traducción	encalavecerse
candidate_spelling	encaluecer	1	encallecer	encallecer, encalvecer	encaluecer -> encallecer	1571 Molina 1	1571-molina-1:010242	cuaxipetzoa	Traducción	encaluecer a otro
candidate_spelling	encaluecerse	1	encallecieres	encallecieres, encalvecieres	encaluecerse -> encallecieres	1571 Molina 1	1571-molina-1:010239	cuaxipetzihui	Traducción	encaluecerse
candidate_spelling	encandiar	1	encandilar	encandilar	encandiar -> encandilar	1780 ? Bnf_361	1780-bnf-361:010485	ixmimictia	Traducción	encandiar
candidate_spelling	encanonarse	1	encañonase	encañonase, encajonares, encañonares, encañonare	encanonarse -> encañonase	1780 ? Bnf_361	1780-bnf-361:009301	ihuiyoquiza	Traducción	encanonarse las aves; emplumecer
candidate_spelling	encarcajado	1	encaramado	encaramado, encarrujado, encorajado, encarrujadas, encarrujada, encarrujando	encarcajado -> encaramado	153? Trilingüe	153-trilingue:006079	miconitquitinemini	Traducción	encarcajado
candidate_spelling	encarcarlo	1	encarcelo	encarcelo, encorralo	encarcarlo -> encarcelo	1780 ? Bnf_361	1780-bnf-361:004341	xacaloa	Traducción	flechar el arco. encarcarlo
candidate_spelling	encargade	1	encargada	encargada, encargado, encargare, encargase, encargaré, encargad	encargade -> encargada	1780 ? Bnf_361	1780-bnf-361:021308	tetech tlacahualli	Traducción	cosa comprometida en manos de alguno; encargade cosa de algo por otro
candidate_spelling	encarnecedor	1	escarnecedor	escarnecedor, encarecedor	encarnecedor -> escarnecedor	153? Trilingüe	153-trilingue:000146	teca huetzcani	Traducción	mofador encarnecedor
candidate_spelling	encarselado	1	encarseladz	encarseladz	encarselado -> encarseladz	1780 ? Bnf_361	1780-bnf-361:025869	tlalpilli	Traducción	encarselado(sic) otro
candidate_spelling	encarvecer	1	encarecer	encarecer, encarnecer, encalvecer	encarvecer -> encarecer	1780 ? Bnf_361	1780-bnf-361:007513	cuaxipetzoa	Traducción	encarvecer a otro
candidate_spelling	encaso	1	escaso	escaso, encausó, envaso, envasó, encauso, encaros	encaso -> escaso	1780 ? Bnf_361	1780-bnf-361:020228	teolle	Traducción	encaso (sentido incierto)
candidate_spelling	encasobonar	1	ensalobran	ensalobran	encasobonar -> ensalobran	1780 ? Bnf_361	1780-bnf-361:018596	teconalhuia	Traducción	encasobonar algo
candidate_spelling	encaxa	1	encara	encara, encaja, encana, encalla, encama, encala	encaxa -> encara	1571 Molina 2	1571-molina-2:023170	tlanamictiani	Traducción	el que empareja, o encaxa algo
candidate_spelling	encaxes	1	encajes	encajes, encause, encames, encares, encanes, encales	encaxes -> encajes	1571 Molina 2	1571-molina-2:005863	chiquimoloa	Traducción	hacer encaxes, o muescas en palos o piedras
candidate_spelling	encenderce	1	encender	encender, encenderá, encenderán, encenderé, encendería, encenderás	encenderce -> encender	1780 ? Bnf_361	1780-bnf-361:002892	tlehualaniinnoyollo	Traducción	encenderce de ira
candidate_spelling	encenditamente	1	encendidamente	encendidamente	encenditamente -> encendidamente	153? Trilingüe	153-trilingue:000136	tlatlaca	Traducción	encenditamente
candidate_spelling	encerram	1	encerrar	encerrar, encerar, enceran, enceras, encerrad, enceraré	encerram -> encerrar	1780 ? Bnf_361	1780-bnf-361:022276	tetzatzacualiztli	Traducción	encerram(ien(to de alguno
candidate_spelling	encien	1	envíen	envíen, encimen, encone, encune	encien -> envíen	1571 Molina 2	1571-molina-2:011601	macuilpohualcan	Traducción	encien partes, o lugares
candidate_spelling	encilar	1	enfilar	enfilar, encelar, encolar, encimar, ensilar, enhilar	encilar -> enfilar	1780 ? Bnf_361	1780-bnf-361:025755	tlallancuezcomac nitlatlatia	Traducción	encilar pan
candidate_spelling	encillada	1	encallada	encallada, enchilada, ensillada	encillada -> encallada	1780 ? Bnf_361	1780-bnf-361:028102	tlasillatlalililli	Traducción	encillada bestia
candidate_spelling	enclaua	1	encalla	encalla, enclava, encala	enclaua -> encalla	1571 Molina 2	1571-molina-2:021798	tlacuamminqui	Traducción	el que enclaua algo con tarugos
candidate_spelling	encobado	1	enconado	enconado, encolado, escobado, encorado, encebado, encubado	encobado -> enconado	153? Trilingüe	153-trilingue:003120	coltic	Traducción	encobado
candidate_spelling	encolerisado	1	encolerizado	encolerizado	encolerisado -> encolerizado	1780 ? Bnf_361	1780-bnf-361:024915	tlahuelcuini	Traducción	apitonado, encolerisado, furioso, airado
candidate_spelling	encomar	1	enconar	enconar, encamar, encolar, encimar, engomar, enromar	encomar -> enconar	153? Trilingüe	153-trilingue:009697	tetencualacuia ^	Traducción	encomar
candidate_spelling	enconam	1	enciman	enciman, enconan, enconar, encona, encaman, enconas	enconam -> enciman	1780 ? Bnf_361	1780-bnf-361:021788	tetlanalhuiliztli	Traducción	enconam(ien(to de llaga, o cosa semejante
candidate_spelling	encondada	1	enconada	enconada, encordada, encongada	encondada -> enconada	1780 ? Bnf_361	1780-bnf-361:015848	ohuitic	Traducción	encondada llaga
candidate_spelling	encopalar	1	encapotar	encapotar, encolara, encorralar	encopalar -> encapotar	1571 Molina 2	1571-molina-2:006443	copalhuia	Traducción	encopalar alguna cosa, así como encerado
candidate_spelling	encorporarse	1	encordonares	encordonares, encocorares	encorporarse -> encordonares	1765 Cortés y Zedeño	1765-cortes-y-zedeno:003055	nenepanoa	Traducción	encorporarse hermanablemente
candidate_spelling	encubertado	1	encuerado	encuerado, encabestrado	encubertado -> encuerado	1629 Alarcón	1629-alarcon:001495	tlamacazqui tlazopilli tlilpotonqui	Traducción	el frijol llaman [así], quiere decir: espiritado príncipe de mucha estima encubertado de negro
candidate_spelling	encubrim	1	encubrir	encubrir, encubrió, encubría, encubrí, encubrís, encubrid	encubrim -> encubrir	1780 ? Bnf_361	1780-bnf-361:025306	tlainayaliztli	Traducción	encubrim(ien)to de algo generalmente
candidate_spelling	encubrise	1	encubres	encubres, encubriste, encubriese, encubriré, encubrís	encubrise -> encubres	1780 ? Bnf_361	1780-bnf-361:027331	tlapachoa	Traducción	encubrise
candidate_spelling	encubuerto	1	encubierto	encubierto	encubuerto -> encubierto	1780 ? Bnf_361	1780-bnf-361:012762	monextiqui	Traducción	descubierto el que estaba encubuerto
candidate_spelling	encunbrarse	1	encumbrarse	encumbrarse, encumbrares	encunbrarse -> encumbrarse	1780 ? Bnf_361	1780-bnf-361:003034	tleyohua	Traducción	encunbrarse en honra
candidate_spelling	encénderse	1	encendieres	encendieres, encandeles, encandeces	encénderse -> encendieres	1571 Molina 2	1571-molina-2:009865	in  +	Traducción	encénderse de ira, o inflamar se el corazón
candidate_spelling	encéntada	1	encantada	encantada, encestada, encintada, encentada, encentara, encentaba	encéntada -> encantada	1571 Molina 2	1571-molina-2:023840	tlapehualtilli  +	Traducción	cosa encéntada
candidate_spelling	encónmendo	1	encóxnmendo	encóxnmendo	encónmendo -> encóxnmendo	1571 Molina 2	1571-molina-2:024113	cana	Traducción	tomar o comenzar a ejercitar el oficio o cargo que se me encónmendo, o agonizar y estar en pasamiento
candidate_spelling	enderecerse	1	endereces	endereces, enderezares, endurecieres	enderecerse -> endereces	1759 Paredes	1759-paredes:001973	tlamelahualtia	Traducción	enderecerse a
candidate_spelling	enderesa	1	endereza	endereza	enderesa -> endereza	1692 Guerra	1692-guerra:000882	tlamelahua	Traducción	yo voy derecho o enderesa
candidate_spelling	enderesamento	1	enderezamiento	enderezamiento	enderesamento -> enderezamiento	1780 ? Bnf_361	1780-bnf-361:026369	tlamelahualiztli	Traducción	enderesamento de algo
candidate_spelling	enderesarse	1	enderezarse	enderezarse, enderezares	enderesarse -> enderezarse	17?? Bnf_362	17-bnf-362:004890	tlamelahua	Traducción	enderesarse algo
candidate_spelling	endo	1	kendo	kendo, ando, vendo, yendo, indo, ende	endo -> kendo	1780 ? Bnf_361	1780-bnf-361:009238	icxitotoca	Traducción	menudear el paso y endo a prisa
candidate_spelling	endono	1	endoso	endoso, endosó	endono -> endoso	1571 Molina 2	1571-molina-2:008379	huehueyo;  +	Traducción	cosa que se me endono y ofreció como a viejo y anciano
candidate_spelling	endos	1	sendos	sendos, vendos, endoso, indos, endosó, endosa	endos -> sendos	1571 Molina 2	1571-molina-2:015329	occan	Traducción	en dos lugares, o endos partes
candidate_spelling	endureser	1	endurecer	endurecer	endureser -> endurecer	1780 ? Bnf_361	1780-bnf-361:024320	tlacua	Traducción	endureser algo (sic)
candidate_spelling	enecas	1	Eneas	Eneas, eneas, entecas, penecas	enecas -> Eneas	17?? Bnf_362	17-bnf-362:003758	quetolli	Traducción	encías; enecas
candidate_spelling	enefriada	1	enfriada	enfriada, enfermada	enefriada -> enfriada	1571 Molina 2	1571-molina-2:021310	tlacecelililli	Traducción	cosa fresca enefriada
candidate_spelling	enellas	1	encellas	encellas	enellas -> encellas	1571 Molina 2	1571-molina-2:007492	cuexantli	Traducción	haldas para llevar enellas algo
candidate_spelling	enemigable	1	enmendable	enmendable	enemigable -> enmendable	153? Trilingüe	153-trilingue:005085	tlein ohui itech pouhqui	Traducción	enemigable cosa así
candidate_spelling	enesto	1	encestó	encestó, Ernesto, encesto, enasto, enhestó, enastó	enesto -> encestó	1571 Molina 2	1571-molina-2:008391	huel  +	Traducción	aquí parece bien, o enesto se ve claramente. s. que es o no es así
candidate_spelling	enfermeda	1	enfermedad	enfermedad, enfermera, enfermada, enfermad	enfermeda -> enfermedad	1780 ? Bnf_361	1780-bnf-361:017339	pololtia	Traducción	olvidar el enojo, o pena que tengo de alguna cosa; disimular enfermeda; desechar algo del pensamiento; echar o desechar alguna cosa
candidate_spelling	enflaquesco	1	enflaquezco	enflaquezco	enflaquesco -> enflaquezco	1692 Guerra	1692-guerra:000652	pitzahua	Traducción	yo enflaquesco
candidate_spelling	enflaqueserce	1	enflaquecerse	enflaquecerse	enflaqueserce -> enflaquecerse	17?? Bnf_362	17-bnf-362:001985	huaquia	Traducción	secar; enflaqueserce
candidate_spelling	enfraido	1	enfriado	enfriado	enfraido -> enfriado	1780 ? Bnf_361	1780-bnf-361:010093	itzcalpatic	Traducción	fría cosa, muy fría, o enfraido mucho
candidate_spelling	enganarse	1	engranes	engranes, engañase, engañares, engatares, engallares, engranares	enganarse -> engranes	1780 ? Bnf_361	1780-bnf-361:014209	nencahua	Traducción	enganarse, o hallarse burlado
candidate_spelling	engastona	1	engarrotan	engarrotan, engastan	engastona -> engarrotan	1571 Molina 2	1571-molina-2:000094	tlateocuitlacalloti	Traducción	el que engastona algo en oro, o enplata
candidate_spelling	engañandole	1	engañando	engañando, engañándome	engañandole -> engañando	17?? Bnf_362	17-bnf-362:004473	cacayahua	Traducción	engañar a otro; burlar a otro engañandole
candidate_spelling	engañandolo	1	engañando	engañando, engañándolo	engañandolo -> engañando	1571 Molina 2	1571-molina-2:001376	tlaxiccuilia	Traducción	tomar algo a otro, engañandolo con trampantojos. etc.
candidate_spelling	engañandose	1	engañados	engañados, engañando, engañándose, engañadores	engañandose -> engañados	1571 Molina 2	1571-molina-2:011033	ixtlanehuia	Traducción	tomar, o tener uno por otro engañandose con la vista
candidate_spelling	engañasamte	1	engañaste	engañaste	engañasamte -> engañaste	1780 ? Bnf_361	1780-bnf-361:017572	quequeloliztica	Traducción	engañasamte o que uno engaño a otro
candidate_spelling	engedrar	1	engordar	engordar, engendrar	engedrar -> engordar	1547 Olmos_V ?	1547-olmos-v:001819	tlacatilia	Traducción	tratar bien o engedrar
candidate_spelling	engerto	1	enjerto	enjerto, enjertó	engerto -> enjerto	1780 ? Bnf_361	1780-bnf-361:007502	cuauhzalolli	Traducción	engerto
candidate_spelling	engeño	1	engaño	engaño, engañó, enseño	engeño -> engaño	1571 Molina 2	1571-molina-2:013692	necacayahualiztlatolli  +	Traducción	palabras de engeño, o de escarnecimiento
candidate_spelling	engorra	1	engordar	engordar, engorda, engrosar, engorro, engomar, engoma	engorra -> engordar	153? Trilingüe	153-trilingue:004082	huecahua	Traducción	engorra o tardanza
candidate_spelling	engorrando	1	engordando	engordando, engrosando, engomando, engoznado	engorrando -> engordando	153? Trilingüe	153-trilingue:004099	huecauhtica	Traducción	engorrando adverbio
candidate_spelling	engradecerse	1	engrandecerse	engrandecerse, engrandecieres	engradecerse -> engrandecerse	1780 ? Bnf_361	1780-bnf-361:005383	yehuatilia	Traducción	engradecerse, elevarse vanamente con soberbia
candidate_spelling	engradecido	1	engrandecido	engrandecido	engradecido -> engrandecido	1780 ? Bnf_361	1780-bnf-361:027494	tlapantlazalli	Traducción	engradecido otro
candidate_spelling	engrozar	1	engrosar	engrosar	engrozar -> engrosar	1780 ? Bnf_361	1780-bnf-361:003290	tomahua	Traducción	engrozar cosas largas o rollizas
candidate_spelling	engrudosa	1	engrudas	engrudas, engrudos, engrudos a	engrudosa -> engrudas	153? Trilingüe	153-trilingue:001317	tzaucyo	Traducción	engrudosa cosa
candidate_spelling	engrundar	1	engrudar	engrudar	engrundar -> engrudar	153? Trilingüe	153-trilingue:001312	tzauchuapahua	Traducción	engrundar
candidate_spelling	enhada	1	echada	echada, enfada	enhada -> echada	1571 Molina 2	1571-molina-2:013874	necuecuetlaxoliztli	Traducción	flojedad del que se enhada y cansa en la obra que comenzó
candidate_spelling	enhastada	1	engastada	engastada, enhestada, enhastiad, enhastiada, enastada	enhastada -> engastada	1571 Molina 2	1571-molina-2:021817	tlacuatepozotilli	Traducción	lanza enhastada, o cosa así
candidate_spelling	enhechizo	1	encenizo	encenizo, encenizó	enhechizo -> encenizo	1692 Guerra	1692-guerra:000137	xoxa	Traducción	yo enhechizo
candidate_spelling	enherecarse	1	enhuecares	enhuecares, enhorcares, enhuerares	enherecarse -> enhuecares	1547 Olmos_V ?	1547-olmos-v:001456	pazoloa	Traducción	enherecarse el peolo [erizarse el pelo]
candidate_spelling	enherizado	1	enharinado	enharinado, enhebillado	enherizado -> enharinado	1571 Molina 2	1571-molina-2:012998	mopazoloqui	Traducción	enherizado perro. etc.
candidate_spelling	enhetrado	1	enhebrado	enhebrado, enhetrido	enhetrado -> enhebrado	1780 ? Bnf_361	1780-bnf-361:008074	huapactic	Traducción	empedernido, o endurecido pan, o cosa semejante. enhetrado de miembro. tieso
candidate_spelling	enhetrados	1	enhebrados	enhebrados	enhetrados -> enhebrados	1571 Molina 2	1571-molina-2:016273	papatli	Traducción	cabellos enhetrados y largos de los ministros de los ídolos
candidate_spelling	enhoyo	1	enjoyo	enjoyo, enjoyó	enhoyo -> enjoyo	1571 Molina 2	1571-molina-2:021639	tlacomolhuia	Traducción	caer en barranco o enhoyo grande
candidate_spelling	eniesto	1	encestó	encestó, encesto, enfiesto, enfiestó, enhiesto	eniesto -> encestó	1780 ? Bnf_361	1780-bnf-361:008864	icac	Traducción	eniesto estar
candidate_spelling	enjabonandola	1	enjabonando	enjabonando, enjabonándolo	enjabonandola -> enjabonando	1780 ? Bnf_361	1780-bnf-361:020575	tepapacaliztli	Traducción	afrenta; o denuesto; baldón de una mujer a otra, enjabonandola; vituperio; enjabonamiento
candidate_spelling	enjondrar	1	encontrar	encontrar, engordar, encordar	enjondrar -> encontrar	1547 Olmos_V ?	1547-olmos-v:001794	tlacachihua	Traducción	enjondrar [engendrar] engordar
candidate_spelling	enlaboz	1	enlazo	enlazo	enlaboz -> enlazo	1571 Molina 2	1571-molina-2:002614	tozcanenehuilia	Traducción	entonar a los que cantan, o semejar a otro enlaboz, o en el canto
candidate_spelling	enlarge	1	enlarde	enlarde	enlarge -> enlarde	2021 Wimmer	2021-wimmer:029939	quechtomahua	Traducción (es)	v.impers., enlarge, hablando del cuello
candidate_spelling	enlati	1	enlata	enlata, enlate, enlato, enlató, enlaté	enlati -> enlata	1780 ? Bnf_361	1780-bnf-361:000129	tlatentlamachilli	Traducción	enlati?do engañando
candidate_spelling	enlaxiada	1	enlaciada	enlaciada, enlabiada	enlaxiada -> enlaciada	1780 ? Bnf_361	1780-bnf-361:027751	tlapipicholli	Traducción	enlaxiada mujer, o alagar alguno con palabras blandas
candidate_spelling	enlazamiénto	1	ensañamiento	ensañamiento, encauzamiento, ensalzamiento, envaramiento, encaramiento, entallamiento	enlazamiénto -> ensañamiento	1571 Molina 2	1571-molina-2:001226	tlatzohuiliztli	Traducción	el acto de enlazar algo, o enlazamiénto
candidate_spelling	enlisa	1	Elisa	Elisa, enlosa, ensila	enlisa -> Elisa	1780 ? Bnf_361	1780-bnf-361:002273	tlaxiyotilli	Traducción	enlisa de tela
candidate_spelling	enlodamento	1	enlodamiento	enlodamiento	enlodamento -> enlodamiento	1780 ? Bnf_361	1780-bnf-361:002746	tlazoquihuiliztli	Traducción	enlodamento de algo
candidate_spelling	enloque	1	enfoque	enfoque, enroque, enfoqué, encloqué	enloque -> enfoque	1780 ? Bnf_361	1780-bnf-361:009031	iciuhcayo	Traducción	ligera cosa, agudo diligentísimo, y presto enloque hace, desenvuelto alguno, determinado, denodado, y apresurado
candidate_spelling	enloquesido	1	enloquecido	enloquecido	enloquesido -> enloquecido	1780 ? Bnf_361	1780-bnf-361:026315	tlamauhtli	Traducción	enloquesido otro
candidate_spelling	enmagracerse	1	enmarcares	enmarcares, enmascarares	enmagracerse -> enmarcares	153? Trilingüe	153-trilingue:007451	cenca omitia	Traducción	enmagracerse mucho
candidate_spelling	enmagrecerlo	1	enmugrecerlo	enmugrecerlo	enmagrecerlo -> enmugrecerlo	1780 ? Bnf_361	1780-bnf-361:008111	huatza	Traducción	enflaquecer a otro, enmagrecerlo
candidate_spelling	enmedada	1	enredada	enredada, enmendada, enmelada, enmadera, enmaderad	enmedada -> enredada	1780 ? Bnf_361	1780-bnf-361:027520	tlapapatilli	Traducción	escritura enmedada
candidate_spelling	enmendadamente	1	encendidamente	encendidamente, entendidamente	enmendadamente -> encendidamente	153? Trilingüe	153-trilingue:010890	tlacuitlahuica	Traducción	enmendadamente así
candidate_spelling	enmojado	1	enojado	enojado	enmojado -> enojado	17?? Bnf_362	17-bnf-362:003694	poxcahuiyac	Traducción	lo que está enmojado
candidate_spelling	enmoldar	1	enlodar	enlodar, entoldar	enmoldar -> enlodar	1547 Olmos_V ?	1547-olmos-v:000547	copina	Traducción	enmoldar trasladar
candidate_spelling	enmotada	1	enmontada	enmontada, ensotada	enmotada -> enmontada	153? Trilingüe	153-trilingue:011941	tlapiyahuaca	Traducción	enmotada cosa alta
candidate_spelling	enoblecer	1	ennoblecer	ennoblecer	enoblecer -> ennoblecer	1780 ? Bnf_361	1780-bnf-361:003037	tleyotia	Traducción	enoblecer alguno
candidate_spelling	enorden	1	engorden	engorden, enrollen, enromen, enrolen, enroñen	enorden -> engorden	1571 Molina 2	1571-molina-2:023641	tlaompohualcayotia	Traducción	quarenteno, o cuarenta enorden
candidate_spelling	enotra	1	entra	entra, enojar, esotra	enotra -> entra	1571 Molina 2	1571-molina-2:002663	cecema cueyupan	Traducción	de una ola enotra, o de onda en onda
candidate_spelling	enpanada	1	empanada	empanada, empañada, engañada, ensañada, encanada, encañada	enpanada -> empanada	1598 Tezozomoc	1598-tezozomoc:000139	totolquimilli	Traducción	bollo [a] manera de enpanada, rrelleno y revuelto de gallina o gallipabo
candidate_spelling	enparejar	1	emparejar	emparejar	enparejar -> emparejar	1547 Olmos_V ?	1547-olmos-v:001212	namictia	Traducción	igualar con otro o enparejar o salir a riecebir
candidate_spelling	enpedernido	1	empedernido	empedernido	enpedernido -> empedernido	1598 Tezozomoc	1598-tezozomoc:001605	tepetlatl	Traducción	suelo enpedernido
candidate_spelling	enpie	1	envíe	envíe, envié, espíe, espié, empine, expié	enpie -> envíe	1571 Molina 2	1571-molina-2:017047	quetzticac	Traducción	estar enpie
candidate_spelling	enplata	1	enlata	enlata	enplata -> enlata	1571 Molina 2	1571-molina-2:000094	tlateocuitlacalloti	Traducción	el que engastona algo en oro, o enplata
candidate_spelling	enprenar	1	entrenar	entrenar, enfrenar, empreñar, enarenar	enprenar -> entrenar	1547 Olmos_V ?	1547-olmos-v:001380	otztia	Traducción	enprenar [empreñar]
candidate_spelling	enprestar	1	enfrentar	enfrentar, encrespar, engrescar	enprestar -> enfrentar	1547 Olmos_V ?	1547-olmos-v:001936	tlanehuia	Traducción	enprestar algo
candidate_spelling	enpujada	1	empujada	empujada	enpujada -> empujada	1780 ? Bnf_361	1780-bnf-361:026286	tlamatopeuhtli	Traducción	echada cosa de algo o enpujada con la mano
candidate_spelling	enquadernar	1	encuadernar	encuadernar	enquadernar -> encuadernar	2021 Wimmer	2021-wimmer:017470	amaitzoma	Traducción (es)	v.i., encuadernar libros. / v.i., enquadernar libros
candidate_spelling	enquantas	1	encuadras	encuadras, enyuntas, encunabas, enguatas, encunadas, encunaras	enquantas -> encuadras	17?? Bnf_362bis	17-bnf-362bis:000714	quezquican	Traducción	enquantas partes, o lugares
candidate_spelling	ensachada	1	ensanchada	ensanchada, ensacada	ensachada -> ensanchada	1780 ? Bnf_361	1780-bnf-361:027575	tlapatlauhtli	Traducción	ensachada cosa de camino, ropa, u otra cosa
candidate_spelling	ensallado	1	encallado	encallado, entallado, ensillado, ensayado, ensalzado, engallado	ensallado -> encallado	1780 ? Bnf_361	1780-bnf-361:026143	tlamamachtilli	Traducción	impuesto o ensallado otro
candidate_spelling	ensalsado	1	ensalzado	ensalzado, ensalmado	ensalsado -> ensalzado	1780 ? Bnf_361	1780-bnf-361:024860	tlahuecapanolli	Traducción	ensalsado otro
candidate_spelling	ensangretarse	1	ensangrentarse	ensangrentarse, ensangrentares	ensangretarse -> ensangrentarse	1565 Sahagún Escolios	1565-sahagun-escolios:000718	izo	Traducción	ensangretarse el rostro con la sangre de los orejas
candidate_spelling	ensenable	1	ensenarle	ensenarle, ensabane, ensebare, ensebase, ensebando, enseban	ensenable -> ensenarle	1780 ? Bnf_361	1780-bnf-361:008505	huelmomachtiani	Traducción	dócil, y ensenable
candidate_spelling	ensender	1	entender	entender, encender	ensender -> entender	1780 ? Bnf_361	1780-bnf-361:002968	tlepitza	Traducción	ensender fuego
candidate_spelling	ensenderse	1	enseñorees	enseñorees, ensandeces	ensenderse -> enseñorees	1780 ? Bnf_361	1780-bnf-361:002860	tlecomoniinnoyollo	Traducción	ensenderse de ira
candidate_spelling	ensendida	1	entendida	entendida, encendida	ensendida -> entendida	1780 ? Bnf_361	1780-bnf-361:003005	tletic	Traducción	rubia cosa ensendida
candidate_spelling	ensendidos	1	entendidos	entendidos, encendidos	ensendidos -> entendidos	1780 ? Bnf_361	1780-bnf-361:002308	tlaxotlaltilli	Traducción	ensendidos carbones
candidate_spelling	enserado	1	enterado	enterado, encerrado, encerado, enseñado, enseriado, ensebado	enserado -> enterado	1780 ? Bnf_361	1780-bnf-361:002141	tlaxicocuitlahuilli	Traducción	enserado
candidate_spelling	enserrado	1	encerrado	encerrado, encerado, enseriado	enserrado -> encerrado	1780 ? Bnf_361	1780-bnf-361:023380	tlacalaquilli	Traducción	enserrado pan o vino
candidate_spelling	enserrados	1	encerrados	encerrados, encerados, enseriados	enserrados -> encerrados	1780 ? Bnf_361	1780-bnf-361:027346	tlapacholli	Traducción	higos enserrados
candidate_spelling	enseuar	1	enseñar	enseñar, ensebar	enseuar -> enseñar	1571 Molina 1	1571-molina-1:025116	sebohuia	Traducción	enseuar, untar con sebo
candidate_spelling	ensorbecerse	1	ensordecieres	ensordecieres, ensombrecieres	ensorbecerse -> ensordecieres	153? Trilingüe	153-trilingue:007550	opohua ^	Traducción	ensorbecerse
candidate_spelling	ensusiar	1	ensuciar	ensuciar	ensusiar -> ensuciar	1780 ? Bnf_361	1780-bnf-361:003084	tliloa	Traducción	ensusiar algo
candidate_spelling	entalada	1	ensalada	ensalada, encalada, entablada, entallada, enlatada, entapada	entalada -> ensalada	153? Trilingüe	153-trilingue:010863	tlacuicuitl	Traducción	entalada cosa
candidate_spelling	entanto	1	encanto	encanto, encantó, entinto, entintó, enmanto	entanto -> encanto	1571 Molina 2	1571-molina-2:010022	inoc quexquichcahuitl	Traducción	mientras que, o entanto que
candidate_spelling	entendien	1	entender	entender, entienden, entendido, entendiendo, entendida, entendió	entendien -> entender	1780 ? Bnf_361	1780-bnf-361:026062	tlamacicacactli	Traducción	entendien muy bien la cosa que se dise o compreendenla
candidate_spelling	entendim	1	entendí	entendí, entendió, entendía	entendim -> entendí	1780 ? Bnf_361	1780-bnf-361:023502	tlacaquiliztli	Traducción	yuicio, entendim(ien)to
candidate_spelling	entenecerse	1	enternecerse	enternecerse, entenebreces	entenecerse -> enternecerse	153? Trilingüe	153-trilingue:001674	celtia ^	Traducción	entenecerse
candidate_spelling	enter	1	entre	entre, Inter, ínter, entré, entera, entes	enter -> entre	1780 ? Bnf_361	1780-bnf-361:017735	atzacua	Traducción	aislarse. enter[¿?]. preterito oninatzacu
candidate_spelling	enteray	1	entera	entera, enteras, enterar, enteran, enterad, enterrad	enteray -> entera	1571 Molina 2	1571-molina-2:000854	caquiliztli  +	Traducción	enteray perfecta inteligencia de la cosa
candidate_spelling	enteresar	1	interesar	interesar, entierras, enteraras, enterase, enterraras, enterasen	enteresar -> interesar	1565 Sahagún Escolios	1565-sahagun-escolios:000059	tlauhchihua	Traducción	enterar (enteresar)
candidate_spelling	enterezando	1	enderezando	enderezando, entrenzando	enterezando -> enderezando	153? Trilingüe	153-trilingue:003839	ehuatiquetza ^	Traducción	levantar enterezando otra cosa
candidate_spelling	enterredor	1	enterrador	enterrador	enterredor -> enterrador	153? Trilingüe	153-trilingue:000809	tlayahualihucayotl	Traducción	cerca enterredor
candidate_spelling	enterriada	1	entregada	entregada, entrenada, entercada	enterriada -> entregada	1565 Sahagún Escolios	1565-sahagun-escolios:000886	moxicoani	Traducción	persona enojada o enterriada / persona envidiosa
candidate_spelling	enterriarse	1	entrenares	entrenares, entregares, enterrares, entercares	enterriarse -> entrenares	1565 Sahagún Escolios	1565-sahagun-escolios:000270	zoma	Traducción	encorajarse o enterriarse
candidate_spelling	entoda	1	entrado	entrado, entrad, entona, enloda, entonad, entolda	entoda -> entrado	1571 Molina 2	1571-molina-2:005233	cenyohual	Traducción	toda la noche, o entoda la noche, o una noche
candidate_spelling	entodos	1	entonos	entonos	entodos -> entonos	1571 Molina 2	1571-molina-2:009778	imatlaquilhuiixti	Traducción	todos diez días, o entodos diez días
candidate_spelling	entorar	1	enterar	enterar, entonar, entornar, entortar, entrojar	entorar -> enterar	153? Trilingüe	153-trilingue:007234	noloa ^	Traducción	entorar otra cosa
candidate_spelling	entordado	1	engordado	engordado, encordado, entornado, entortado, entoldado, entrojado	entordado -> engordado	1571 Molina 2	1571-molina-2:022559	tlaixtelolopitzinilli	Traducción	entordado de un ojo
candidate_spelling	entormecer	1	entorpecer	entorpecer, entrometer	entormecer -> entorpecer	153? Trilingüe	153-trilingue:003052	cochitia ^	Traducción	entormecer
candidate_spelling	entortamiénto	1	enrolamiento	enrolamiento, encorvamiento	entortamiénto -> enrolamiento	1571 Molina 2	1571-molina-2:010836	ixpitzic1iliztli	Traducción	entortamiénto de ojo
candidate_spelling	entrecamiente	1	entrenamiento	entrenamiento, enteramente, enterramiento, entregamiento	entrecamiente -> entrenamiento	153? Trilingüe	153-trilingue:011765	tlaohuitilica	Traducción	entrecamiente
candidate_spelling	entremerido	1	entremedio	entremedio, entremetido	entremerido -> entremedio	1780 ? Bnf_361	1780-bnf-361:021779	tetlanacqui	Traducción	entremerido en algún negocio; echado con la que está durmiendo; trama de tela
candidate_spelling	entremetedor	1	entretenedor	entretenedor, enternecedor, entremetido, entremeter, entremetidos, entremetemos	entremetedor -> entretenedor	1780 ? Bnf_361	1780-bnf-361:023137	tlaaquitiani	Traducción	encorporador, o entremetedor
candidate_spelling	entremetimeinto	1	entremetimiento	entremetimiento	entremetimeinto -> entremetimiento	1780 ? Bnf_361	1780-bnf-361:021794	tetlancalaquiliztli	Traducción	entremetimeinto en algún necocio; sometimiento
candidate_spelling	entreotros	1	entrecorta	entrecorta, entrecorto, entrecortó, entrecortas, entrecorte, entrecorté	entreotros -> entrecorta	1571 Molina 2	1571-molina-2:003182	xelotiuh	Traducción	colarse o meterse entreotros, hendiéndo por ellos
candidate_spelling	entrer	1	entre	entre, entré, entera, enterar, entrare, enterró	entrer -> entre	1780 ? Bnf_361	1780-bnf-361:014970	nicananotequiuh	Traducción	estar mucho malo, casi a la muerte. ou entrer en fonction m
candidate_spelling	entreteger	1	entretener	entretener, entretejer	entreteger -> entretener	17?? Bnf_362bis	17-bnf-362bis:000790	tel	Traducción	este adverbio se suele entreteger con otras razones con que muestra consolarse en alguna pena, o escusarse de algo que le imputan
candidate_spelling	entreuerada	1	entrecerrada	entrecerrada, entreverada	entreuerada -> entrecerrada	1571 Molina 2	1571-molina-2:008115	ezcuicuiltic	Traducción	entreuerada cosa
candidate_spelling	entreuerado	1	entrecerrado	entrecerrado, entreverado	entreuerado -> entrecerrado	1571 Molina 1	1571-molina-1:011380	ezcuicuiltic	Traducción	entreuerado
candidate_spelling	entrincada	1	intrincada	intrincada, entroncada, entunicada	entrincada -> intrincada	1547 Olmos_V ?	1547-olmos-v:001351	ohui	Traducción	entrincada cosa y deficil
candidate_spelling	entrmeterse	1	entrometerse	entrometerse, entremetes	entrmeterse -> entrometerse	1780 ? Bnf_361	1780-bnf-361:021820	tetlannactiuh	Traducción	entrmeterse en algún negocio
candidate_spelling	enturuiada	1	enturbiada	enturbiada	enturuiada -> enturbiada	1571 Molina 1	1571-molina-1:034504	tlamoyauhtli	Traducción	enturuiada agua
candidate_spelling	enturuiar	1	enturbiar	enturbiar	enturuiar -> enturbiar	1571 Molina 1	1571-molina-1:018782	moyahua	Traducción	enturuiar agua o cosa así
candidate_spelling	enturuiarse	1	enturbiarse	enturbiarse, enturbiares	enturuiarse -> enturbiarse	1571 Molina 1	1571-molina-1:018776	moyahua	Traducción	enturuiarse
candidate_spelling	entuviada	1	enturbiada	enturbiada, entubada, entumida, entumidas, entibiada, entupidas	entuviada -> enturbiada	1780 ? Bnf_361	1780-bnf-361:026484	tlamoyauhtli	Traducción	entuviada agua
candidate_spelling	enuegecer	1	envejecer	envejecer, envejece, envejecen, envejeces, envejeceré, ennegrecer	enuegecer -> envejecer	1571 Molina 1	1571-molina-1:015845	izoloa	Traducción	enuegecer algo
candidate_spelling	enuejecerse	1	envejeceré	envejeceré, envejecieres	enuejecerse -> envejeceré	1571 Molina 2	1571-molina-2:011274	izolihui	Traducción	enuejecerse la ropa, los libros las esteras o cosas semejantes
candidate_spelling	enuersar	1	enhuerar	enhuerar, enhueras, enhuerara, enhuerase	enuersar -> enhuerar	153? Trilingüe	153-trilingue:005259	ixcuepa ^	Traducción	enuersar
candidate_spelling	enumerable	1	enumeraba	enumeraba, enumeraban, enumeraste, enumerase, enumerabas, enumerare	enumerable -> enumeraba	2021 Wimmer	2021-wimmer:042097	tlapohualpa	Traducción (es)	un número enumerable de veces
candidate_spelling	envaiar	1	enviar	enviar, enviara, envasar, enviaran, enviaras, envainar	envaiar -> enviar	1780 ? Bnf_361	1780-bnf-361:028152	tlateca	Traducción	echar, o envaiar algo o poner algún madero a la larga
candidate_spelling	envegecerse	1	envejecerse	envejecerse, envejecieres	envegecerse -> envejecerse	1780 ? Bnf_361	1780-bnf-361:017168	pipinqui	Traducción	envegecerse el hombre; anciano; carne de viejo sin fuerza, ni virtud
candidate_spelling	envian	1	enviar	enviar, envían, envía, envías, enviad, envíen	envian -> enviar	1780 ? Bnf_361	1780-bnf-361:015157	nititlan necuil	Traducción	mandar a otro lo que a el habían mandado, como cuando envian a alguna parte
candidate_spelling	envno	1	envió	envió, envío, envino	envno -> envió	1571 Molina 2	1571-molina-2:005116	centetilia	Traducción	juntar diversas cosas envno. prete. onitlacentelili
candidate_spelling	enxabonamiénnto	1	encajonamiento	encajonamiento	enxabonamiénnto -> encajonamiento	1571 Molina 2	1571-molina-2:019164	tepapaquiliztica	Traducción	afrentosamente, o con vituperio y enxabonamiénnto
candidate_spelling	enxalzarse	1	ensalzarse	ensalzarse, ensalzares	enxalzarse -> ensalzarse	1571 Molina 2	1571-molina-2:008308	huecapanoa	Traducción	enxalzarse, o engrandecerse
candidate_spelling	enxertar	1	enjertar	enjertar	enxertar -> enjertar	1571 Molina 2	1571-molina-2:007290	cuauhzaloa	Traducción	enxerir, o enxertar árboles
candidate_spelling	enxugo	1	enjugó	enjugó, enjugo, enyugo	enxugo -> enjugó	1571 Molina 2	1571-molina-2:012821	mohuahuatzqui	Traducción	el que se enxugo con lienzo después que selauo
candidate_spelling	enyoye	1	enjoye	enjoye, enjoyé	enyoye -> enjoye	2021 Wimmer	2021-wimmer:036483	tititlantli	Traducción (es)	mensajero, enyoye
candidate_spelling	enzartar	1	ensartar	ensartar, enzarzar, encartar	enzartar -> ensartar	1780 ? Bnf_361	1780-bnf-361:010696	ixtelolopitzinia	Traducción	enzartar a otro quebrándole el ojo
candidate_spelling	enñudecer	1	enmudecer	enmudecer, enrudecer	enñudecer -> enmudecer	1571 Molina 2	1571-molina-2:010998	ixtia	Traducción	enñudecer la caña, o cosa semejante
candidate_spelling	ercura	1	recura	recura, recurra	ercura -> recura	1780 ? Bnf_361	1780-bnf-361:002586	tlayohuayan	Traducción	ercura y tenebrosa cosa
candidate_spelling	ereje	1	hereje	hereje, enreje, enrejé	ereje -> hereje	1571 Molina 2	1571-molina-2:023325	tlaneltoquilizitlacoani	Traducción	ereje
candidate_spelling	erejes	1	herejes	herejes, enrejes	erejes -> herejes	1571 Molina 2	1571-molina-2:017666	techichinoliztli	Traducción	quema de erejes, o de hombres y mujeres
candidate_spelling	eroicos	1	heroicos	heroicos, Ericos	eroicos -> heroicos	2021 Wimmer	2021-wimmer:018783	itauhcayotl	Traducción (es)	honra, ò fama de los buenos ó de los hechos eroicos
candidate_spelling	erudia	1	erudita	erudita, eludía	erudia -> erudita	1780 ? Bnf_361	1780-bnf-361:007279	cuauhpitzahuiliztli	Traducción	aspereza, y erudia cosa, así como cuero, tortillas secas
candidate_spelling	ervi	1	herví	herví, Cervi, Nervi	ervi -> herví	1780 ? Bnf_361	1780-bnf-361:021363	tetelchihualiztica	Traducción	menospreciando al menospreciado. adv(ervi(o
candidate_spelling	esaro	1	estro	estro, escaro	esaro -> estro	153? Trilingüe	153-trilingue:000429	tlatolmelahua	Traducción	declaro lo esaro
candidate_spelling	escalentada	1	escalinata	escalinata, escalonada, escarmentada	escalentada -> escalinata	1780 ? Bnf_361	1780-bnf-361:001576	tlatotonilli	Traducción	escalentada
candidate_spelling	escalentado	1	escalonado	escalonado, escarmentado	escalentado -> escalonado	1571 Molina 1	1571-molina-1:001610	tlatotonilli	Traducción	escalentado
candidate_spelling	escanciano	1	escanciado	escanciado, escancian, escanciando, escanciaron, escancian o	escanciano -> escanciado	153? Trilingüe	153-trilingue:009828	tetlaitiani	Traducción	escanciano
candidate_spelling	escancido	1	escanció	escanció, escanciado, escancio, escandio	escancido -> escanció	1780 ? Bnf_361	1780-bnf-361:028189	tlatectli	Traducción	escancido vino
candidate_spelling	escandar	1	estándar	estándar, escaldar, escardar, escardan, escanda	escandar -> estándar	1780 ? Bnf_361	1780-bnf-361:004590	xiuhcuicui	Traducción	escandar
candidate_spelling	escar	1	Íscar	Íscar, escay, estar, secar, pescar, Óscar	escar -> Íscar	1547 Olmos_V ?	1547-olmos-v:001500	pipiloa	Traducción	escar con anzuelo
candidate_spelling	escardardor	1	escardando	escardando, escardado, escardados, escardaron, escarbador	escardardor -> escardando	1780 ? Bnf_361	1780-bnf-361:002224	tlaxiuhochpanoni	Traducción	escardardor, sachuelo, o escarllo?
candidate_spelling	escarllo	1	escardo	escardo, escarpo, escarbo, escarolo, escarzo	escarllo -> escardo	1780 ? Bnf_361	1780-bnf-361:002224	tlaxiuhochpanoni	Traducción	escardardor, sachuelo, o escarllo?
candidate_spelling	escarmucar	1	escaramuzar	escaramuzar, escarmenar, escaramucear	escarmucar -> escaramuzar	1547 Olmos_V ?	1547-olmos-v:000305	yayaotla	Traducción	escarmucar [escaramuzar]
candidate_spelling	escarneser	1	escarnecer	escarnecer	escarneser -> escarnecer	1780 ? Bnf_361	1780-bnf-361:022867	timaloa	Traducción	escarneser
candidate_spelling	escaruarla	1	escarbaría	escarbaría, escarbara, escarpara, escardaría, escardara, escarparía	escaruarla -> escarbaría	1571 Molina 1	1571-molina-1:013298	icxipopoxoa	Traducción	cavar la tierra o escaruarla con el pie, estando hablando con otro
candidate_spelling	escarva	1	escarba	escarba, escara, escarda, escarpa, escaria, escarza	escarva -> escarba	1780 ? Bnf_361	1780-bnf-361:014667	netlantataconi	Traducción	mondadientes; escarva dientes
candidate_spelling	escarvando	1	escarbando	escarbando, escardando, escarpando, escariando, escarzando	escarvando -> escarbando	17?? Bnf_362	17-bnf-362:003865	tataca	Traducción	rascar, también escarbar; cavar la tierra o cultivarla haciendo hoyo o escarvando; hacer hoyo
candidate_spelling	escarvarla	1	escarbaría	escarbaría, escarbara, escarpara, escardaría, escardara, escarparía	escarvarla -> escarbaría	1780 ? Bnf_361	1780-bnf-361:009224	icxipopoxoa	Traducción	cavar la tierra, o escarvarla con el pie, estando ablando con otro
candidate_spelling	escaua	1	escala	escala, escasa, escapa, escama, escara, escaña	escaua -> escala	1571 Molina 2	1571-molina-2:024124	tlatacaxtli	Traducción	escaua o hoyo de árboles. etc.
candidate_spelling	esclabos	1	escobas	escobas	esclabos -> escobas	1780 ? Bnf_361	1780-bnf-361:023484	tlacanecuiloliztli	Traducción	mercadería de esclabos
candidate_spelling	escocedor	1	escogedor	escogedor	escocedor -> escogedor	2021 Wimmer	2021-wimmer:037932	tlacuacuani	Traducción (es)	quien come, se alimenta, mastica. / que pica, escocedor. / que pela, corrosivo
candidate_spelling	escodriñar	1	escudriñar	escudriñar	escodriñar -> escudriñar	1571 Molina 2	1571-molina-2:011112	ixtotoca	Traducción	escodriñar mirando a todas partes lo que hay
candidate_spelling	escogendo	1	escogiendo	escogiendo	escogendo -> escogiendo	1571 Molina 2	1571-molina-2:005077	cenquixtia	Traducción	apartar escogendo algunas cosas de entre otras, o recoger lo que se esparció por el suelo, así como avellanas nueces. etc. o cuando se quiebra el hilo donde está ensartadas las cuentas. etc.
candidate_spelling	esconditamente	1	escondidamente	escondidamente	esconditamente -> escondidamente	153? Trilingüe	153-trilingue:004535	ichtacacalaqui	Traducción	entrar esconditamente
candidate_spelling	escopitina	1	escopetean	escopetean	escopitina -> escopetean	1780 ? Bnf_361	1780-bnf-361:011145	iztlactli	Traducción	escopitina, que se sale, y las babas; o saliva de la boca
candidate_spelling	escorpíon	1	escorpio	escorpio, escorpión	escorpíon -> escorpio	1565 Sahagún Escolios	1565-sahagun-escolios:000344	citlalcolotl	Traducción	aquella constelación que llaman el o el escorpíon
candidate_spelling	escoser	1	escoger	escoger, descoser, escocer, escores, escomer	escoser -> escoger	17?? Bnf_362	17-bnf-362:000403	tonehua	Traducción	tormentarse así mismo o padecer; aunque en otras partes lo dicen para atormentar a otro; escoser, esto es también doler o atormentar la llaga
candidate_spelling	escoveta	1	escobeta	escobeta, escopeta	escoveta -> escobeta	17?? Bnf_362	17-bnf-362:000743	celhuazhuia	Traducción	peinar la cabeza con escoveta
candidate_spelling	escoxido	1	escogido	escogido, escocido, escomido	escoxido -> escogido	17?? Bnf_362	17-bnf-362:004584	tlacenquixtilli	Traducción	lo escoxido
candidate_spelling	escrofules	1	escoriales	escoriales	escrofules -> escoriales	2021 Wimmer	2021-wimmer:004204	tozampotzalicihui	Traducción (es)	v.i., tener escrofules, ser escrofuloso
candidate_spelling	escudriñam	1	escudriñar	escudriñar, escudriñan, escudriña, escudriñas, escudriñad	escudriñam -> escudriñar	1780 ? Bnf_361	1780-bnf-361:025500	tlaixpetztehuiliztli	Traducción	escudriñam(ien)to de la escritura
candidate_spelling	esculpidura	1	escupidura	escupidura	esculpidura -> escupidura	153? Trilingüe	153-trilingue:012049	tlatatacaliztli	Traducción	esculpidura
candidate_spelling	escusaciones	1	esputaciones	esputaciones	escusaciones -> esputaciones	2021 Wimmer	2021-wimmer:040740	tlanehuia	Traducción (es)	v.bitrans. motē-., tomar sin querer a una persona por otra. / v.bitrans. motē-., tomar una cosa para otra. / v.bitrans. motla-., dar excusas, pretextos. tomar una cosa por otra. / v.bitrans. motla-., poner achaques o escusaciones, o tomar una cosa por otra
candidate_spelling	escusación	1	esputación	esputación	escusación -> esputación	1780 ? Bnf_361	1780-bnf-361:026086	tlamahuizoliztli	Traducción	escusación por privilegio
candidate_spelling	escusando	1	excusando	excusando, escudando, escusado	escusando -> excusando	1571 Molina 2	1571-molina-2:017311	quixtia  +	Traducción	echar la culpa a otro, escusando se de lo que le imponen
candidate_spelling	escusarme	1	escudare	escudare, escorase, escoraste	escusarme -> escudare	1571 Molina 2	1571-molina-2:013425	aocmotle ic ninotzinquixtia	Traducción	no tener con que escusarme
candidate_spelling	escusas	1	escasas	escasas, excusas, esclusas, escupas, escudas, escurras	escusas -> escasas	1571 Molina 2	1571-molina-2:010223	itech  +	Traducción	escusarse, o poner achaques, o escusas
candidate_spelling	escusándose	1	escudándose	escudándose, excusándose	escusándose -> escudándose	1571 Molina 1	1571-molina-1:014332	itech  +	Traducción	poner achaques escusándose
candidate_spelling	esechado	1	desechado	desechado, asechado, execrado	esechado -> desechado	1571 Molina 2	1571-molina-2:019623	tequixtiliztli	Traducción	el acto de sacar piedras de la cantera, o despedimiento del que esechado de casa y despedido, o fianza del que fía a otro
candidate_spelling	esforcarme	1	esforzarme	esforzarme, esforzare	esforcarme -> esforzarme	1547 Olmos_V ?	1547-olmos-v:000427	chicahua	Traducción	esforcarme yo
candidate_spelling	esforsadamente	1	esforzadamente	esforzadamente	esforsadamente -> esforzadamente	1780 ? Bnf_361	1780-bnf-361:016277	oquichehua	Traducción	acometer varonil, y esforsadamente contra los enemigos
candidate_spelling	esforzadados	1	esforzados	esforzados, esforzadas	esforzadados -> esforzados	1571 Molina 2	1571-molina-2:020737	tiacauh tlatquitl	Traducción	armas o insignias de valientes y esforzadados soldados
candidate_spelling	esforzadeamente	1	esforzadamente	esforzadamente	esforzadeamente -> esforzadamente	1780 ? Bnf_361	1780-bnf-361:016281	oquichehuani	Traducción	acometer con valor y esforzadeamente
candidate_spelling	esfuerso	1	esfuerzo	esfuerzo	esfuerso -> esfuerzo	1780 ? Bnf_361	1780-bnf-361:027441	tlapaltiliztli	Traducción	virtud por la fortalesa o esfuerso
candidate_spelling	eslauonada	1	eslabonada	eslabonada	eslauonada -> eslabonada	1571 Molina 2	1571-molina-2:012972	monetechantiuh	Traducción	ir alguna cosa seguida o continuada, o eslauonada
candidate_spelling	esopo	1	esposo	esposo, sopo, ensopo, esporo, e sopo	esopo -> esposo	2021 Wimmer	2021-wimmer:008685	zazanillatolli	Traducción (es)	fábulas. padre pichardo. fábulas de esopo. 6 de agosto de 1898. 1r
candidate_spelling	espadado	1	espadazo	espadazo	espadado -> espadazo	153? Trilingüe	153-trilingue:009454	tepozmacuahuitquini	Traducción	espadado con espada
candidate_spelling	espanicarse	1	espaciares	espaciares	espanicarse -> espaciares	1780 ? Bnf_361	1780-bnf-361:004557	xitini	Traducción	aventarse y espanicarse el ganado. derrocarse la pared. caerse la pared sierra, barranca
candidate_spelling	espantandolo	1	espantando	espantando, espantándola	espantandolo -> espantando	1571 Molina 2	1571-molina-2:002718	tzatzitia	Traducción	hacer dar voces a alguno, maltratándolo, o espantandolo
candidate_spelling	españada	1	empanada	empanada, empañada, espantada, estañada, espadaña	españada -> empanada	17?? Bnf_362	17-bnf-362:000359	tolpetlatl	Traducción	estera de españada
candidate_spelling	especulatibo	1	especulativo	especulativo	especulatibo -> especulativo	1780 ? Bnf_361	1780-bnf-361:026836	tlanemilizamoxtli	Traducción	arte especulatibo
candidate_spelling	espelizarse	1	espoliares	espoliares, espeluznares	espelizarse -> espoliares	153? Trilingüe	153-trilingue:001401	tzonacomana	Traducción	espelizarse
candidate_spelling	espeluzos	1	espeluznos	espeluznos	espeluzos -> espeluznos	153? Trilingüe	153-trilingue:007124	netzonacomanaliztli	Traducción	espeluzos
candidate_spelling	esperande	1	esperando	esperando, esperance, esperancé	esperande -> esperando	1571 Molina 2	1571-molina-2:005887	chixtoc	Traducción	estar esperande me alguna cosa
candidate_spelling	esperaua	1	esperaba	esperaba, esperada, esperará, esperara	esperaua -> esperaba	1571 Molina 2	1571-molina-2:009800	immanti	Traducción	ser ya hora o tiempo oportuno. s. para hacer algo, o venir y cumplirse el tiempo y hora. s. que se esperaua
candidate_spelling	esperezo	1	esperes	esperes, desperezo, desperezó	esperezo -> esperes	153? Trilingüe	153-trilingue:006603	neahanaliztli	Traducción	esperezo
candidate_spelling	esperimenetada	1	experimentada	experimentada	esperimenetada -> experimentada	1780 ? Bnf_361	1780-bnf-361:002536	tlayeyecolli	Traducción	cosa examinada o probada o esperimenetada
candidate_spelling	espesies	1	especies	especies, espeses, espeséis	espesies -> especies	17?? Bnf_362	17-bnf-362:003892	tecaxitl	Traducción	moledor en que muelen las espesies
candidate_spelling	espezarse	1	esperarse	esperarse, espesares	espezarse -> esperarse	17?? Bnf_362	17-bnf-362:004388	tetzahua	Traducción	espezarse lo que se cuece
candidate_spelling	espinaya	1	espinaca	espinaca, espinada, espinaba, espinara	espinaya -> espinaca	1780 ? Bnf_361	1780-bnf-361:027079	tlanitztli	Traducción	espinaya de la pierna
candidate_spelling	espirirtus	1	espíritus	espíritus, espirites, espiritas	espirirtus -> espíritus	1629 Alarcón	1629-alarcon:001337	teteo tlamacazque	Traducción	espirirtus dioses / los que entre los genios son como dioses o superiores / superiores entre otros espíritus
candidate_spelling	espiritualm	1	espiritual	espiritual	espiritualm -> espiritual	1780 ? Bnf_361	1780-bnf-361:021591	tetlachialtiani	Traducción	alumbrador espiritualm(en(te
candidate_spelling	espomar	1	esposar	esposar, espora, espumar	espomar -> esposar	1547 Olmos_V ?	1547-olmos-v:001567	pozonallaca	Traducción	espomar [espumar] la olla
candidate_spelling	esponerla	1	exponerla	exponerla	esponerla -> exponerla	1780 ? Bnf_361	1780-bnf-361:026494	tlanacazantli	Traducción	cosa cuadrada, esponerla en cuadra
candidate_spelling	esponjiosa	1	esponjosa	esponjosa	esponjiosa -> esponjosa	153? Trilingüe	153-trilingue:010246	tezontic	Traducción	esponjiosa cosa
candidate_spelling	espremando	1	esperando	esperando	espremando -> esperando	1780 ? Bnf_361	1780-bnf-361:016812	patzca	Traducción	exprimir, o sacar zumo..... o cosa así... jar o sacar zumo espremando; ordenar
candidate_spelling	espremidas	1	esperadas	esperadas, espermas	espremidas -> esperadas	1571 Molina 2	1571-molina-2:014064	apatzcalli	Traducción	zumo de hierbas espremidas
candidate_spelling	espresar	1	esperar	esperar, expresar, esperas, esperara, esperase, esperaras	espresar -> esperar	1780 ? Bnf_361	1780-bnf-361:019948	teneuhtiuh inicuac nihuallaz	Traducción	señalar o espresar el día, que tengo de tornar cuando voy a alguna parte
candidate_spelling	esprima	1	esgrima	esgrima, espira, exprima, emprima	esprima -> esgrima	1595 Rincón	1595-rincon:000505	patzcaltia	Traducción	hacer a otro que esprima
candidate_spelling	esprimido	1	exprimido	exprimido, esgrimido	esprimido -> exprimido	17?? Bnf_362	17-bnf-362:005073	tlapitzquitl	Traducción	lo que está ordeñado, o esprimido
candidate_spelling	esprimiendo	1	esgrimiendo	esgrimiendo, exprimiendo	esprimiendo -> esgrimiendo	1780 ? Bnf_361	1780-bnf-361:027576	tlapatzca	Traducción	prensar esprimiendo
candidate_spelling	esprimiendolo	1	esgrimiéndolo	esgrimiéndolo, exprimiéndolo	esprimiendolo -> esgrimiéndolo	1780 ? Bnf_361	1780-bnf-361:016828	patzquilia	Traducción	sacar sumo de algo esprimiendolo para otro, o la ropa que se labo
candidate_spelling	esprimiéndolo	1	esgrimiéndolo	esgrimiéndolo, exprimiéndolo	esprimiéndolo -> esgrimiéndolo	1571 Molina 1	1571-molina-1:023488	patzquilia	Traducción	sacar zumo de algo esprimiéndolo, para otro o la ropa que se lauo
candidate_spelling	esprituales	1	espirituales	espirituales	esprituales -> espirituales	1780 ? Bnf_361	1780-bnf-361:021752	tetlamachtiani	Traducción	dador de los bienes esprituales, y temporales; enriquecedor de otro
candidate_spelling	espuerto	1	espuerta	espuerta	espuerto -> espuerta	1780 ? Bnf_361	1780-bnf-361:006100	zacatanatli	Traducción	espuerto de esparto
candidate_spelling	espueta	1	escueta	escueta, espuela, espeta, espute, esputen, esputa	espueta -> escueta	1780 ? Bnf_361	1780-bnf-361:018069	tanatli	Traducción	espueta hecha de palmas
candidate_spelling	espula	1	espuma	espuma, espuela, esputa, espulga	espula -> espuma	1780 ? Bnf_361	1780-bnf-361:022362	tetzopiniloni	Traducción	aguijón de fierro o espula
candidate_spelling	espántarse	1	espantares	espantares, espantase, espántarsu	espántarse -> espantares	1571 Molina 2	1571-molina-2:007592	cuitihuetzi	Traducción	tornar, o volver sobre sí, o espántarse del trueno o de cosa semejante
candidate_spelling	esquífe	1	esquive	esquive, esquile, esquíe	esquífe -> esquive	153? Trilingüe	153-trilingue:005232	castillan acalpiyaztli	Traducción	batel de nave o esquífe
candidate_spelling	establecim	1	estableció	estableció, establecí, establecía	establecim -> estableció	1780 ? Bnf_361	1780-bnf-361:025526	tlaixquetzaliztli	Traducción	establecim(ien)to
candidate_spelling	establerizo	1	establecido	establecido	establerizo -> establecido	153? Trilingüe	153-trilingue:005933	mazapixqui	Traducción	establerizo
candidate_spelling	estadal	1	estatal	estatal, estalla, estala, estada, estallad, estadas	estadal -> estatal	153? Trilingüe	153-trilingue:002344	cennequetzalli	Traducción	estadal medida de la estatura
candidate_spelling	estalar	1	estelar	estelar, estallar, escalar, estala, estilar, estacar	estalar -> estelar	153? Trilingüe	153-trilingue:003643	cueponi	Traducción	estalar reventando
candidate_spelling	estat	1	esta	esta, estas, está, estar, están, estás	estat -> esta	1780 Clavijero	1780-clavijero:002230	paltixtica	Traducción	estat húmedo o bañado
candidate_spelling	estauán	1	estaban	estaban, estarán, estafan, estacan, estañan	estauán -> estaban	1571 Molina 2	1571-molina-2:007031	cuauhcalli	Traducción	jaula grande de palo, adonde estauán los presos por sus delictos
candidate_spelling	esten	1	este	este, Estel, están, estén, esté, estes	esten -> este	1571 Molina 2	1571-molina-2:020312	tetoc	Traducción	maizal o maíz verde de otro. s. las matas de maíz antes que maduren, y esten de sazón las mazorcas
candidate_spelling	estendemos	1	entendemos	entendemos, extendemos	estendemos -> entendemos	1571 Molina 2	1571-molina-2:014469	nepicyan;  +	Traducción	las junturas o coyunturas del cuerpo con que encogemos o estendemos los miembros
candidate_spelling	estendidas	1	extendidas	extendidas, entendidas	estendidas -> extendidas	1571 Molina 2	1571-molina-2:001808	tlazozouhtli	Traducción	cosas estendidas o desplegadas
candidate_spelling	estendio	1	extendió	extendió, entendió	estendio -> extendió	1780 ? Bnf_361	1780-bnf-361:013067	moyactic	Traducción	cundida mancha de lo que se estendio
candidate_spelling	estendió	1	extendió	extendió, entendió	estendió -> extendió	1780 ? Bnf_361	1780-bnf-361:016390	otlatocac	Traducción	cundida la mancha por lo que se estendió
candidate_spelling	esteriorm	1	esteroide	esteroide, estertor, esteraron, esterero, estereros	esteriorm -> esteroide	1780 ? Bnf_361	1780-bnf-361:002563	tlayocoyani	Traducción	hacedor, o hacedora de algo esteriorm(en)te
candidate_spelling	esterno	1	estreno	estreno, eterno, estrena, externo, estrenó, estrenos	esterno -> estreno	1780 ? Bnf_361	1780-bnf-361:021568	tetlacahualtiliztli	Traducción	sofrenada, esterno; impedimento de que no se haga alguna cosa; refrenamiento; embarazo de otro. impedirse; vedamiento*
candidate_spelling	esteua	1	estela	estela, estepa, estera, esteta	esteua -> estela	1571 Molina 1	1571-molina-1:016212	lo mismo	Traducción	esteua de arado
candidate_spelling	estienda	1	entienda	entienda, extienda, estrenad	estienda -> entienda	17?? Bnf_362	17-bnf-362:002712	mamazohualtia	Traducción	crucificar, que es lo mismo que hacer a otro que estienda los brazos
candidate_spelling	estiende	1	entiende	entiende, extiende	estiende -> entiende	1780 ? Bnf_361	1780-bnf-361:009335	ilaqui	Traducción	cundiendo la mancha se estiende
candidate_spelling	estititca	1	estricta	estricta, estética, estática, estíptica	estititca -> estricta	1780 ? Bnf_361	1780-bnf-361:018815	tecuitlatlali	Traducción	estititca cosa que restriñe
candidate_spelling	estiviarse	1	estivales	estivales, estirares, estuvieres, estudiares, estirase, estriares	estiviarse -> estivales	1780 ? Bnf_361	1780-bnf-361:001831	tlatziuhcanequi	Traducción	estiviarse en el propósito
candidate_spelling	estornos	1	entornos	entornos, estor, estorbos	estornos -> entornos	1780 Clavijero	1780-clavijero:002820	cacalotototl	Traducción	cierta ave de la clase de los estornos
candidate_spelling	estoruara	1	estorbara	estorbara, estorbará	estoruara -> estorbara	1571 Molina 1	1571-molina-1:023454	atle mitzicololtiz	Traducción	ninguna cosa te estoruara
candidate_spelling	estoruarle	1	estorbarle	estorbarle, estorbare	estoruarle -> estorbarle	1571 Molina 2	1571-molina-2:021143	tlacahualtia	Traducción	ir a la mano a otro, y estoruarle algo
candidate_spelling	estorvado	1	estorbado	estorbado	estorvado -> estorbado	1780 ? Bnf_361	1780-bnf-361:024779	tlaelleltilli	Traducción	estorvado
candidate_spelling	estorvando	1	estorbando	estorbando	estorvando -> estorbando	1780 ? Bnf_361	1780-bnf-361:007838	elleltia	Traducción	sofrenar, embarazar, o impedir que no se haga alguna cosa, estorvando, recistiendo, y refrenando
candidate_spelling	estorvara	1	estorbara	estorbara, estorbará	estorvara -> estorbara	1780 ? Bnf_361	1780-bnf-361:016803	atle mitzicololtiz	Traducción	ninguna cosa te estorvara
candidate_spelling	estrachar	1	estrechar	estrechar	estrachar -> estrechar	1780 ? Bnf_361	1780-bnf-361:009394	ilochtia	Traducción	acortar, o estrachar edificio
candidate_spelling	estranarse	1	estrenares	estrenares, estragares	estranarse -> estrenares	1780 ? Bnf_361	1780-bnf-361:015678	atetech ninomati	Traducción	estranarse
candidate_spelling	estrazado	1	estragado	estragado	estrazado -> estragado	1780 ? Bnf_361	1780-bnf-361:012959	motlapaltiliani	Traducción	estrazado para hacer algo
candidate_spelling	estrazo	1	estrado	estrado, estrato, estrago, estragó, estraza, estarzo	estrazo -> estrado	153? Trilingüe	153-trilingue:000557	tlatzatzayanaliztli	Traducción	estrazo
candidate_spelling	estregan	1	entregan	entregan, estrena, estrenan, estrellan, estregar, estragan	estregan -> entregan	1571 Molina 2	1571-molina-2:013990	neiichiconi	Traducción	estregadero donde se estregan, o rascan
candidate_spelling	estregandolas	1	estresándolas	estresándolas, entregándolas	estregandolas -> estresándolas	1571 Molina 2	1571-molina-2:003099	xacualoa	Traducción	desgranar semillas o cosa semejante, estregandolas con las manos, o sobar masa o cosa así
candidate_spelling	estridulación	1	estipulación	estipulación	estridulación -> estipulación	2021 Wimmer	2021-wimmer:039369	tlalacatl	Traducción (es)	insecto escarabajo que vive en lugares húmedos y emite estridulación
candidate_spelling	estril	1	Estoril	Estoril, estira, estire, estéril, estría, estrío	estril -> Estoril	1780 ? Bnf_361	1780-bnf-361:022246	tetzacati	Traducción	hacerse estril
candidate_spelling	estrivode	1	estirado	estirado, estirados, estriado, estriados, estridor	estrivode -> estirado	1780 ? Bnf_361	1780-bnf-361:020856	tepozcactli	Traducción	estrivode silla; herradura de bestia
candidate_spelling	estrmos	1	estamos	estamos, estemos	estrmos -> estamos	1780 ? Bnf_361	1780-bnf-361:014403	nepantlatli	Traducción	medio entre dos estrmos
candidate_spelling	estroendo	1	estruendo	estruendo	estroendo -> estruendo	1547 Olmos_V ?	1547-olmos-v:000536	cocomotza	Traducción	hacer estroendo
candidate_spelling	estropajadas	1	estropajeadas	estropajeadas	estropajadas -> estropajeadas	1571 Molina 2	1571-molina-2:000984	tlatolpapazolli	Traducción	palabras estropajadas, sin orden ni concierto
candidate_spelling	estropera	1	estropear	estropear, estropea, estropeará, estropeara	estropera -> estropear	1780 ? Bnf_361	1780-bnf-361:020810	tepotlamia	Traducción	estropera o tropesar
candidate_spelling	estropesa	1	estropea	estropea, estropeas	estropesa -> estropea	1780 ? Bnf_361	1780-bnf-361:019427	teltia	Traducción	estropesa o tropezar
candidate_spelling	estrunelo	1	estruendo	estruendo, estrenuo	estrunelo -> estruendo	1547 Olmos_V ?	1547-olmos-v:000534	cocomoca	Traducción	hacer estrunelo
candidate_spelling	estándo	1	estado	estado, restando, estanco, gestando	estándo -> estado	1571 Molina 2	1571-molina-2:006201	cochizpan  +	Traducción	en sueños, o estándo durmiendo ellos
candidate_spelling	esténder	1	entender	entender, extender	esténder -> entender	1571 Molina 2	1571-molina-2:001706	tlazohualiztli	Traducción	tendimiento de ropa o de cosa así. s. el acto de tender, desplegar o esténder algo
candidate_spelling	esténdidos	1	entendidos	entendidos, extendidos	esténdidos -> entendidos	1571 Molina 1	1571-molina-1:016735	mamazouhticac	Traducción	crucificado estar o tener esténdidos los brazos
candidate_spelling	esuntuosa	1	suntuosa	suntuosa, e suntuosa	esuntuosa -> suntuosa	1780 ? Bnf_361	1780-bnf-361:013939	neixtililiztli	Traducción	entonamiento de persona por esuntuosa
candidate_spelling	etar	1	estar	estar, atar, vetar, etas, retar, star	etar -> estar	1780 ? Bnf_361	1780-bnf-361:018958	tehuicehualiztli	Traducción	levantamiento contra; encuentro por etar pelenado: apechugameinto con otro; ayuda de otro, haciéndose de su banda
candidate_spelling	exalvegar	1	exagera	exagera	exalvegar -> exagera	1780 ? Bnf_361	1780-bnf-361:010235	ixamatiloa	Traducción	embarrar con barro raro; o enlucir lo oscuro, o exalvegar
candidate_spelling	excarmenal	1	excarcelan	excarcelan	excarmenal -> excarcelan	1547 Olmos_V ?	1547-olmos-v:001523	pochina	Traducción	cardar, excarmenal
candidate_spelling	exciter	1	excite	excite, excites, exciten, excité, excitare	exciter -> excite	1759 Paredes	1759-paredes:000356	yollotilia	Traducción	exciter (rev.)
candidate_spelling	excusaciones	1	excavaciones	excavaciones, excitaciones, exculpaciones	excusaciones -> excavaciones	1571 Molina 2	1571-molina-2:023284	tlanehuia	Traducción	poner achaques o excusaciones, o tomar una cosa por otra
candidate_spelling	exemplarizar	1	ejemplarizar	ejemplarizar	exemplarizar -> ejemplarizar	1780 ? Bnf_361	1780-bnf-361:011262	machiyotia	Traducción	edificar a otros, dándoles buen ejemplo. exemplarizar, poner ejemplo: dar materia; empadronar
candidate_spelling	exempleficar	1	ejemplificar	ejemplificar	exempleficar -> ejemplificar	1780 ? Bnf_361	1780-bnf-361:015750	octacatlalilia	Traducción	exempleficar, poner ejemplo
candidate_spelling	exemplo	1	ejemplo	ejemplo	exemplo -> ejemplo	2021 Wimmer	2021-wimmer:019460	ixcuitia	Traducción (es)	v.t. tē-., dar buen ejemplo a los demás. / v.t. tē-., dar buen exemplo. / v.refl., modelarse, tomar ejemplo
candidate_spelling	exercitanse	1	excretase	excretase, excretares, excretases, excreciones	exercitanse -> excretase	1571 Molina 2	1571-molina-2:013800	necnomacho	Traducción	humillanse, o exercitanse todos en la humildad
candidate_spelling	exersitar	1	exorcizar	exorcizar, excretar	exersitar -> exorcizar	1780 ? Bnf_361	1780-bnf-361:026253	tlamatiliztlazotla	Traducción	filosofar, dar obra o exersitar la sabiduría
candidate_spelling	exhorear	1	exhortar	exhortar	exhorear -> exhortar	17?? Bnf_362bis	17-bnf-362bis:000511	mazaye	Traducción	adverbio de exhorear
candidate_spelling	exido	1	exijo	exijo, éxito, éxodo, ejido, óxido, oxido	exido -> exijo	1571 Molina 2	1571-molina-2:012182	mazatlacuacualtiloyan	Traducción	dehesa, o exido
candidate_spelling	exonetar	1	exonerar	exonerar, exonera	exonetar -> exonerar	1780 ? Bnf_361	1780-bnf-361:017910	axixcomitl	Traducción	su sinomono cuitlacomitl. ba cin para exonetar el vientre
candidate_spelling	exortativo	1	extractiva	extractiva, extravió, extractivo	exortativo -> extractiva	1611 Arenas	1611-arenas:001158	ma	Traducción	(exortativo)
candidate_spelling	experimentandolo	1	experimentando	experimentando, experimentándolo	experimentandolo -> experimentando	17?? Bnf_362	17-bnf-362:000953	yeyecoa	Traducción	gustar o probar algo; probar la comida; probar algo experimentandolo; tentar o probar algo
candidate_spelling	experimetado	1	experimentado	experimentado	experimetado -> experimentado	153? Trilingüe	153-trilingue:011505	tlamatini	Traducción	sabio experimetado
candidate_spelling	expliquan	1	expliquen	expliquen	expliquan -> expliquen	17?? Bnf_362	17-bnf-362:004835	tlalpoloa	Traducción	el modo con que ellos expliquan lo último de la borrachera es disiendo [eso]
candidate_spelling	exponedor	1	exponer	exponer, exponemos, expender, expendedor, exponed, exponeos	exponedor -> exponer	1571 Molina 2	1571-molina-2:019045	teotlatolmelahuani	Traducción	interpretador, exponedor, o declarador de la sagrada escritura
candidate_spelling	expremida	1	exprimida	exprimida	expremida -> exprimida	1571 Molina 2	1571-molina-2:021093	tlaayoquixtilli	Traducción	cosa expremida, así como las hierbas, o el orujo, después desacada la virtud de ellas
candidate_spelling	expurio	1	espurio	espurio, expiro, expurgo, expurgó	expurio -> espurio	17?? Bnf_362	17-bnf-362:002531	ixtaexconetl	Traducción	hijo expurio o adulterino
candidate_spelling	exrogatio	1	exhortado	exhortado, excogitar, excogitas, excogitad, excogitado, excogitan	exrogatio -> exhortado	1780 ? Bnf_361	1780-bnf-361:013366	nahuatilxeloliztli	Traducción	quitamiento de la ley en parte; exrogatio legis
candidate_spelling	exsamen	1	examen	examen	exsamen -> examen	1780 ? Bnf_361	1780-bnf-361:014714	netlatolyeyecoliztli	Traducción	exsamen o prueba de alguna cosa que se compone
candidate_spelling	exteriorm	1	exterior	exterior	exteriorm -> exterior	1780 ? Bnf_361	1780-bnf-361:020729	tepiquini	Traducción	hacedor. o hacedora de algo exteriorm(en(te
candidate_spelling	extrareal	1	extraer	extraer, extraerán, extraerá, extrapola, extrajera, extraería	extrareal -> extraer	2021 Wimmer	2021-wimmer:028316	pampa	Traducción (es)	con un poseedor animado, marca un beneficiario extrareal. / con poseedor inanimado, marca la causa o motivo
candidate_spelling	extroversa	1	extrajeras	extrajeras, extravenas, extornaras	extroversa -> extrajeras	2021 Wimmer	2021-wimmer:037503	tlachiyatiuh	Traducción (es)	cf. tlachiya en conjugación extroversa
candidate_spelling	facis	1	macis	macis, fácil, faces, facas, facie	facis -> macis	1547 Olmos_V ?	1547-olmos-v:001031	amo ohui	Traducción	facis cosa de entender
candidate_spelling	facit	1	fácil	fácil, facie	facit -> fácil	1547 Olmos_V ?	1547-olmos-v:001306	aqui	Traducción	facit infelicem
candidate_spelling	facorecer	1	favorecer	favorecer	facorecer -> favorecer	1780 ? Bnf_361	1780-bnf-361:021777	tetlan nite, aquia	Traducción	facorecer con voto
candidate_spelling	fagotado	1	agotado	agotado	fagotado -> agotado	2021 Wimmer	2021-wimmer:000334	tlatetemalli	Traducción (es)	fagotado, abrigado, fascina
candidate_spelling	faisa	1	falsa	falsa, farsa, frisa, faisán	faisa -> falsa	153? Trilingüe	153-trilingue:007808	patlahuacnelpiloni	Traducción	faisa por la faja
candidate_spelling	faisar	1	frisar	frisar, faisán	faisar -> frisar	153? Trilingüe	153-trilingue:007807	patlahuacailpia	Traducción	faisar por fajar
candidate_spelling	falaropos	1	fallaremos	fallaremos	falaropos -> fallaremos	2021 Wimmer	2021-wimmer:030498	atzitzicuilotlapahuaxtli	Traducción (es)	culinario, falaropos cocidos en una olla
candidate_spelling	falcedades	1	falsedades	falsedades	falcedades -> falsedades	1780 ? Bnf_361	1780-bnf-361:018300	tecanecayahualiztli	Traducción	injuria; mojadura; engaño con que uno engaña a otro; falcedades contra hacer
candidate_spelling	faltandose	1	faltando	faltando, faltantes, faltados, falsándose	faltandose -> faltando	1629 Alarcón	1629-alarcon:001170	pinauhtia  +	Traducción	caer en afrenta faltandose
candidate_spelling	falvina	1	alvina	alvina, fallían	falvina -> alvina	1780 ? Bnf_361	1780-bnf-361:022259	tetzahuacatolli	Traducción	falvina de cualquiera cosa
candidate_spelling	falzada	1	calzada	calzada, alzada, fallada, faltada, falcada	falzada -> calzada	1780 ? Bnf_361	1780-bnf-361:025390	tlaixcuepalli	Traducción	falzada cosa
candidate_spelling	falzas	1	falsas	falsas, fallas, faltas, alzas, calzas, faldas	falzas -> falsas	1780 ? Bnf_361	1780-bnf-361:002527	tlayeyecalhuia	Traducción	arrendar i contra hacer a otro o tomar persona en falzas
candidate_spelling	falzo	1	falso	falso, fallo, falto, falló, alzó, faltó	falzo -> falso	1780 ? Bnf_361	1780-bnf-361:026326	tlamaxiltiani	Traducción	añadidor de lo que está falzo
candidate_spelling	fantacia	1	fantasía	fantasía	fantacia -> fantasía	1780 ? Bnf_361	1780-bnf-361:014747	netopalquetzaliztli	Traducción	atavío suntuoso y vanamente, con fantacia
candidate_spelling	fantastic	1	fantástico	fantástico, fantástica	fantastic -> fantástico	1759 Paredes	1759-paredes:000129	topalquetza	Traducción	ser fantastic algo
candidate_spelling	farina	1	faria	faria, marina, harina, Karina, zarina, farrean	farina -> faria	1598 Tezozomoc	1598-tezozomoc:001318	pinolli	Traducción	pinole / farina de maza para beber
candidate_spelling	farter	1	cárter	cárter, farree	farter -> cárter	2021 Wimmer	2021-wimmer:023253	miyexini	Traducción (es)	farter, el que se tira pedos
candidate_spelling	fatible	1	factible	factible, falible	fatible -> factible	1571 Molina 2	1571-molina-2:005765	chihualiztli	Traducción	cosa fatible
candidate_spelling	fatigandolo	1	fatigando	fatigando, fatigándolo	fatigandolo -> fatigando	1571 Molina 2	1571-molina-2:021556	tlaciyahuiltia	Traducción	acosar, cansar y afligir mucho a otro, persiguiéndolo y fatigandolo mucho
candidate_spelling	fatiguarse	1	fatigarse	fatigarse, fatigares	fatiguarse -> fatigarse	1780 ? Bnf_361	1780-bnf-361:009263	ihiyocahua	Traducción	aquejarse o fatiguarse el que v.a cargado con grande carga
candidate_spelling	fatuus	1	fatuo	fatuo, fatuos, fatua, fatuas	fatuus -> fatuo	1780 ? Bnf_361	1780-bnf-361:010879	ixtotomahua	Traducción	atochado, abobado, atontado, metecato. fatuus de mens
candidate_spelling	fauorece	1	favorece	favorece	fauorece -> favorece	1571 Molina 2	1571-molina-2:019007	teoquichtiliani	Traducción	favorecedor que fauorece a otros con gente armada
candidate_spelling	fauorecerse	1	favoreceré	favoreceré, favorecieres	fauorecerse -> favoreceré	1571 Molina 2	1571-molina-2:013592	nanamiqui	Traducción	ayudarse o fauorecerse
candidate_spelling	fauoreciendo	1	favoreciendo	favoreciendo	fauoreciendo -> favoreciendo	1571 Molina 2	1571-molina-2:019604	tequitlaza	Traducción	dejar el cargo o oficio que tenia, o arronjarse e insistir o porfiar defendiendo o fauoreciendo algún negocio
candidate_spelling	fauoreciendolos	1	favoreciéndolos	favoreciéndolos	fauoreciendolos -> favoreciéndolos	1571 Molina 2	1571-molina-2:024126	tlatalhuia	Traducción	ser procurador de otros, o hablar por ellos, fauoreciendolos y ayudando los
candidate_spelling	faute	1	falte	falte, paute, frute, falté, fatuo, fatua	faute -> falte	1780 ? Bnf_361	1780-bnf-361:013373	nahuatlato	Traducción	interprete, o faraute; ladino; faute de lenguas
candidate_spelling	fauves	1	fauces	fauces	fauves -> fauces	2021 Wimmer	2021-wimmer:031663	tecuanatl	Traducción (es)	rivière aux fauves, nombre de un río
candidate_spelling	favorecedro	1	favorecedlo	favorecedlo, favorecedor	favorecedro -> favorecedlo	1780 ? Bnf_361	1780-bnf-361:019040	teicihuitiani	Traducción	favorecedro con grito; õ aguijador
candidate_spelling	faxado	1	fajado	fajado, laxado	faxado -> fajado	1571 Molina 2	1571-molina-2:022371	tlailacatzolli	Traducción	cosa arrollada o revuelta, o niño faxado y envuelto
candidate_spelling	faxarse	1	faxearse	faxearse, fajares	faxarse -> faxearse	1571 Molina 2	1571-molina-2:007964	elilpia	Traducción	faxarse o atarse los pechos
candidate_spelling	faxo	1	fato	fato, fado, favo, faxeo, faro, saxo	faxo -> fato	1571 Molina 1	1571-molina-1:027440	tentia	Traducción	echar faxo o ribete
candidate_spelling	feirro	1	ferro	ferro, fierro, ferró, fiero, Ferro, ferió	feirro -> ferro	1780 ? Bnf_361	1780-bnf-361:020963	tepoztetzopiniloni	Traducción	aguijón de feirro, o espuela
candidate_spelling	felice	1	felices	felices, Felipe, hélice, Belice, Felice	felice -> felices	1571 Molina 2	1571-molina-2:008519	huelnechihualiztli	Traducción	acertamiento, dicha, o ventura felice y buena
candidate_spelling	femina	1	felina	felina, fémina, féminas, ferina, afemina	femina -> felina	1780 Clavijero	1780-clavijero:000207	yecoa	Traducción	rem turpem cum mare aut femina habere
candidate_spelling	femines	1	femenil	femenil, féminas, afemines	femines -> femenil	17?? Bnf_362	17-bnf-362:003522	patlachhuia	Traducción	hacer pecado contra natura e jus dez sexui femines
candidate_spelling	feno	1	Geno	Geno, feo, fino, seno, reno, ceno	feno -> Geno	1765 Cortés y Zedeño	1765-cortes-y-zedeno:003312	pachtli	Traducción	feno, o heno, que se ciega en otoño
candidate_spelling	ferrarios	1	terrarios	terrarios, ferraron, ferrados, Ferraris, ferrares, ferramos	ferrarios -> terrarios	153? Trilingüe	153-trilingue:008997	tenatcayotl	Traducción	afiladura ferrarios
candidate_spelling	fictiones	1	ficciones	ficciones	fictiones -> ficciones	1571 Molina 2	1571-molina-2:022350	calmeca tlatolli	Traducción	palabras dichas en corredores largos. e tomase por los dichos y fictiones de los viejos antiguos
candidate_spelling	fielm	1	fiel	fiel, film, fíele, fíelo, fíela	fielm -> fiel	1780 ? Bnf_361	1780-bnf-361:021327	tetech huelyollotiliztica	Traducción	fielm(en(te la causa de que confiamos
candidate_spelling	fierrro	1	fierro	fierro, fiero	fierrro -> fierro	1780 ? Bnf_361	1780-bnf-361:020857	tepozcaxitl	Traducción	cazo de fierrro
candidate_spelling	figir	1	fingir	fingir	figir -> fingir	1780 ? Bnf_361	1780-bnf-361:012018	miccanenequi	Traducción	figir que está muerto
candidate_spelling	filer	1	filar	filar, files, filen, file, filtre, filero	filer -> filar	2021 Wimmer	2021-wimmer:004347	tzahua	Traducción (es)	v.i., filer
candidate_spelling	filso	1	falso	falso, filos, filo, filmó, filio, filmo	filso -> falso	1780 ? Bnf_361	1780-bnf-361:000104	tlatenitztilli	Traducción	afilada cosa de dos filso como espada
candidate_spelling	finaja	1	tinaja	tinaja, finjan, finjas, finja, finada, finaba	finaja -> tinaja	1780 ? Bnf_361	1780-bnf-361:017506	quechpiyaztli	Traducción	canilla de finaja
candidate_spelling	finden	1	finde	finde, rinden, fingen, funden, finten, linden	finden -> finde	2021 Wimmer	2021-wimmer:019689	ixnentla	Traducción (es)	lugar donde buscamos vivir. / v.i., conoce el lugar donde se encuentra lo que buscas. / v.refl., del kennst das ort wo das gesuchte zu finden ist
candidate_spelling	finfirse	1	fingirse	fingirse	finfirse -> fingirse	1780 ? Bnf_361	1780-bnf-361:026252	tlamatiliztlapiquia	Traducción	finfirse sabio
candidate_spelling	finiestra	1	siniestra	siniestra	finiestra -> siniestra	153? Trilingüe	153-trilingue:003391	pochquiyahuatl	Traducción	ventana o finiestra
candidate_spelling	finjirse	1	fingiese	fingiese, fingieres	finjirse -> fingiese	1780 ? Bnf_361	1780-bnf-361:026221	tlamatcanequi	Traducción	finjirse sabio
candidate_spelling	firar	1	filar	filar, mirar, tirar, girar, firmar, fijar	firar -> filar	1780 ? Bnf_361	1780-bnf-361:008889	icanimayahui	Traducción	firar, o arrojar algo por hoy
candidate_spelling	firmal	1	formal	formal, firmas, firma, firmar, firman, filmar	firmal -> formal	153? Trilingüe	153-trilingue:009143	teocuitlacuzcatl	Traducción	joyel firmal
candidate_spelling	fixar	1	filar	filar, fijar, fiar, fiara, finar, pixar	fixar -> filar	1780 ? Bnf_361	1780-bnf-361:016156	atlahuia	Traducción	fixar con amiento
candidate_spelling	fiándo	1	fijando	fijando, ciando, fiando, fiado, liando, finando	fiándo -> fijando	1571 Molina 2	1571-molina-2:008556	huelyollotia	Traducción	asegurar a otro, haciéndole cierto de algún negocio, o fiándo y abonando a alguno
candidate_spelling	flacidezcf	1	flacidez	flacidez	flacidezcf -> flacidez	2021 Wimmer	2021-wimmer:005223	tzotzoliuhcayotl	Traducción (es)	flacidezcf. falta de firmeza (de la carne)
candidate_spelling	flatar	1	faltar	faltar, flotar, fletar	flatar -> faltar	1611 Arenas	1611-arenas:001649	poloa	Traducción	flatar a alguien
candidate_spelling	flecar	1	fletar	fletar, flechar	flecar -> fletar	153? Trilingüe	153-trilingue:011055	tlahuitoltetehuana	Traducción	flecar el arco
candidate_spelling	flick	1	flickr	flickr, click	flick -> flickr	2021 Wimmer	2021-wimmer:013399	cuatzilcoltia	Traducción (es)	v.t. tē-., flick
candidate_spelling	floca	1	bloca	bloca, flaca, flota, flora, floja, flaco	floca -> bloca	1780 ? Bnf_361	1780-bnf-361:019826	tenchayahuac	Traducción	ropa con floca dura en la orilla; deshilada ropa
candidate_spelling	flojetada	1	floreada	floreada, flojeaba, flojeara, flojeado, flojedad, flojead	flojetada -> floreada	153? Trilingüe	153-trilingue:005922	mazanemiliztli	Traducción	flojetada en el cuerpo
candidate_spelling	flol	1	flow	flow, flor	flol -> flow	1780 ? Bnf_361	1780-bnf-361:005438	yeloxochitl	Traducción	flol otra como mazorca de maíz con sus hojas
candidate_spelling	fluxa	1	flux	flux, fluya, fluía, luxa, flux a	fluxa -> flux	1565 Sahagún Escolios	1565-sahagun-escolios:000787	maxixilopahuax	Traducción	cosa maniaca o fluxa, nomaxixilopauaxticauh
candidate_spelling	fluxura	1	fulgura	fulgura	fluxura -> fulgura	1565 Sahagún Escolios	1565-sahagun-escolios:001094	quelmati	Traducción	dejar de hacer lo que es obligado por fluxura
candidate_spelling	foloso	1	coloso	coloso, doloso, folios, filoso, fogoso	foloso -> coloso	1780 ? Bnf_361	1780-bnf-361:013062	moxochipoloani	Traducción	foloso
candidate_spelling	foltalecer	1	fortalecer	fortalecer	foltalecer -> fortalecer	1780 ? Bnf_361	1780-bnf-361:027436	tlapaltilia	Traducción	firmecer (?) o foltalecer (sic)
candidate_spelling	forcer	1	torcer	torcer, forcé, forre, forrare	forcer -> torcer	1780 ? Bnf_361	1780-bnf-361:022315	tetzilhuia	Traducción	forcer mucho alguna cosa para otro
candidate_spelling	forcijar	1	forcejar	forcejar	forcijar -> forcejar	1571 Molina 2	1571-molina-2:023741	tlapaltilia	Traducción	esforzarse, forcijar, o confortarse
candidate_spelling	fornero	1	tornero	tornero, forero, hornero, forren, formero	fornero -> tornero	1780 ? Bnf_361	1780-bnf-361:001556	tlatornohuiani	Traducción	fornero el que tornea
candidate_spelling	fortalecervna	1	fortalecerían	fortalecerían	fortalecervna -> fortalecerían	1571 Molina 2	1571-molina-2:001038	tlatoquillotia	Traducción	fortalecervna cosa con otra
candidate_spelling	fortalesa	1	fortaleza	fortaleza	fortalesa -> fortaleza	1780 ? Bnf_361	1780-bnf-361:027441	tlapaltiliztli	Traducción	virtud por la fortalesa o esfuerso
candidate_spelling	forté	1	norte	norte, corte, forte, corté, porte, forcé	forté -> norte	17?? Bnf_362bis	17-bnf-362bis:000130	zanen	Traducción	por ventura, acaso, latin. forté. (adverbio de dudar.) quizá, quizá querrá dios. usase deel cuando se duda si sucedera lo que se desea o espera, y no lo que se teme
candidate_spelling	fosario	1	rosario	rosario, osario, fosaría, cosario	fosario -> rosario	1571 Molina 2	1571-molina-2:015649	omicentlaliloyan	Traducción	osario o fosario
candidate_spelling	fragoza	1	fragosa	fragosa	fragoza -> fragosa	1780 ? Bnf_361	1780-bnf-361:018989	tehuihuitztla	Traducción	fragoza cosa áspera de piedras
candidate_spelling	franquesa	1	franqueza	franqueza, franquea, franqueas	franquesa -> franqueza	1780 ? Bnf_361	1780-bnf-361:025198	tlaicnelilizzotl	Traducción	franquesa por privilegio
candidate_spelling	frasar	1	frisar	frisar, frasear, rasar	frasar -> frisar	153? Trilingüe	153-trilingue:000496	tlatotopotza ^	Traducción	frasar con habas
candidate_spelling	fratagar	1	fragatas	fragatas, fragata	fratagar -> fragatas	1780 ? Bnf_361	1780-bnf-361:012496	mocihuia	Traducción	consolarse, õ afligirse; fratagar. desaso segarse; agonizar; alborotarse alguno, o desasosegarse; ruido hacer, y patear con ira; alterarse, y turbarse por algún negocio, o por estar al cabo, o en pasatiempo
candidate_spelling	fregaduro	1	fregadero	fregadero, fregador, fregadura	fregaduro -> fregadero	153? Trilingüe	153-trilingue:000955	caxpapacaliztli	Traducción	fregaduro de esta manera
candidate_spelling	frequenta	1	frecuenta	frecuenta	frequenta -> frecuenta	1571 Molina 2	1571-molina-2:021360	tlacemmatqui	Traducción	el que frequenta y continua alguna cosa con perseverancia y constancia
candidate_spelling	frequentar	1	frecuentar	frecuentar	frequentar -> frecuentar	1571 Molina 2	1571-molina-2:008191	huallamati	Traducción	acudir o frequentar alguna casa o lugar
candidate_spelling	fresada	1	frenada	frenada, frisada, frezada, fresad a	fresada -> frenada	153? Trilingüe	153-trilingue:000497	tlatotopotzaliztli	Traducción	fresada cosa
candidate_spelling	fresadas	1	frenadas	frenadas, frisadas, frezadas	fresadas -> frenadas	153? Trilingüe	153-trilingue:001845	yancuic	Traducción	fresadas con cebada
candidate_spelling	frgados	1	fugados	fugados, fregados, fragoso	frgados -> fugados	1780 ? Bnf_361	1780-bnf-361:027507	tlapapactli	Traducción	frgados vasos
candidate_spelling	frgar	1	fregar	fregar, fugar, Fraga, fragor	frgar -> fregar	153? Trilingüe	153-trilingue:000954	caxpapaca	Traducción	frgar lavar vasos
candidate_spelling	fricmiento	1	freimiento	freimiento	fricmiento -> freimiento	1780 ? Bnf_361	1780-bnf-361:026317	tlamaxacualoliztli	Traducción	desmenusamiento de algo o fricmiento entre las manos
candidate_spelling	fromtero	1	frontero	frontero	fromtero -> frontero	1598 Tezozomoc	1598-tezozomoc:001792	tlacochcalli	Traducción	casa de guerra / tumba grande / aposento o tumba fromtero del templo de huitzilopochtli
candidate_spelling	frontexo	1	frontero	frontero	frontexo -> frontero	17?? Bnf_362	17-bnf-362:004702	calixcuatl	Traducción	frontexo de casa
candidate_spelling	fructos	1	frutos	frutos, fructosa	fructos -> frutos	17?? Bnf_362	17-bnf-362:000381	tonacayotl	Traducción	cosa de el invierno; cosa de el otoño; los fructos que se siembran en este tiempo; mieses, esto es cuando están verdes
candidate_spelling	frunsido	1	fruncido	fruncido	frunsido -> fruncido	1780 ? Bnf_361	1780-bnf-361:020060	tentzoltic	Traducción	repulgado, frunsido
candidate_spelling	fruteroso	1	fruteros	fruteros, fruteros o	fruteroso -> fruteros	1780 ? Bnf_361	1780-bnf-361:003854	tzapoyo	Traducción	fruteroso lo que da fruta
candidate_spelling	frutoso	1	frutos	frutos, frutos o	frutoso -> frutos	1780 ? Bnf_361	1780-bnf-361:004827	xocoyo	Traducción	frutoso, lo que da fruto
candidate_spelling	fuele	1	fue	fue, duele, suele, fuese, huele, vuele	fuele -> fue	153? Trilingüe	153-trilingue:000961	tlepipitzaloni	Traducción	fuele para soplar
candidate_spelling	fuersa	1	fuerza	fuerza, fuera, fueras	fuersa -> fuerza	1780 ? Bnf_361	1780-bnf-361:023500	tlacaquiliztica	Traducción	ingeniosamente por fuersa natural
candidate_spelling	fuertamente	1	fuertemente	fuertemente, tuertamente	fuertamente -> fuertemente	1759 Paredes	1759-paredes:001783	teteuhilpia	Traducción	atar fuertamente / atar fuertemente
candidate_spelling	funcionalre	1	funcionaré	funcionaré, funcionare	funcionalre -> funcionaré	2021 Wimmer	2021-wimmer:033906	tepecuacuilcatl	Traducción (es)	designa un funcionalre (calpixqui)
candidate_spelling	fundam	1	funda	funda, fundar, fundan, fundad	fundam -> funda	1780 ? Bnf_361	1780-bnf-361:022355	tetzontlalia	Traducción	fundar poner fundamento, cuando se edifica la pared, desde el principal fundam(en(to. hasta medio estado en alto hacer cimiento de algún edificio
candidate_spelling	fundoria	1	fundaría	fundaría, fundiría, fundirá	fundoria -> fundaría	153? Trilingüe	153-trilingue:009423	tepozatililoni	Traducción	fundoria en que funden
candidate_spelling	funtia	1	fundía	fundía, fungía	funtia -> fundía	153? Trilingüe	153-trilingue:007001	netemachiliztli	Traducción	funtia a confrança
candidate_spelling	furiar	1	furia	furia, furias, feriar	furiar -> furia	153? Trilingüe	153-trilingue:004871	imati ^	Traducción	furiar
candidate_spelling	furiarse	1	feriares	feriares, fruyeres	furiarse -> feriares	1780 ? Bnf_361	1780-bnf-361:027899	tlapololtia	Traducción	furiarse el corazón
candidate_spelling	furieuses	1	frieses	frieses, fruyeses	furieuses -> frieses	2021 Wimmer	2021-wimmer:038632	tlahuele	Traducción (es)	furioso, enojado, violento. / violento, furioso, salvaje, repugnante. / furioso, violento, desatado. / plural: furieuses
candidate_spelling	fvelles	1	fieles	fieles	fvelles -> fieles	1571 Molina 1	1571-molina-1:011092	ehuatlepitzaloni	Traducción	fvelles para soplar
candidate_spelling	gafoso	1	ganoso	ganoso, gafos, gajoso, gafos o	gafoso -> ganoso	153? Trilingüe	153-trilingue:010127	teucuaiializtli	Traducción	gato gafoso
candidate_spelling	galardia	1	gallardía	gallardía	galardia -> gallardía	1780 ? Bnf_361	1780-bnf-361:016561	pactinemiliztli	Traducción	lozania, o galardia; reciura nadaliente
candidate_spelling	galipavo	1	gallipavo	gallipavo	galipavo -> gallipavo	1780 Clavijero	1780-clavijero:001096	huexolotl	Traducción	galipavo o gallo de indias
candidate_spelling	gallipabo	1	gallinazo	gallinazo, galápago, galopado, galopaba, galicano, galicado	gallipabo -> gallinazo	1598 Tezozomoc	1598-tezozomoc:000139	totolquimilli	Traducción	bollo [a] manera de enpanada, rrelleno y revuelto de gallina o gallipabo
candidate_spelling	gallipauo	1	gallinazo	gallinazo, galápago, galopado, galicano, galicado	gallipauo -> gallinazo	1598 Tezozomoc	1598-tezozomoc:000853	huexolotl	Traducción	huexolote / gallo grande / gallipauo / *al
candidate_spelling	ganansioso	1	ganancioso	ganancioso	ganansioso -> ganancioso	1780 ? Bnf_361	1780-bnf-361:025450	tlaixnextiani	Traducción	ganansioso
candidate_spelling	garanon	1	ganaron	ganaron, ganarán, ganaran, ganaren, garañón	garanon -> ganaron	1780 ? Bnf_361	1780-bnf-361:023205	cahuallo tlacuitiani	Traducción	yeguarizo, que echa garanon
candidate_spelling	gargaton	1	gargantón	gargantón	gargaton -> gargantón	153? Trilingüe	153-trilingue:009587	tequitlacuani	Traducción	gargaton
candidate_spelling	gargavero	1	gargareo	gargareo	gargavero -> gargareo	153? Trilingüe	153-trilingue:000418	tlatolhuaztli	Traducción	gargavero
candidate_spelling	garibav	1	giraba	giraba, giraban, girabas	garibav -> giraba	2021 Wimmer	2021-wimmer:038693	tlahuelmictia	Traducción (es)	v.i., enojarse mucho, portarse mal. / v.i., enojar mucho, portarse mal. garibav llave 370
candidate_spelling	garritamente	1	gratuitamente	gratuitamente, gratamente	garritamente -> gratuitamente	153? Trilingüe	153-trilingue:002763	chipahuaca	Traducción	garritamente
candidate_spelling	garvansos	1	garbanzos	garbanzos	garvansos -> garbanzos	1780 ? Bnf_361	1780-bnf-361:025124	tlahuitecqui	Traducción	desgranador de trigo, frijoles, lentejas, garvansos, o cosas semejantes
candidate_spelling	garvanzo	1	garbanzo	garbanzo	garvanzo -> garbanzo	1780 ? Bnf_361	1780-bnf-361:000623	tlatlacuicuililoni	Traducción	mondadiras de garvanzo, o arroz
candidate_spelling	gasajado	1	agasajado	agasajado, agasajo	gasajado -> agasajado	1571 Molina 2	1571-molina-2:000607	tlatlapitzahua	Traducción	reír alto, con gran gasajado y demasiadamente, o cantar con voz delgada y mujeril
candidate_spelling	gatado	1	ganado	ganado, matado, atado, gastado, catado, datado	gatado -> ganado	1780 ? Bnf_361	1780-bnf-361:020019	tentetecuinauhqui	Traducción	mellado, õ embotado el machete o azadón; gatado o embotado el azadón o el machete
candidate_spelling	gauche	1	gaucha	gaucha, gaucho, guache	gauche -> gaucha	2021 Wimmer	2021-wimmer:027812	opochco	Traducción (es)	a la gauche. / à ma gauche. / a su izquierda
candidate_spelling	generodo	1	generado	generado, generoso	generodo -> generado	1780 ? Bnf_361	1780-bnf-361:022309	tetzicueuhca	Traducción	hijo de principal o senador; generodo de buen linaje
candidate_spelling	gerra	1	Gerda	Gerda, guerra, garra, perra, gorra, berra	gerra -> Gerda	1780 ? Bnf_361	1780-bnf-361:002461	tlayecoliztli	Traducción	gerra
candidate_spelling	giganteus	1	giganteas	giganteas, gigantes	giganteus -> giganteas	2021 Wimmer	2021-wimmer:011959	colotzin	Traducción (es)	escorpión de gran tamaño, de mordedura inofensiva y que desprende olor a vinagre cuando se le molesta (mastigoproctus giganteus)
candidate_spelling	glar	1	glam	glam, alar, lar	glar -> glam	1780 ? Bnf_361	1780-bnf-361:021982	tetlatlahuetzquiti	Traducción	truhan; c/u glar?
candidate_spelling	glebe	1	plebe	plebe, gleba	glebe -> plebe	2021 Wimmer	2021-wimmer:034383	tepozecayotl	Traducción (es)	vena, glebe de cobre
candidate_spelling	goleba	1	goleta	goleta, golea, goleaba, gleba	goleba -> goleta	153? Trilingüe	153-trilingue:011724	tlanitztepoztli	Traducción	goleba carradera
candidate_spelling	gomara	1	tomara	tomara, tomará, gomera, gozará, domara, gozara	gomara -> tomara	2021 Wimmer	2021-wimmer:037206	tlacaxipehualiztli	Traducción (es)	desollado de un hombre. / calendario: segundo mes del año, considerado el primero por gomara y otros autores
candidate_spelling	gomaso	1	gomas	gomas, gomoso, gomosa, gomosas, gomas o	gomaso -> gomas	1780 ? Bnf_361	1780-bnf-361:015731	ocotzoyo	Traducción	gomaso lleno de goma
candidate_spelling	gorgea	1	gorrea	gorrea, gorjea	gorgea -> gorrea	1571 Molina 2	1571-molina-2:000683	tlatlatoani	Traducción	parlero, o palabrero, o ave que gorgea mucho
candidate_spelling	gorojo	1	gorgojo	gorgojo	gorojo -> gorgojo	1780 ? Bnf_361	1780-bnf-361:015784	ocuilin	Traducción	gorojo que come el trigo; gusano generalmente
candidate_spelling	gosque	1	bosque	bosque, rosque, cosque, rosqué	gosque -> bosque	1780 ? Bnf_361	1780-bnf-361:010110	itzcuintepiton	Traducción	gosque perrillo
candidate_spelling	gouernados	1	gobernados	gobernados	gouernados -> gobernados	1571 Molina 2	1571-molina-2:023680	tlapacholtin	Traducción	subditos, subjetos, regidos y gouernados
candidate_spelling	gouernando	1	gobernando	gobernando	gouernando -> gobernando	1571 Molina 2	1571-molina-2:020564	teyacanaliztica	Traducción	guiando, rigendo y gouernando
candidate_spelling	graciozo	1	gracioso	gracioso	graciozo -> gracioso	1780 ? Bnf_361	1780-bnf-361:007027	cualnezcatlatoani	Traducción	graciozo en hablar
candidate_spelling	gragero	1	granero	granero, garguero	gragero -> granero	1780 ? Bnf_361	1780-bnf-361:025451	tlaixnextiani	Traducción	gragero
candidate_spelling	gramozo	1	gramos	gramos, grasoso, gravoso, granoso	gramozo -> gramos	1780 ? Bnf_361	1780-bnf-361:006091	zacaomiyo	Traducción	gramozo lleno de grama
candidate_spelling	grandiflora	1	grandillona	grandillona	grandiflora -> grandillona	2021 Wimmer	2021-wimmer:011046	cihuapatli	Traducción (es)	nombre que reciben distintas hierbas medicinales utilizadas para inducir las contracciones durante el parto (montanoa tomentosa, montanoa grandiflora, eriocoma floribunda)
candidate_spelling	grangeria	1	granjería	granjería	grangeria -> granjería	1571 Molina 2	1571-molina-2:014641	netlaixnextiliztli	Traducción	grangeria solicitud, o procuración de lo necesario a la vida
candidate_spelling	graniceros	1	granjeros	granjeros, granaderos, graneros	graniceros -> granjeros	1580 Sahagún/Máynez	1580-sahagun-maynez:002077	tlaciuhque	Traducción	graniceros adivinos
candidate_spelling	gransas	1	granjas	granjas, grasas, transas, granas, gansas, graneas	gransas -> granjas	1780 ? Bnf_361	1780-bnf-361:002728	tlazolquixtia	Traducción	gransas quitar
candidate_spelling	gransoso	1	grasoso	grasoso, granosos, granoso	gransoso -> grasoso	1780 ? Bnf_361	1780-bnf-361:002721	tlazollo	Traducción	gransoso, lleno de granzas
candidate_spelling	granzad	1	granada	granada, graznar, graznado, grazna, graznan, graznas	granzad -> granada	1780 ? Bnf_361	1780-bnf-361:024607	tlacuicuilia	Traducción	granzad quitar
candidate_spelling	gras	1	tras	tras, grao, gran, gray, graos, grais	gras -> tras	2021 Wimmer	2021-wimmer:029426	pochquiyo	Traducción (es)	que tiene el color de una cosa ahumada: color humo. / gras - graso
candidate_spelling	grasseyer	1	graneare	graneare, grajeare	grasseyer -> graneare	2021 Wimmer	2021-wimmer:033124	tentzitzipitlatoa	Traducción (es)	v.i., grasseyer
candidate_spelling	grasura	1	graduar	graduar, rasura, grosura, grasera	grasura -> graduar	1780 ? Bnf_361	1780-bnf-361:012707	momotzcayotl	Traducción	grasa por grasura
candidate_spelling	gromoso	1	gomoso	gomoso, grimoso, grumoso, aromoso	gromoso -> gomoso	1780 ? Bnf_361	1780-bnf-361:021159	tequixquizacayo	Traducción	gromoso lleno de grama
candidate_spelling	gruezas	1	gruesas	gruesas	gruezas -> gruesas	17?? Bnf_362	17-bnf-362:002617	iztactolin	Traducción	junco, especies mas gruezas
candidate_spelling	gruezos	1	gruesos	gruesos	gruezos -> gruesos	1780 ? Bnf_361	1780-bnf-361:020091	tenxipaltilahuac	Traducción	bezudo de gruezos bezos
candidate_spelling	grugir	1	rugir	rugir, gruñir, gruir, grujir	grugir -> rugir	1547 Olmos_V ?	1547-olmos-v:000027	capani	Traducción	grugir las coyunturas
candidate_spelling	gruxir	1	gruñir	gruñir, gruir, grujir	gruxir -> gruñir	1547 Olmos_V ?	1547-olmos-v:000026	capani	Traducción	gruxir la coyunturas
candidate_spelling	gruñiendo	1	gruñendo	gruñendo, grujiendo	gruñiendo -> gruñendo	1571 Molina 2	1571-molina-2:019582	tequiquinatzani	Traducción	gruñidor, así como el perro, que está gruñiendo y mostrando los dientes
candidate_spelling	gualardonado	1	galardonado	galardonado, galardonada, galardonados, galardonando, galardonad	gualardonado -> galardonado	1571 Molina 2	1571-molina-2:000740	tlatlaxtlahuilli	Traducción	pagado y satisfecho, o gualardonado
candidate_spelling	guanecerse	1	guarecieres	guarecieres, guarnecieres	guanecerse -> guarecieres	1780 ? Bnf_361	1780-bnf-361:015137	aquixtia	Traducción	huir como quiera; huir para salvarse; guanecerse; escaparse de peligro; retraerse a la iglesia el culpado; huir de los contrarios retirándose
candidate_spelling	guanto	1	cuanto	cuanto, cuánto, guante, aguanto, aguantó, guano	guanto -> cuanto	1780 ? Bnf_361	1780-bnf-361:021590	tetlacencuililiztli	Traducción	ladronicio publico; despojo de aquel, de guanto tenia
candidate_spelling	guedejado	1	guedejudo	guedejudo	guedejado -> guedejudo	153? Trilingüe	153-trilingue:003392	cuapipil	Traducción	guedejado
candidate_spelling	guelgo	1	cuelgo	cuelgo, huelgo, gugleo	guelgo -> cuelgo	1780 ? Bnf_361	1780-bnf-361:025218	tlaihiotzacutli	Traducción	el tapado el huelgo el que tiene por otro el guelgo, el resuello, el haliento tapado
candidate_spelling	guera	1	guara	guara, Zuera, fuera, guerra, cuera, nuera	guera -> guara	1547 Olmos_V ?	1547-olmos-v:000297	yaomana	Traducción	dar guera
candidate_spelling	guereros	1	guerreros	guerreros, quereros	guereros -> guerreros	1629 Alarcón	1629-alarcon:001072	olloque yaoyoque	Traducción	dioses peloteros y guereros
candidate_spelling	guerreada	1	guerreado	guerreado, guerreaba, guerreará, guerreara, guerread, guerread a	guerreada -> guerreado	1571 Molina 2	1571-molina-2:001543	tlayaochiuhtli	Traducción	guerreada cosa o combatida
candidate_spelling	guiraca	1	guiaría	guiaría, guiara, guaraca	guiraca -> guiaría	2021 Wimmer	2021-wimmer:015727	elotototl	Traducción (es)	ornitología, guiraca azul o picogrueso azul
candidate_spelling	guisiar	1	guisar	guisar, guisara	guisiar -> guisar	153? Trilingüe	153-trilingue:008813	teixtlaxilia ^	Traducción	guisiar del oio
candidate_spelling	guit	1	tuit	tuit, guió, guita, guié	guit -> tuit	2021 Wimmer	2021-wimmer:009594	chalchiuhtototl	Traducción (es)	ornitología, guit-guit saï
candidate_spelling	gujjarros	1	guijarros	guijarros	gujjarros -> guijarros	2021 Wimmer	2021-wimmer:002437	tlayeltetl	Traducción (es)	piedra descrita en otra manera de gujjarros
candidate_spelling	gular	1	cular	cular, lugar, mular, guiar, fular, gula	gular -> cular	2021 Wimmer	2021-wimmer:029864	quechmatle	Traducción (es)	que tiene una bolsa gular
candidate_spelling	gusanero	1	gusanera	gusanera, guanero	gusanero -> gusanera	1580 Sahagún/Máynez	1580-sahagun-maynez:001436	ocuillan	Traducción	gusanero
candidate_spelling	guxano	1	gusano	gusano, guano	guxano -> gusano	1780 ? Bnf_361	1780-bnf-361:027086	tlanocuilin	Traducción	guxano de los dientes o muelas
candidate_spelling	gícara	1	gibara	gibara, picara, girara, pícara, jícara	gícara -> gibara	1598 Tezozomoc	1598-tezozomoc:001569	teotecomatl	Traducción	gícara grande
candidate_spelling	güeyaba	1	guayaba	guayaba	güeyaba -> guayaba	1598 Tezozomoc	1598-tezozomoc:000808	guayaba	Traducción	güeyaba / [tipo de] fruta
candidate_spelling	haben	1	habón	habón, haber, saben, hacen, caben, hablen	haben -> habón	2021 Wimmer	2021-wimmer:014988	cuitlalpia	Traducción (es)	v.t. tla-., atar, unir. / v.t. tē-., ceñir a otro. / v.refl., ceñir, ceñirse los lomos. / alle haben ihre tabakkalebassen hinden umgegürtet. / v.refl. en sentido pasivo, estando unido en el medio
candidate_spelling	habere	1	haber	haber, habré, haberes, haber e	habere -> haber	1780 Clavijero	1780-clavijero:000207	yecoa	Traducción	rem turpem cum mare aut femina habere
candidate_spelling	habitamte	1	habitante	habitante, habitaste	habitamte -> habitante	1580 Sahagún/Máynez	1580-sahagun-maynez:001002	hueycametecatl eca	Traducción	habitamte de hueycamecatlan, viento
candidate_spelling	habl	1	habla	habla, hablo, hablé, hall, hable, habló	habl -> habla	1629 Alarcón	1629-alarcon:000939	nahualli	Traducción	bruja [lo que testificó un padre] / brujos nahualles que son diferentes de lo que son las brujas de españa / nahual, dueño de la natividad del niño y señor de sus acciones, o lo que los gentiles llamaban hado / nombre derivado de una de tres raíces que significan la primera, mandar, la segunda, habl
candidate_spelling	hablaua	1	hablaba	hablaba, hablara, hablará, hablada	hablaua -> hablaba	1571 Molina 2	1571-molina-2:023283	tlanehuia	Traducción	tomar una cosa por otra, pensando que era suya la capa, siendo de otro, o pensando que hablaua con pedro, no siendo el sino otro. etc.
candidate_spelling	habundancia	1	abundancia	abundancia	habundancia -> abundancia	1571 Molina 2	1571-molina-2:021387	tlacenquiza	Traducción	haber habundancia de todo lo necesario a la vida
candidate_spelling	hacientos	1	hacinemos	hacinemos	hacientos -> hacinemos	17?? Bnf_362	17-bnf-362:000643	xayotl	Traducción	heces o hacientos de cosa liquida
candidate_spelling	hacija	1	hacia	hacia, hacía, hacina, yacija	hacija -> hacia	153? Trilingüe	153-trilingue:004251	huetztoliztli	Traducción	i hacija
candidate_spelling	haguijar	1	aguijar	aguijar	haguijar -> aguijar	153? Trilingüe	153-trilingue:004573	tlacuel iciuhca	Traducción	arre para haguijar
candidate_spelling	haliento	1	caliento	caliento, aliento, halieto	haliento -> caliento	1780 ? Bnf_361	1780-bnf-361:025218	tlaihiotzacutli	Traducción	el tapado el huelgo el que tiene por otro el guelgo, el resuello, el haliento tapado
candidate_spelling	hallier	1	hallare	hallare, halare	hallier -> hallare	2021 Wimmer	2021-wimmer:004426	tzatzaptla	Traducción (es)	hallier, lugar cubierto de arbustos
candidate_spelling	hana	1	han	han, haha, gana, haga, haya, hala	hana -> han	153? Trilingüe	153-trilingue:010449	tlacahuaznequi	Traducción	haber hana de comprar
candidate_spelling	hanbre	1	hambre	hambre, habré, hambree	hanbre -> hambre	1780 ? Bnf_361	1780-bnf-361:020080	tenuahuaqui	Traducción	tener la boca seca de hanbre, o de sed
candidate_spelling	handa	1	canda	canda, anda, honda, banda, manda, tanda	handa -> canda	1547 Olmos_V ?	1547-olmos-v:000926	ixcuelitta	Traducción	handa rrostrituerto conmigo
candidate_spelling	handrajo	1	andrajo	andrajo	handrajo -> andrajo	1571 Molina 2	1571-molina-2:003055	tzotzomatli	Traducción	trapo, o handrajo
candidate_spelling	hanegarse	1	hangares	hangares, anegarse	hanegarse -> hangares	1547 Olmos_V ?	1547-olmos-v:001530	polaqui	Traducción	zambullirse hanegarse
candidate_spelling	haras	1	faras	faras, huras, horas, caras, harás, hagas	haras -> faras	1571 Molina 2	1571-molina-2:006743	cuahuitlyuinti  +	Traducción	serás así como el que toma palos o piedras para se matar. i. haras mucho mal ati mismo. metáfora
candidate_spelling	hargonero	1	harinero	harinero, harnero	hargonero -> harinero	1780 ? Bnf_361	1780-bnf-361:002256	tlaxixilihuani	Traducción	hargonero de horno
candidate_spelling	hariar	1	haría	haría, harían, hartar, harías, variar, cariar	hariar -> haría	153? Trilingüe	153-trilingue:009361	tepiltzintia ^	Traducción	porhiiar o hariar
candidate_spelling	harpón	1	hampón	hampón, arpón	harpón -> hampón	1571 Molina 2	1571-molina-2:023100	tlamintli	Traducción	cosa herida con saeta, flecha, o harpón
candidate_spelling	harrepara	1	hartara	hartara	harrepara -> hartara	1571 Molina 2	1571-molina-2:003189	xi	Traducción	así. admirándose o vedando algo, o eaya, o exe para oxear perro, o harrepara acémila. adv
candidate_spelling	hartazga	1	hartazgo	hartazgo	hartazga -> hartazgo	153? Trilingüe	153-trilingue:009201	tepachihuitiliztli	Traducción	hartura o hartazga
candidate_spelling	haserse	1	hacerse	hacerse, haberes	haserse -> hacerse	17?? Bnf_362	17-bnf-362:000529	tzinquiza	Traducción	recular o haserse atrás; retratarse o hacerse atrás de lo que se había pactado; escusarse
candidate_spelling	hasez	1	haces	haces	hasez -> haces	1780 ? Bnf_361	1780-bnf-361:024621	tlacuicuitlalpillacentemalli	Traducción	hacina, ayuntamiento hasez
candidate_spelling	haspera	1	áspera	áspera	haspera -> áspera	1780 ? Bnf_361	1780-bnf-361:025416	tlaixmanaliztli	Traducción	igualdad de la cosa haspera
candidate_spelling	havas	1	Navàs	Navàs, navas, hagas, habas, hayas, cavas	havas -> Navàs	1780 ? Bnf_361	1780-bnf-361:021189	ca	Traducción	sembrar como maíz o havas o cosas serrejantes
candidate_spelling	havedor	1	hacedor	hacedor	havedor -> hacedor	1780 ? Bnf_361	1780-bnf-361:020728	tepiquini	Traducción	autor, criador, o havedor dios; o criador dios de algo nuevo
candidate_spelling	haverla	1	hacerla	hacerla, haberla	haverla -> hacerla	1780 ? Bnf_361	1780-bnf-361:017360	popoloa	Traducción	matar; tomar por combate; ganar conquistando; y apartarse de la compañia por haverla perdida
candidate_spelling	havre	1	haré	haré, habré, Havre	havre -> haré	17?? Bnf_362bis	17-bnf-362bis:000650	onontetlazotlac	Traducción	yo havre amado
candidate_spelling	havré	1	habré	habré, haré, Havre	havré -> habré	17?? Bnf_362bis	17-bnf-362bis:000603	nitetlazotlac  +	Traducción	yo havré amado
candidate_spelling	hayar	1	hayal	hayal, mayar, haya, hayan, hayas, hallar	hayar -> hayal	153? Trilingüe	153-trilingue:003737	tlacaahuiloa	Traducción	hayar lugar de hayas
candidate_spelling	haze	1	hace	hace, hate, haz, hazme, hazte, hazle	haze -> hace	2021 Wimmer	2021-wimmer:020707	iztatlacatl	Traducción (es)	salinero, fabricante de sal. / salinero que haze sal. / plural: los salineros
candidate_spelling	haziatras	1	habitaras	habitaras	haziatras -> habitaras	2021 Wimmer	2021-wimmer:004671	tzinaquitihuetzi	Traducción (es)	v.refl., saltar, caer de espaldas, hacia atrás. / v.refl., saltar y caer haziatras
candidate_spelling	hazienda	1	hacienda	hacienda	hazienda -> hacienda	2021 Wimmer	2021-wimmer:012194	cotonia	Traducción (es)	v.bitrans. tētla-., dar parte de su propiedad a alguien. / v.bitrans. tētla-., dar parte de su hazienda a otro
candidate_spelling	hechandole	1	fechándole	fechándole, techándole	hechandole -> fechándole	1780 ? Bnf_361	1780-bnf-361:019328	teixtlaltemiqui	Traducción	cegador de otro hechandole tierra
candidate_spelling	hecharme	1	echarme	echarme, hecharle	hecharme -> echarme	1780 ? Bnf_361	1780-bnf-361:018213	teca	Traducción	acostarme, o hecharme
candidate_spelling	hechicar	1	hechicera	hechicera, hechizar	hechicar -> hechicera	1547 Olmos_V ?	1547-olmos-v:000584	cuatecuicuiloa	Traducción	trasquilar en pueda por hechicar
candidate_spelling	hechicirca	1	hechicera	hechicera, hechicería	hechicirca -> hechicera	1547 Olmos_V ?	1547-olmos-v:000583	cuatecuiciuehua	Traducción	trasquilaren rueda por hechicirca [hechicería]
candidate_spelling	hechisos	1	hechizos	hechizos	hechisos -> hechizos	1780 ? Bnf_361	1780-bnf-361:002965	tlepanquetza	Traducción	ligar con hechisos
candidate_spelling	hechán	1	hecha	hecha, hechas, echan, hachan, mechan, fechan	hechán -> hecha	1571 Molina 2	1571-molina-2:019907	tetlaanililiztli	Traducción	suertes que se hechán para algún efecto
candidate_spelling	hecienta	1	decienta	decienta, hedienta	hecienta -> decienta	153? Trilingüe	153-trilingue:010059	tetzahuacayo	Traducción	hecienta cosa de heces
candidate_spelling	hedifican	1	edifican	edifican, henifican	hedifican -> edifican	1780 ? Bnf_361	1780-bnf-361:026136	tlamamaca	Traducción	recaudo dar de piedras, adobes y mezcla a los que hedifican la pared
candidate_spelling	helíaca	1	celíaca	celíaca, celiaca	helíaca -> celíaca	2021 Wimmer	2021-wimmer:018471	ilhuicatitlan	Traducción (es)	sitio del recinto sagrado (n° 40), lugar de sacrificios vinculados a una salida helíaca de venus
candidate_spelling	henchia	1	henchid	henchid, henchida, henchía, henchí, henchir, henchirá	henchia -> henchid	1780 ? Bnf_361	1780-bnf-361:000666	tlatlailnelolli	Traducción	henchia cosa de suciedad
candidate_spelling	hendiéndo	1	vendiendo	vendiendo, tendiendo, hundiendo, pendiendo, hendiendo, hediendo	hendiéndo -> vendiendo	1571 Molina 2	1571-molina-2:003182	xelotiuh	Traducción	colarse o meterse entreotros, hendiéndo por ellos
candidate_spelling	herguido	1	erguido	erguido	herguido -> erguido	1571 Molina 1	1571-molina-1:021341	aquetztinemi	Traducción	andar herguido
candidate_spelling	herie	1	serie	serie, herir, héroe, ferie, hería, herís	herie -> serie	1780 ? Bnf_361	1780-bnf-361:017543	quemmachuitequi	Traducción	herie livianamente
candidate_spelling	heriendo	1	hiriendo	hiriendo, meriendo, hediendo	heriendo -> hiriendo	153? Trilingüe	153-trilingue:010189	texotla ^	Traducción	llagar heriendo
candidate_spelling	hermiette	1	heriste	heriste, herviste, herrete	hermiette -> heriste	2021 Wimmer	2021-wimmer:002157	tlaximaloni	Traducción (es)	hermiette, hacha pequeña
candidate_spelling	hermitano	1	hermano	hermano, ermitaño	hermitano -> hermano	1571 Molina 2	1571-molina-2:011194	iyoca tlatlatlauhtiani	Traducción	hermitano, o solitario
candidate_spelling	hermno	1	hermano	hermano, hermanó	hermno -> hermano	1780 ? Bnf_361	1780-bnf-361:018583	tecol	Traducción	abuelo, abuelo, o aguelo; hermno de tu abuelo; o tío hermano de abuelo o abuela
candidate_spelling	hermosissimo	1	hermosísimo	hermosísimo	hermosissimo -> hermosísimo	2021 Wimmer	2021-wimmer:008961	cencualnezcaxayacatl	Traducción (es)	el hermosissimo rostro de dios. paredes-sybille de pury
candidate_spelling	hernandezii	1	Hernández	Hernández	hernandezii -> Hernández	2021 Wimmer	2021-wimmer:011851	cocoztic	Traducción (es)	el nombre de la raíz thalictrum hernandezii tauch
candidate_spelling	heron	1	héroe	héroe, Verón, Perón, hurón, Nerón, herrén	heron -> héroe	2021 Wimmer	2021-wimmer:036835	tlacaaztatl	Traducción (es)	ornitología: heron
candidate_spelling	heroycas	1	heroicas	heroicas	heroycas -> heroicas	1571 Molina 2	1571-molina-2:022212	tlahueycachihuani	Traducción	el que hace cosas grándes y heroycas
candidate_spelling	heroycos	1	heroicos	heroicos	heroycos -> heroicos	1571 Molina 1	1571-molina-1:014594	itolotla	Traducción	honrar o afamar el hijo a sus padres con heroycos hechos
candidate_spelling	herram	1	herrar	herrar, herrad	herram -> herrar	1780 ? Bnf_361	1780-bnf-361:021006	tepoztlatlatquitl	Traducción	herram(ien(ta
candidate_spelling	herrele	1	hereje	hereje, herede, herrete	herrele -> hereje	1780 ? Bnf_361	1780-bnf-361:016117	oniquineuh in alcalde in nicnotzazquia	Traducción	herrele y no le hallé su posada, o herrele en el camino; y así no hubo efecto lo que yo pretendía que era negociar con el
candidate_spelling	herriza	1	herida	herida, heriría	herriza -> herida	1551-95 Documentos nahuas de la Ciudad de México	1551-95-documentos-nahuas-de-la-ciudad-de-mexico:002242	pachihui	Traducción	herriza (la tierra) / quedarse muy contento y satisfecho
candidate_spelling	herronadas	1	hermanas	hermanas, hermandad, heredadas, herradas, hermanados, herniadas	herronadas -> hermanas	1571 Molina 2	1571-molina-2:021519	tlachochopiniliztli	Traducción	herronadas o picadas frecuentadas de pájaros o aves
candidate_spelling	hervas	1	Heras	Heras, hervías, hiervas, herías, hervís, chervas	hervas -> Heras	1765 Cortés y Zedeño	1765-cortes-y-zedeno:001997	ica  +	Traducción	ir por hervas
candidate_spelling	hervica	1	heroica	heroica, hervida, hervía, hervirá	hervica -> heroica	1780 ? Bnf_361	1780-bnf-361:022284	tetzauhmahuiztic	Traducción	hazañosa cosa, de hervica y maravillosa
candidate_spelling	hexa	1	hela	hela	hexa -> hela	153? Trilingüe	153-trilingue:008876	temacpallatziniloni	Traducción	palmatoria o canâ hexa
candidate_spelling	hezos	1	hemos	hemos, bezos, rezos, henos, helos, heos	hezos -> hemos	1780 ? Bnf_361	1780-bnf-361:013044	moxayocuitlayotia	Traducción	aventarse las hezos
candidate_spelling	hicado	1	picado	picado, hígado, hilado, hincado, hipado, micado	hicado -> picado	153? Trilingüe	153-trilingue:003159	copina ^	Traducción	deshinar lo hicado
candidate_spelling	hidalgoja	1	hidalgo	hidalgo, hidalguía, hidalgos, hidalga	hidalgoja -> hidalgo	153? Trilingüe	153-trilingue:009648	tetech paquizaliztli	Traducción	hidalgoja
candidate_spelling	hide	1	hice	hice, pide, mide, hile, fide, hiede	hide -> hice	2021 Wimmer	2021-wimmer:024446	nahualtia	Traducción (es)	v.bitrans. motē-., esconder a alguien dentro de uno mismo, disfrazarse de. / v.refl., hide
candidate_spelling	hierbe	1	hierba	hierba, hierve, hiere, hierre	hierbe -> hierba	1780 ? Bnf_361	1780-bnf-361:024336	tlacuacualaca	Traducción	hacer ruido lo que se cuece, hierbe en la olla, en el fuego, o tronar cuando quiere llover
candidate_spelling	hife	1	hifa	hifa, hice, hile, rife, hipe, hiñe	hife -> hifa	1565 Sahagún Escolios	1565-sahagun-escolios:001242	tenmatqui	Traducción	hife
candidate_spelling	hiluanada	1	hilvanada	hilvanada	hiluanada -> hilvanada	1571 Molina 2	1571-molina-2:021887	tlacuecuelotl	Traducción	cosa hiluanada
candidate_spelling	hiluanado	1	hilvanado	hilvanado	hiluanado -> hilvanado	1571 Molina 1	1571-molina-1:032530	tlacuecuezotl	Traducción	hiluanado
candidate_spelling	himaginada	1	imaginada	imaginada	himaginada -> imaginada	1780 ? Bnf_361	1780-bnf-361:002604	tlayolhuilli	Traducción	himaginada cosa
candidate_spelling	hinchendola	1	hinchiéndola	hinchiéndola, hinchándola	hinchendola -> hinchiéndola	1571 Molina 2	1571-molina-2:003084	tzoyotia	Traducción	ensuciar camisa, o cosa así, con el sudor espeso del cuerpo, hinchendola de mugre
candidate_spelling	hinchim	1	hinchió	hinchió	hinchim -> hinchió	1780 ? Bnf_361	1780-bnf-361:023299	tlacacuiliztli	Traducción	hinchim(ien)to recalcando
candidate_spelling	hinchéndo	1	hinchando	hinchando, hinchiendo	hinchéndo -> hinchando	1571 Molina 1	1571-molina-1:009603	cualtia  +	Traducción	jugar adar a comer tierra, hinchéndo la boca de la dicha tierra al que pierde el juego
candidate_spelling	hinden	1	hunden	hunden, rinden, hieden, linden, hienden, hiñen	hinden -> hunden	2021 Wimmer	2021-wimmer:014988	cuitlalpia	Traducción (es)	v.t. tla-., atar, unir. / v.t. tē-., ceñir a otro. / v.refl., ceñir, ceñirse los lomos. / alle haben ihre tabakkalebassen hinden umgegürtet. / v.refl. en sentido pasivo, estando unido en el medio
candidate_spelling	hinojas	1	hinojos	hinojos, Hinojosa	hinojas -> hinojos	153? Trilingüe	153-trilingue:011607	tlancuatl	Traducción	hinojas o rodillas
candidate_spelling	hipocaustro	1	hipocausto	hipocausto	hipocaustro -> hipocausto	1780 Clavijero	1780-clavijero:002619	temazcalli	Traducción	temazcal o hipocaustro mexicano
candidate_spelling	hipochritamente	1	hipócritamente	hipócritamente	hipochritamente -> hipócritamente	1571 Molina 2	1571-molina-2:021160	tlacaittaliztica	Traducción	hipochritamente
candidate_spelling	hobe	1	robe	robe, hobby, hube, hoye, hoce	hobe -> robe	1547 Olmos_V ?	1547-olmos-v:000620	cuica	Traducción	cantar el hobe [hombre]
candidate_spelling	hociendo	1	haciendo	haciendo, cociendo	hociendo -> haciendo	2021 Wimmer	2021-wimmer:041183	camaxipo	Traducción (es)	lippu, que tiene un hocico grande, una boca grande (hociendo, bocon)
candidate_spelling	hocina	1	cocina	cocina, bocina, hacina, hocica, hocino, hocican	hocina -> cocina	153? Trilingüe	153-trilingue:007609	otlapalhhuaztontli	Traducción	hocina para segar
candidate_spelling	hoed	1	roed	roed	hoed -> roed	2021 Wimmer	2021-wimmer:002213	tlaxiuhpopoxoliztli	Traducción (es)	hoed, cardo
candidate_spelling	hojo	1	hoco	hoco, jojo, hijo, ojo, hoja, rojo	hojo -> hoco	1780 ? Bnf_361	1780-bnf-361:025361	tlaixcaxolli	Traducción	entortado otro por haberle quebrado el hojo
candidate_spelling	holgonero	1	holgaren	holgaren, holguinero	holgonero -> holgaren	153? Trilingüe	153-trilingue:004118	huecapantlopixqui	Traducción	holgonero que los cría
candidate_spelling	hombrado	1	nombrado	nombrado, sombrado, hombrada, hombrazo, hombreado, hombraco	hombrado -> nombrado	1629 Alarcón	1629-alarcon:001208	quetzalcoatl	Traducción	dios (o hechicero) quetzalcoatl / dios quetzalcoatl, (o culebra con penacho o cresta) / dios quetzalcoatl, o la culebra con cresta / el hombrado quetzalcoatl, ídolo principalisimo
candidate_spelling	homorrache	1	hombracho	hombracho	homorrache -> hombracho	153? Trilingüe	153-trilingue:006363	motlatlamatcaquetzani	Traducción	moharracho o homorrache
candidate_spelling	honorif	1	Honorio	Honorio	honorif -> Honorio	2021 Wimmer	2021-wimmer:042148	tlapopolhuililia	Traducción (es)	v.bitrans. motē-., honorif., perdonar a alguien
candidate_spelling	honrrozamente	1	honrosamente	honrosamente	honrrozamente -> honrosamente	1780 ? Bnf_361	1780-bnf-361:002454	tlayecchichiuhtli	Traducción	aderezo es adornar algo honrrozamente
candidate_spelling	horabuena	1	norabuena	norabuena, hornaguean	horabuena -> norabuena	17?? Bnf_362	17-bnf-362:003724	queicualitzin	Traducción	si, es lo mismo que sea en horabuena
candidate_spelling	horadamuros	1	horadamos	horadamos	horadamuros -> horadamos	1580 Sahagún/Máynez	1580-sahagun-maynez:001877	tepanmamalli	Traducción	horadamuros
candidate_spelling	horden	1	orden	orden, borden, horaden, horneen	horden -> orden	1547 Olmos_V ?	1547-olmos-v:001640	tecpana	Traducción	poner en horden
candidate_spelling	hornato	1	ornato	ornato, hornito	hornato -> ornato	1571 Molina 2	1571-molina-2:009825	in	Traducción	sirve de hornato en esta lengua, y en composición significa, los que. ejemplo intlaqua. quiere decir los que comen. etc.
candidate_spelling	horso	1	horst	horst, horno, corso, torso, horro, dorso	horso -> horst	153? Trilingüe	153-trilingue:001929	yayactic	Traducción	horso haço en color
candidate_spelling	hualli	1	hulla	hulla, hullas	hualli -> hulla	1645 Carochi	1645-carochi:000497	zan	Traducción	sólo / (excluyente) / sino / solamente / mä nel ~, siquiera / ~ cémi, de una vez / àmo ~ tlapohualpa, innumerables veces / ~ cánâ, en cual parte / ~ nö cuël, otra vez / ~ ye oncän, en el mismo lugar / àmo ~ miecpa, pocas veces / àmo ~ quën amî, no como quiera / àmo ~ tlapöhualli, infinita(s) / intlä
candidate_spelling	hácese	1	tácese	tácese, haces	hácese -> tácese	1571 Molina 2	1571-molina-2:018352	temachtilo	Traducción	todos enseñan, o predicase y hácese sermón, o están predicando
candidate_spelling	héndeduras	1	hendiduras	hendiduras, hendeduras	héndeduras -> hendiduras	1571 Molina 2	1571-molina-2:002703	tzatzayanaliztli	Traducción	resquebrajaduras, aberturas o héndeduras
candidate_spelling	héndida	1	vendida	vendida, tendida, hundida, rendida, hendida, hendido	héndida -> vendida	1571 Molina 2	1571-molina-2:002706	tzatzayanqui	Traducción	cosa rota, rasgada, despedazada, héndida o resquebrajada en muchas partes
candidate_spelling	hóndos	1	fondos	fondos, hongos, hondos, hondas, mondos	hóndos -> fondos	1571 Molina 1	1571-molina-1:012398	huihuitecticac texcalli	Traducción	peñascos riscos o despeñaderos espantosos y hóndos
candidate_spelling	ical	1	cal	cal, iCal, bical, iccl, icil, icdl	ical -> cal	2021 Wimmer	2021-wimmer:017389	icali	Traducción (es)	icali > ical. ver ihcali
candidate_spelling	iccen	1	icen	icen	iccen -> icen	17?? Bnf_362bis	17-bnf-362bis:000259	iccemmayan	Traducción	para siempre (es sinónimo de iccen) pero difieren en que iccen de tal manera significa de una vez para siempre, que no mira lo que ha de ser en adelante, sino lo que hasta entonces ha sido; mas iccemmayan significa de una vez para siempre
candidate_spelling	ictérica	1	ictericia	ictericia	ictérica -> ictericia	2021 Wimmer	2021-wimmer:035540	tetzauhcocolizzo	Traducción (es)	consunción, ictérica
candidate_spelling	icza	1	iza	iza	icza -> iza	2021 Wimmer	2021-wimmer:018075	iczalo	Traducción (es)	v.impers., en icza
candidate_spelling	idest	1	idees	idees	idest -> idees	1571 Molina 2	1571-molina-2:018899	azanitla ipan ticmatiz	Traducción	idest, no lo ternas por cosa de poco valor
candidate_spelling	ihca	1	inca	inca, ihda	ihca -> inca	2021 Wimmer	2021-wimmer:017818	icohua	Traducción (es)	v.impers., en ihca
candidate_spelling	ilamah	1	hilacha	hilacha	ilamah -> hilacha	2021 Wimmer	2021-wimmer:018392	ilamahyohuan	Traducción (es)	sobre ilamah, ancianas
candidate_spelling	ilamatton	1	ilamamtton	ilamamtton	ilamatton -> ilamamtton	2021 Wimmer	2021-wimmer:018416	ilamatoton	Traducción (es)	pl. en ilamatton
candidate_spelling	ilar	1	filar	filar, rilar, pilar, izar, liar, alar	ilar -> filar	1765 Cortés y Zedeño	1765-cortes-y-zedeno:001117	chocatiyo	Traducción	rueca para ilar
candidate_spelling	illico	1	iliaco	iliaco, illic, illic o	illico -> iliaco	17?? Bnf_362bis	17-bnf-362bis:000598	niman	Traducción	luego, al punto. statim, illico
candidate_spelling	iman	1	iban	iban, aman, izan, liman, giman, imano	iman -> iban	1780 ? Bnf_361	1780-bnf-361:022997	tlaacocuinitetl	Traducción	piedra iman
candidate_spelling	imitandole	1	imitando	imitando, imitándole	imitandole -> imitando	1571 Molina 1	1571-molina-1:024991	quixtia	Traducción	parecerse a su padre, imitandole o echar fuera de casa a otro
candidate_spelling	imitandolo	1	imitando	imitando, imitándolo	imitandolo -> imitando	1780 ? Bnf_361	1780-bnf-361:017957	quixtia	Traducción	soltar se prisión; despedir al criado; imitar o parecer el hijo a su padre, o echar fuera de casa, o del pueblo a otros; redimir; desterrar a otro dar de mano al preso; parecerse a su padre imitandolo*
candidate_spelling	immanel	1	Immanuel	Immanuel, imanes, imanen	immanel -> Immanuel	17?? Bnf_362bis	17-bnf-362bis:000364	intlanel	Traducción	aunque. pero significa esto de tal manera que no concede la cosa, sino que da por caso que sea así, aunque no lo sea; lo que no sucede en manel, immanel, macihui, con que se concede lo que con ellos se afirma
candidate_spelling	imper	1	impar	impar, impera, impere	imper -> impar	1551-95 Documentos nahuas de la Ciudad de México	1551-95-documentos-nahuas-de-la-ciudad-de-mexico:001613	ma	Traducción	[imper] / (intensivo de negación) / (interrogativo) / [que] / aunque / si por ventura
candidate_spelling	impetante	1	imperante	imperante	impetante -> imperante	2021 Wimmer	2021-wimmer:020944	maceuhtli	Traducción (es)	impetante, quien consiguió
candidate_spelling	imponedo	1	imponed	imponed, imponedor, imponed o	imponedo -> imponed	1780 ? Bnf_361	1780-bnf-361:019528	temamachtiqui	Traducción	imponedo, o ensayador de otro
candidate_spelling	importun	1	importan	importan, importen, importuno, importuna, importune, importunó	importun -> importan	2021 Wimmer	2021-wimmer:028561	papazol	Traducción (es)	importun, inconveniente, grosero, despeinado
candidate_spelling	importunadndo	1	importunando	importunando	importunadndo -> importunando	1780 ? Bnf_361	1780-bnf-361:021764	tetlamatataquiliztica	Traducción	ahincadam(en(te importunadndo
candidate_spelling	importuner	1	importunar	importunar, importune, importunen, importunes, importuné, importaren	importuner -> importunar	1759 Paredes	1759-paredes:000782	amana	Traducción	importuner a / inquietar
candidate_spelling	impresionde	1	impresione	impresione, impresioné	impresionde -> impresione	1571 Molina 2	1571-molina-2:019473	tepoztlacopinaliztli	Traducción	impresionde libros, o el acto de imprimir
candidate_spelling	improprio	1	impropio	impropio, improperio	improprio -> impropio	17?? Bnf_362	17-bnf-362:004562	tlacatilia	Traducción	nacer el hombre; engendrar (aunque lo dicen es improprio)
candidate_spelling	inadvertancia	1	inadvertencia	inadvertencia	inadvertancia -> inadvertencia	1780 ? Bnf_361	1780-bnf-361:014841	nexxotla	Traducción	dar señal a alguno por donde se presuma, que el hizo algún mal o bien; soltárseme la palabra con descuido, e inadvertancia
candidate_spelling	incada	1	invada	invada, incida, incoada, hincada, fincada, tincada	incada -> invada	1780 ? Bnf_361	1780-bnf-361:028086	tlaquixtilli	Traducción	arrancada cosa o sacada que estaba incada
candidate_spelling	incedes	1	incides	incides	incedes -> incides	1571 Molina 2	1571-molina-2:016033	otli tlama	Traducción	enderecho del camino, o seguir el camino s. irás camino derecho, sin te apartar, a una parte ni a otra. i. recto tramite incedes
candidate_spelling	incendiendo	1	incendiando	incendiando, encendiendo	incendiendo -> incendiando	1547 Olmos_V ?	1547-olmos-v:000470	chitecuini	Traducción	ataja el fuego irse incendiendo
candidate_spelling	inciensamos	1	incineramos	incineramos, incensamos	inciensamos -> incineramos	2021 Wimmer	2021-wimmer:042133	tlapopochhuilo	Traducción (es)	v.impers. en popōchhuia., inciensamos
candidate_spelling	incitandolo	1	incitando	incitando, invitándolo	incitandolo -> incitando	1571 Molina 2	1571-molina-2:020656	teyollochololtiani	Traducción	el que levanta el corazón a otro, incitandolo, o prouocandolo a que haga algo
candidate_spelling	inconsideradam	1	inconsideradas	inconsideradas, inconsiderada	inconsideradam -> inconsideradas	1780 ? Bnf_361	1780-bnf-361:025254	tlailihuizoilli	Traducción	inconsideradam(en)te hecho algo
candidate_spelling	inconsideramente	1	inconsideradamente	inconsideradamente	inconsideramente -> inconsideradamente	17?? Bnf_362bis	17-bnf-362bis:000295	ilihuiz	Traducción	inconsideramente. sinónimo de tlalhuiz
candidate_spelling	inconuenientes	1	inconvenientes	inconvenientes	inconuenientes -> inconvenientes	1571 Molina 2	1571-molina-2:015087	nohuiampa  +	Traducción	ser muy circunspecto y avisado, mirando los inconuenientes que hay. etc.
candidate_spelling	indefinite	1	indefinido	indefinido, indefinida, indefinible	indefinite -> indefinido	2021 Wimmer	2021-wimmer:018931	ittilia	Traducción (es)	v.bitrans. motla-., tener una visión de algo. / v.bitrans. motla-., descubrir, reconocer algo. / v.bitrans. motla-., con pref.obj.indefinite, aparece
candidate_spelling	indicido	1	indicado	indicado, indicio, inducido, incidido	indicido -> indicado	1780 ? Bnf_361	1780-bnf-361:002631	tlayolmaxiltilli	Traducción	indicido por razones
candidate_spelling	indinación	1	indignación	indignación, indicación, indización	indinación -> indignación	1571 Molina 2	1571-molina-2:004633	yolpozoniliztli	Traducción	indinación, o enojo y saña
candidate_spelling	indix	1	indie	indie, india, indio, India, imdix, iidix	indix -> indie	1629 Alarcón	1629-alarcon:000127	tzoneptzin	Traducción	cabeza de perla (alfiler o dedo indix) [ver eptli]
candidate_spelling	inducidura	1	inducida	inducida, individuar	inducidura -> inducida	153? Trilingüe	153-trilingue:007261	tetlacuitlahuilticanonotzaloni	Traducción	inducidura cosa
candidate_spelling	infelicem	1	infelices	infelices, infelice	infelicem -> infelices	1547 Olmos_V ?	1547-olmos-v:001306	aqui	Traducción	facit infelicem
candidate_spelling	ingrada	1	ingrata	ingrata	ingrada -> ingrata	1565 Sahagún Escolios	1565-sahagun-escolios:000649	ixcococ	Traducción	cara de pocos amigos / persona mal ingrada
candidate_spelling	ingre	1	ingerí	ingerí	ingre -> ingerí	1571 Molina 2	1571-molina-2:017049	quexilli	Traducción	la ingre
candidate_spelling	inhonesto	1	indonesio	indonesio, inconexo, inmodesto	inhonesto -> indonesio	1595 Rincón	1595-rincon:000131	yecoa	Traducción	probar y si tiene acusativo de persona es verbo inhonesto (breve en la primera)
candidate_spelling	iniquac	1	inicua	inicua, inicuas	iniquac -> inicua	17?? Bnf_362bis	17-bnf-362bis:000272	icuac	Traducción	cuando, pero su propia significación es entonces, y mas si le precede iniquac, o cosa equivalente
candidate_spelling	injection	1	infección	infección, inyección, ingestión, ingénito, ingénitos	injection -> infección	1571 Molina 2	1571-molina-2:004703	iyoiyahue	Traducción	odesuentura. injection
candidate_spelling	inmediamente	1	inmediatamente	inmediatamente, inmensamente	inmediamente -> inmediatamente	1759 Paredes	1759-paredes:001586	axcampa  +	Traducción	inmediamente, al punto / luego al punto
candidate_spelling	inpedido	1	impedido	impedido	inpedido -> impedido	1780 ? Bnf_361	1780-bnf-361:002464	tlayecoliztli	Traducción	expedición en lo inpedido
candidate_spelling	inportuno	1	inoportuno	inoportuno, importuno, importunó	inportuno -> inoportuno	1571 Molina 2	1571-molina-2:011854	matataquilia	Traducción	ser inportuno en pedir, o procurar algo de otro
candidate_spelling	insipíente	1	incipiente	incipiente	insipíente -> incipiente	1571 Molina 2	1571-molina-2:008425	huelatlacaqui	Traducción	tonto e insipíente
candidate_spelling	instrullen	1	instruyen	instruyen	instrullen -> instruyen	17?? Bnf_362	17-bnf-362:003245	nonotza	Traducción	reprehender a otro, es frase con que ellos entienden la reprensión con que instrullen a sus hijos o familiares; amonestar para casar; hacer sermón, o predicar
candidate_spelling	interin	1	interino	interino, interina, ínterin, interim	interin -> interino	17?? Bnf_362bis	17-bnf-362bis:000628	oc	Traducción	por ahora, entretanto, en el interin, un poquito latin. tantisper
candidate_spelling	interjeción	1	interjección	interjección	interjeción -> interjección	153? Trilingüe	153-trilingue:003945	hahaha	Traducción	a a a interjeción del que se ríe
candidate_spelling	interjectión	1	interjección	interjección	interjectión -> interjección	1571 Molina 2	1571-molina-2:015064	nocne	Traducción	a bellaco, para reprehender. interjectión
candidate_spelling	interrogatiue	1	interrogativo	interrogativo, interrogativa	interrogatiue -> interrogativo	1595 Rincón	1595-rincon:000545	quemmach	Traducción	interrogatiue como es posible?
candidate_spelling	intricada	1	intrigada	intrigada, intrincada	intricada -> intrigada	153? Trilingüe	153-trilingue:011767	tlaohuitililli	Traducción	intricada casa o enhetrada
candidate_spelling	inuención	1	intención	intención, invención	inuención -> intención	1571 Molina 2	1571-molina-2:022507	tlaixnextiloni	Traducción	arte, o inuención para ganar, o adquirir algo
candidate_spelling	inuenta	1	intenta	intenta, inventa	inuenta -> intenta	1571 Molina 2	1571-molina-2:000605	tlatlapiquini	Traducción	el que inuenta mentiras muchas veces
candidate_spelling	inuentor	1	inventor	inventor	inuentor -> inventor	1571 Molina 2	1571-molina-2:001616	tlayocoyani	Traducción	inuentador tal, o inuentor e industrioso
candidate_spelling	inuocación	1	invocación	invocación, incoación, infuocación	inuocación -> invocación	1571 Molina 2	1571-molina-2:021247	tlacatecolonotzaliztli	Traducción	idolatría, o inuocación del demonio
candidate_spelling	inviado	1	enviado	enviado, invitado, invado	inviado -> enviado	17?? Bnf_362	17-bnf-362:004502	titlanqui	Traducción	mensajero; el que es inviado
candidate_spelling	ipampa	1	pampa	pampa	ipampa -> pampa	17?? Bnf_362	17-bnf-362:002497	ixpampa nehua	Traducción	huir, a este se le interpone, entre el adv. ipampa, y el verbo ehua el pronombre de la persona que hace
candidate_spelling	ipocrecia	1	hipocresía	hipocresía	ipocrecia -> hipocresía	1780 ? Bnf_361	1780-bnf-361:014866	neyectoquiliztli	Traducción	ipocrecia; fingimiento de ser bueno
candidate_spelling	irada	1	mirada	mirada, riada, tirada, rada, grada, izada	irada -> mirada	153? Trilingüe	153-trilingue:010978	tlahuellatlahuelihuini	Traducción	irada súbitamente
candidate_spelling	irreprehensible	1	irreprensible	irreprensible	irreprehensible -> irreprensible	1571 Molina 1	1571-molina-1:023722	atle yayoca	Traducción	irreprehensible
candidate_spelling	istencia	1	histérica	histérica	istencia -> histérica	1780 ? Bnf_361	1780-bnf-361:019114	teilochtiliztli	Traducción	res istencia
candidate_spelling	itaredor	1	iterados	iterados, iterado	itaredor -> iterados	1780 ? Bnf_361	1780-bnf-361:012887	motetlacahuatiani	Traducción	itaredor de esclavo a otro
candidate_spelling	itia	1	sitia	sitia, pitia	itia -> sitia	2021 Wimmer	2021-wimmer:039016	tlaitilo	Traducción (es)	v. pasivo en itia
candidate_spelling	ittalo	1	ítalo	ítalo, Italo	ittalo -> ítalo	2021 Wimmer	2021-wimmer:018927	itta	Traducción (es)	v.t. tla-., darse cuenta de eso, descubrir. / v.t. tla-., estar expuesto a. / v.refl. en sentido pasivo, ser visto. / passif., itto o ittalo
candidate_spelling	itto	1	hito	hito	itto -> hito	2021 Wimmer	2021-wimmer:018927	itta	Traducción (es)	v.t. tla-., darse cuenta de eso, descubrir. / v.t. tla-., estar expuesto a. / v.refl. en sentido pasivo, ser visto. / passif., itto o ittalo
candidate_spelling	ixca	1	inca	inca, ixcc, ixci, ixcd, ixcl, ixcm	ixca -> inca	2021 Wimmer	2021-wimmer:011976	comalli	Traducción (es)	placa caliente en la que cocinamos o freímos (ixca) ciertos alimentos y en particular las tortillas. azteca. comal. / anatomía, el bazo. / bazo, el bazo. / adorno, disco.·
candidate_spelling	ixicucic	1	ixicicic	ixicicic, ixicccic	ixicucic -> ixicicic	2021 Wimmer	2021-wimmer:019570	ixiuccic	Traducción (es)	que tiene la cara sucia, llena de manchas (s - ixicucic)
candidate_spelling	izta	1	iza	iza, iota	izta -> iza	2021 Wimmer	2021-wimmer:020695	iztapan	Traducción (es)	locativo en izta-tl, extensión de sal. / topónimo
candidate_spelling	izza	1	pizza	pizza, iza	izza -> pizza	17?? Bnf_362bis	17-bnf-362bis:000018	tlatzaccan	Traducción	al fin, al cabo. izza tlatzaccan. al fin, al cabo
candidate_spelling	jaguette	1	jugaste	jugaste, juguete, juguetee	jaguette -> jugaste	2021 Wimmer	2021-wimmer:005694	xicoltia	Traducción (es)	v.t. tē-., vestir a alguien con una jaguette, xicōlli. / v.refl., llevar jaguettes
candidate_spelling	jaguettes	1	jaguares	jaguares, jagüeyes, jaguayes, jagüeles	jaguettes -> jaguares	2021 Wimmer	2021-wimmer:005694	xicoltia	Traducción (es)	v.t. tē-., vestir a alguien con una jaguette, xicōlli. / v.refl., llevar jaguettes
candidate_spelling	jaola	1	Paola	Paola, jaula, jala, jalo, jalona	jaola -> Paola	153? Trilingüe	153-trilingue:001169	totocuauhcalli	Traducción	jaola o jaula para aves
candidate_spelling	jaribu	1	caribú	caribú	jaribu -> caribú	2021 Wimmer	2021-wimmer:010517	acacalotl	Traducción (es)	ornitología, nombre de un ave acuática, el jaribu
candidate_spelling	jarma	1	jarta	jarta, jaima, karma, arma, jara, jarra	jarma -> jarta	1780 ? Bnf_361	1780-bnf-361:020952	tepozteixilihuani	Traducción	puñal, jarma [arma] usada
candidate_spelling	jasando	1	pasando	pasando, basando, asando, tasando, casando, rasando	jasando -> pasando	153? Trilingüe	153-trilingue:010252	tezozo ^	Traducción	jasar sangrar jasando
candidate_spelling	javer	1	Javier	Javier	javer -> Javier	2021 Wimmer	2021-wimmer:003804	topiltzin	Traducción (es)	título sacerdotal del sacerdote encargado de sacrificar a la víctima. cf. clavijero, francisco javer, 1964. historia antigua de méxico p. 170-171
candidate_spelling	jente	1	gente	gente, vente, mente, ente, dente, junte	jente -> gente	1547 Olmos_V ?	1547-olmos-v:001630	teca	Traducción	ayuntarse la jente
candidate_spelling	jermo	1	Jero	Jero, termo, yermo, mermó, mermo, jerbo	jermo -> Jero	1780 ? Bnf_361	1780-bnf-361:007239	cuauhixtlahuatl	Traducción	jermo desierto con árboles
candidate_spelling	jimenoz	1	Jimeno	Jimeno, Jiménez	jimenoz -> Jimeno	2021 Wimmer	2021-wimmer:041345	tlaoltextli	Traducción (es)	harina de maíz, w. jimenoz moreno 1974,49
candidate_spelling	jues	1	pues	pues, juez, jures	jues -> pues	1780 ? Bnf_361	1780-bnf-361:002351	tlaxtlahuilyeyecoani	Traducción	jues de los edificios
candidate_spelling	junciao	1	juncias	juncias, juncia, juncia o	junciao -> juncias	1571 Molina 1	1571-molina-1:003284	tolpetlatl	Traducción	estera de otra junciao junquillo
candidate_spelling	juncio	1	Nuncio	Nuncio, juicio, junio, nuncio, junco, unció	juncio -> Nuncio	1780 ? Bnf_361	1780-bnf-361:003270	tolpetlatl	Traducción	estera de otro juncio junquillo
candidate_spelling	juncoso	1	juncos	juncos, juncos o	juncoso -> juncos	153? Trilingüe	153-trilingue:001711	xomalla	Traducción	juncoso lleno de juncos
candidate_spelling	jundandolas	1	fundándolas	fundándolas, juntándolas	jundandolas -> fundándolas	1780 ? Bnf_361	1780-bnf-361:014493	netechaxitia	Traducción	hacer llegar una cosa a otra, jundandolas
candidate_spelling	jundia	1	judía	judía, fundía, cundía, hundía, tundía, juncia	jundia -> judía	17?? Bnf_362	17-bnf-362:000761	xochiyotl	Traducción	en vano; en jundia
candidate_spelling	juntandola	1	ajuntándola	ajuntándola, juntando	juntandola -> ajuntándola	1780 ? Bnf_361	1780-bnf-361:013765	necuazaloliztli	Traducción	juntura de otra cosa juntandola
candidate_spelling	juradería	1	juraría	juraría	juradería -> juraría	153? Trilingüe	153-trilingue:010117	teuctlatoliztli	Traducción	juradería
candidate_spelling	jusgo	1	justo	justo, juego, jugó, jugo, juzgó, juzgo	jusgo -> justo	1692 Guerra	1692-guerra:000097	tzontequilia	Traducción	yo jusgo
candidate_spelling	jusión	1	fusión	fusión, yusión	jusión -> fusión	1571 Molina 2	1571-molina-2:013489	nahuatilli  +	Traducción	segunda jusión o mandato
candidate_spelling	justam	1	justa	justa, justas	justam -> justa	1780 ? Bnf_361	1780-bnf-361:023490	tlacanequi in nictlatzacuiltia, amozan	Traducción	castigar justam(en)te y con razón
candidate_spelling	justica	1	justicia	justicia, rústica	justica -> justicia	1551-95 Documentos nahuas de la Ciudad de México	1551-95-documentos-nahuas-de-la-ciudad-de-mexico:001546	ixpantzinco	Traducción	ante / ante alguien / en presencia / justica
candidate_spelling	juuentud	1	juventud	juventud	juuentud -> juventud	1571 Molina 1	1571-molina-1:026681	telpochyotl	Traducción	mancebía juuentud
candidate_spelling	laapa	1	lapa	lapa, llapa, lampa	laapa -> lapa	1780 ? Bnf_361	1780-bnf-361:010737	ixtetzahuaca	Traducción	ser de alguna cosa liquida, y cuajada, como la laapa, o nata de leche cuajada, o de poleadas, cuando están frías, o de almidón, o de cosa semejante, que tiene tez en sobre haz
candidate_spelling	labaduras	1	lavaduras	lavaduras	labaduras -> lavaduras	1780 ? Bnf_361	1780-bnf-361:013755	necuatl	Traducción	meloja labaduras de miel; miel de maquey cocida un poco
candidate_spelling	labarde	1	labrado	labrado, labrada, Laborde, labrase, labrare, labrad	labarde -> labrado	1547 Olmos_V ?	1547-olmos-v:000776	altia	Traducción	labarde el cuerpo
candidate_spelling	labrandolo	1	laborándolo	laborándolo, labrando	labrandolo -> laborándolo	1571 Molina 2	1571-molina-2:024121	tlatacaxpololizpan	Traducción	tiempo de quitar los hoyos a las matas de maíz, labrandolo y deseruandolo la primera vez, después de nacido
candidate_spelling	lacereado	1	lacerado	lacerado	lacereado -> lacerado	1780 ? Bnf_361	1780-bnf-361:004270	tzotzocapa	Traducción	mesquino, escaso, avaro, lacereado
candidate_spelling	laceron	1	laceran	laceran, laceró, laceren, lacren, lacero, laceros	laceron -> laceran	2021 Wimmer	2021-wimmer:017564	ichpoli	Traducción (es)	cardo, laceron (sonchus)
candidate_spelling	ladronazo	1	ladrona	ladrona, ladrando, ladronas, ladroneo, ladroneado	ladronazo -> ladrona	1595 Rincón	1595-rincon:000306	ichtecapol	Traducción	ladronazo
candidate_spelling	lafee	1	lave	lave, late, lañe, lame, ladee, laxe	lafee -> lave	1571 Molina 2	1571-molina-2:023324	tlaneltoquilizcahua	Traducción	perder, dejar lafee, o renegar de ella
candidate_spelling	laguerra	1	lagarera	lagarera	laguerra -> lagarera	1571 Molina 2	1571-molina-2:003963	yaochichihua	Traducción	armarse para laguerra
candidate_spelling	lamar	1	Tamar	Tamar, lacar, llamar, amar, lavar, lamas	lamar -> Tamar	17?? Bnf_362	17-bnf-362:005100	tlaquehua	Traducción	salariar a alguno; alquilar; lamar los peones que travajan a jornal
candidate_spelling	lambedor	1	lamedor	lamedor	lambedor -> lamedor	1765 Cortés y Zedeño	1765-cortes-y-zedeno:004596	tlapapaloani	Traducción	lamedor, o lambedor el que lambe
candidate_spelling	lamona	1	lamina	lamina, lámina, Ramona, laman, lamban, lamían	lamona -> lamina	1571 Molina 1	1571-molina-1:009054	cotaloa	Traducción	cocar la simia o lamona
candidate_spelling	lanceda	1	lanceada	lanceada, lancead, lancea, lanceta, lancera	lanceda -> lanceada	153? Trilingüe	153-trilingue:009477	tepozoitzauhqui	Traducción	lanceda de sangrador
candidate_spelling	languidecientes	1	languidecieses	languidecieses, languideciese, languidecieres	languidecientes -> languidecieses	2021 Wimmer	2021-wimmer:003767	toneuhqui	Traducción (es)	necios, débiles, languidecientes, caídos
candidate_spelling	laotra	1	lastra	lastra, Latorre, latosa, lactar	laotra -> lastra	1571 Molina 1	1571-molina-1:007211	cenmitl	Traducción	braza, medida desde el codo, hasta laotra mano
candidate_spelling	laparones	1	lamparones	lamparones	laparones -> lamparones	17?? Bnf_362	17-bnf-362:000417	toquechtlaollo	Traducción	tener laparones
candidate_spelling	lapis	1	capis	capis, papis, lápiz, lapas, lapos, latís	lapis -> capis	2021 Wimmer	2021-wimmer:017475	ichcatetl	Traducción (es)	lapis gossipii. piedra dada como remedio para fiebres, venenos y diversas enfermedades
candidate_spelling	largartija	1	lagartija	lagartija	largartija -> lagartija	1580 Sahagún/Máynez	1580-sahagun-maynez:000149	ce cuetzpalin	Traducción	uno largartija
candidate_spelling	largera	1	largara	largara, largura, largará, largare, larguera	largera -> largara	1780 ? Bnf_361	1780-bnf-361:022111	tetlauhtiliztli	Traducción	merced por misericordia; limosna; largera con liberalidad; beneficio hacer de otro õ merced; magnificeincia en los gastos; donación dando algo de gracia, o de balde
candidate_spelling	largua	1	lagua	lagua, larga, largue, largura, largué	largua -> lagua	1780 ? Bnf_361	1780-bnf-361:001871	tlatzonicpiloani	Traducción	volvedor de arriba a bajo cosa largua y que cuelgue
candidate_spelling	lasoga	1	lagos	lagos	lasoga -> lagos	1571 Molina 2	1571-molina-2:012463	ana	Traducción	dar desi el cordel, o lasoga. etc.
candidate_spelling	lassivamente	1	lascivamente	lascivamente	lassivamente -> lascivamente	2021 Wimmer	2021-wimmer:008323	yoma	Traducción (es)	v.refl., moverse lassivamente
candidate_spelling	laste	1	las	las, paste, baste, gaste, late, liste	laste -> las	1645 Carochi	1645-carochi:000220	tzacuiltia	Traducción	castigar y hacer lastar a alguno alguna culpa / hacer que otro laste algo / hacerle pagar
candidate_spelling	latemalli	1	lateral	lateral, lateamos	latemalli -> lateral	2021 Wimmer	2021-wimmer:015152	cuitlatitimalli	Traducción (es)	variante latitimalli cocida de latemalli cocido
candidate_spelling	latria	1	patria	patria, latir, latía, latirá, latiría, latiré	latria -> patria	2021 Wimmer	2021-wimmer:026133	neteotiliztli	Traducción (es)	adoración de latria, adoración sólo de dios
candidate_spelling	lauarlos	1	lacarlos	lacarlos, lavarlos	lauarlos -> lacarlos	1571 Molina 2	1571-molina-2:014818	nexpaca	Traducción	colar paños para lauarlos
candidate_spelling	lauarse	1	lacarse	lacarse, laudares	lauarse -> lacarse	2021 Wimmer	2021-wimmer:021696	matequia	Traducción (es)	v.refl., lávate las manos. / v.refl., lauarse las manos. / v.t. tē-., lavarle las manos a alguien u ofrecerle agua para este fin; ser paje, sirviente
candidate_spelling	laue	1	laque	laque, late, lave, lañe, lame, laude	laue -> laque	1595 Rincón	1595-rincon:000484	pacaltia	Traducción	hacer a otro que laue
candidate_spelling	laueme	1	láqueme	láqueme, láveme	laueme -> láqueme	1595 Rincón	1595-rincon:000376	matequi	Traducción	laueme las manos (salto en el ma)
candidate_spelling	lauo	1	laco	laco, lado, laso, lago, lazo, lavo	lauo -> laco	1571 Molina 1	1571-molina-1:023488	patzquilia	Traducción	sacar zumo de algo esprimiéndolo, para otro o la ropa que se lauo
candidate_spelling	lavandolo	1	lavando	lavando, lavandero	lavandolo -> lavando	1780 ? Bnf_361	1780-bnf-361:018124	teaaltiani	Traducción	bañador de otro lavandolo fuera de baño
candidate_spelling	lavarsela	1	lavables	lavables, lavares, lavársela	lavarsela -> lavables	2021 Wimmer	2021-wimmer:012529	cuaatequia	Traducción (es)	v.t. tē-., lavarle la cabeza a alguien, bautizarlo, echarle agua en la cabeza. / v.refl., echarse agua en la cabeza, lavarse. / v.refl., echar agua sobre la cabeza, o lavarsela, o baptizarse
candidate_spelling	lavavan	1	lavaban	lavaban, lavaran, lavarán	lavavan -> lavaban	1780 ? Bnf_361	1780-bnf-361:010169	itzpacalatl	Traducción	agua con que lavavan los perdenales, que era como cuchillos con que sacrificaban los hombres, ante los ídolos, la cual agua tenían en lugar de agua bendita, y mucha veneración
candidate_spelling	lazaos	1	lazos	lazos, lazados, alzaos, lazas, lazamos, lazaros	lazaos -> lazos	1780 ? Bnf_361	1780-bnf-361:026352	tlamecahuilli	Traducción	enlazado con lazaos
candidate_spelling	lechonear	1	lechera	lechera, lechona, lechones, lechonas, lechucera	lechonear -> lechera	153? Trilingüe	153-trilingue:002608	chichitia ^	Traducción	lechonear
candidate_spelling	leno	1	Geno	Geno, leo, leño, lleno, seno, pleno	leno -> Geno	1780 ? Bnf_361	1780-bnf-361:005331	yectia	Traducción	mondar algo como garbanzos, o arroz. ahechar o limpiar, zarandear; quitar graznar: remendar; aventar trigo, o cosa semejante; espadar leno, y limpiar algo
candidate_spelling	leua	1	leus	leus, leja, leu, lea, lesa, lema	leua -> leus	1571 Molina 2	1571-molina-2:022940	tlamamalli	Traducción	cosa barrenada, o la carga que leua a cuestas el tameme
candidate_spelling	leuantados	1	levantados	levantados	leuantados -> levantados	1571 Molina 2	1571-molina-2:013030	moquetztimani	Traducción	estar muchos leuantados en pie
candidate_spelling	leuantan	1	levantan	levantan	leuantan -> levantan	1571 Molina 2	1571-molina-2:013727	necemehualiztli	Traducción	levantamiento de los que a una y juntamente se leuantan de dormir
candidate_spelling	leuantandose	1	levantándose	levantándose	leuantandose -> levantándose	1571 Molina 2	1571-molina-2:014491	nequetzaliztica	Traducción	leuantandose. s. de su lugar, o de donde estaba
candidate_spelling	leuantar	1	levantar	levantar	leuantar -> levantar	2021 Wimmer	2021-wimmer:001421	tlatolehuia	Traducción (es)	v.t. tē-., dar falso testimonio contra alguien, calumniarlo, insultarlo. / v.t. tē-., leuantar falso testimonio
candidate_spelling	leuantarle	1	levantare	levantare, levantaré	leuantarle -> levantare	1571 Molina 2	1571-molina-2:016639	piquia	Traducción	calumniar a otro, o leuantarle algún testimonio
candidate_spelling	leuantándo	1	levantado	levantado, levantando	leuantándo -> levantado	1571 Molina 1	1571-molina-1:010342	cuecuelotiuh	Traducción	andar sin reposo del cuerpo, alzando y leuantándo la cabeza y los hombros, como loco
candidate_spelling	leuar	1	legar	legar, levar, leudar	leuar -> legar	1547 Olmos_G	1547-olmos-g:000443	itqui	Traducción	leuar algo
candidate_spelling	leucena	1	Lucena	Lucena	leucena -> Lucena	2021 Wimmer	2021-wimmer:016382	huaxin	Traducción (es)	leucena comestible
candidate_spelling	leuánta	1	levanta	levanta	leuánta -> levanta	1571 Molina 2	1571-molina-2:013938	neehualiztli	Traducción	levantamiento de que se leuánta de dormir
candidate_spelling	levantameinto	1	levantamiento	levantamiento	levantameinto -> levantamiento	1780 ? Bnf_361	1780-bnf-361:018969	tehuicpa ehualiztli	Traducción	levantameinto contra otro
candidate_spelling	leyble	1	leíble	leíble	leyble -> leíble	1571 Molina 1	1571-molina-1:012072	huelpohualoni	Traducción	leyble cosa que se puede leer
candidate_spelling	leóm	1	león	león	leóm -> león	1598 Tezozomoc	1598-tezozomoc:001478	tecuanehuatl	Traducción	cuero de tigre o leóm / pellexo de animal bravo *ap
candidate_spelling	lguno	1	alguno	alguno, lugano, Lugo, Lugano	lguno -> alguno	1780 ? Bnf_361	1780-bnf-361:021889	tetlapaloani	Traducción	saludador de lguno; visitador por ir a ver
candidate_spelling	liane	1	liana	liana, lañe, lían, líame, líate, liase	liane -> liana	2021 Wimmer	2021-wimmer:032350	temecatl	Traducción (es)	liane dura
candidate_spelling	libianos	1	libia	libia, livianos, Libia	libianos -> libia	1780 ? Bnf_361	1780-bnf-361:006602	chichi	Traducción	pulmones o libianos
candidate_spelling	libram	1	libran	libran, libras, librar, libra, librad, libar	libram -> libran	1780 ? Bnf_361	1780-bnf-361:021968	tetlatlacollazaliztli	Traducción	libram(ien(to de servidumbre
candidate_spelling	libranse	1	libran	libran, librase	libranse -> libran	1571 Molina 2	1571-molina-2:014111	nemaquixtilo	Traducción	libranse, o sálvanse todos
candidate_spelling	liciado	1	licuado	licuado, lisiado, lidiado, licitado, ciliado	liciado -> licuado	1780 ? Bnf_361	1780-bnf-361:025318	tlaitlacolli	Traducción	liciado o dañado
candidate_spelling	licua	1	licia	licia, Licia, licra, lucia, licuar, licué	licua -> licia	2021 Wimmer	2021-wimmer:027573	atiyani	Traducción (es)	que se derrite, se licua
candidate_spelling	lidar	1	líder	líder, ligar, lidiar, limar, liar, lijar	lidar -> líder	1780 ? Bnf_361	1780-bnf-361:024920	tlahuelcuitia	Traducción	lidar en trance de armas
candidate_spelling	liendresa	1	linderas	linderas, liendres a	liendresa -> linderas	1571 Molina 2	1571-molina-2:016426	acelana	Traducción	espulgar o quitar liendresa otro
candidate_spelling	lienta	1	sienta	sienta, lenta, clienta, tienta, alienta, mienta	lienta -> sienta	1571 Molina 2	1571-molina-2:007359	cuechahuac	Traducción	cosa lienta y humida
candidate_spelling	liezos	1	lienzos	lienzos, liemos, lizos	liezos -> lienzos	17?? Bnf_362	17-bnf-362:005129	canactic	Traducción	delgada cosa, esto es por liezos o cosas anchas
candidate_spelling	life	1	lifte	lifte, file, like, lije, lime, libe	life -> lifte	2021 Wimmer	2021-wimmer:025521	nemilizcuepa	Traducción (es)	v.t. life., corregir, cambiar de vida
candidate_spelling	ligeram	1	ligeras	ligeras, ligera, ligare, ligares, ligaren, literam	ligeram -> ligeras	1780 ? Bnf_361	1780-bnf-361:016573	paina	Traducción	correr ligeram(en)te
candidate_spelling	linday	1	linda	linda, lindas, lindar, lindan, linda y	linday -> linda	1571 Molina 2	1571-molina-2:008523	huelnexiliztica	Traducción	linday graciosamente con buen parecer, o con hermosa vista
candidate_spelling	linger	1	linier	linier, Klinger	linger -> linier	2021 Wimmer	2021-wimmer:016463	huecauhti	Traducción (es)	v.i., linger
candidate_spelling	lingua	1	lengua	lengua, linguae	lingua -> lengua	1547 Olmos_V ?	1547-olmos-v:001269	nenepilhuia	Traducción	hacer señas lingua
candidate_spelling	linpiaduras	1	limpiaduras	limpiaduras	linpiaduras -> limpiaduras	1780 ? Bnf_361	1780-bnf-361:025368	tlaixcoehua	Traducción	linpiaduras
candidate_spelling	linpiar	1	limpiar	limpiar	linpiar -> limpiar	1547 Olmos_V ?	1547-olmos-v:000289	yacapopohua	Traducción	linpiar narices
candidate_spelling	linpio	1	limpio	limpio, limpió	linpio -> limpio	1547 Olmos_V ?	1547-olmos-v:000083	catzahua	Traducción	ensuciar lo linpio
candidate_spelling	lisear	1	listar	listar, linear, lisiar, sisear, lisura	lisear -> listar	1780 ? Bnf_361	1780-bnf-361:009945	itlacoa	Traducción	lisear, o dañar
candidate_spelling	lisión	1	misión	misión, lesión, visión, listón, fisión, lisió	lisión -> misión	153? Trilingüe	153-trilingue:008586	tecuanchihualiztli	Traducción	lisión de esta manera
candidate_spelling	lisongeándo	1	lisonjeando	lisonjeando	lisongeándo -> lisonjeando	1571 Molina 2	1571-molina-2:017634	techachamahualiztica	Traducción	lisongeándo, o con lisonja
candidate_spelling	listening	1	listines	listines	listening -> listines	2021 Wimmer	2021-wimmer:037100	tlacaqui	Traducción (es)	v.i., escucha, oye, mantiene audiencia. / v.i., oir o listening o tener audiencia
candidate_spelling	literañ	1	literal	literal, liberan, literas, litera, litterae, literam	literañ -> literal	1580 Sahagún/Máynez	1580-sahagun-maynez:000769	cozolli	Traducción	cuna, lópez austin y garcía quintana advierten que es más probable que sea zozolli con el significado literañ de « la basura »
candidate_spelling	litta	1	lifta	lifta, lista	litta -> lifta	2021 Wimmer	2021-wimmer:038849	tlahyelitta	Traducción (es)	cf. tlahëlitta
candidate_spelling	liuianas	1	livianas	livianas	liuianas -> livianas	1571 Molina 2	1571-molina-2:012909	momoloca	Traducción	burbujear el agua, o levantarse grán polvo de cosas secas y liuianas así como harina cal, o de cosas semejantes
candidate_spelling	llamal	1	llamar	llamar, llama, llamas, llaman, llamad	llamal -> llamar	1547 Olmos_V ?	1547-olmos-v:000211	tzotzona	Traducción	llamal golpeando
candidate_spelling	llamalas	1	llamadas	llamadas, llamaras, llamabas, llamarás	llamalas -> llamadas	1629 Alarcón	1629-alarcon:000980	naucan tzontecome	Traducción	venas (llamalas las de las 4 cabezas, porque parece que todos se rematan en brazos y piernas)
candidate_spelling	llamameinto	1	llamamiento	llamamiento	llamameinto -> llamamiento	1780 ? Bnf_361	1780-bnf-361:022280	tetzatzililiztli	Traducción	llamameinto a voces; favorecedor con grita
candidate_spelling	llamanadas	1	llamaradas	llamaradas	llamanadas -> llamaradas	17?? Bnf_362	17-bnf-362:003964	tecuinia	Traducción	arder a llamanadas
candidate_spelling	llamandole	1	llamando	llamando, llamándole	llamandole -> llamando	1571 Molina 2	1571-molina-2:010607	ixcuechilhuia	Traducción	guiñar o hacer del ojo a otro llamandole
candidate_spelling	llamaua	1	llamada	llamada, llamaba, llamara, llamará	llamaua -> llamada	1571 Molina 2	1571-molina-2:016988	quequetzalcoa	Traducción	ministros de cierto ídolo que se llamaua quetzalcoatl
candidate_spelling	llanter	1	llantera	llantera	llanter -> llantera	1780 ? Bnf_361	1780-bnf-361:003639	totoncapatli	Traducción	llanter hierba
candidate_spelling	llarado	1	llamado	llamado, llorado, llagado	llarado -> llamado	1780 ? Bnf_361	1780-bnf-361:021877	tetlaocolti	Traducción	digno de ser llarado
candidate_spelling	llaues	1	Llanes	Llanes, llaves, llames, llamees, llagues	llaues -> Llanes	1598 Tezozomoc	1598-tezozomoc:001006	mamalhuaztli	Traducción	estrellas del cielo / llaues de san pedro
candidate_spelling	llaveriso	1	llaveros	llaveros	llaveriso -> llaveros	1765 Cortés y Zedeño	1765-cortes-y-zedeno:001754	hual hualica tepozllaves	Traducción	clavero, o llaveriso, que trae llaves
candidate_spelling	llen	1	llena	llena, lleno, leen, lien, yen, llenó	llen -> llena	1780 ? Bnf_361	1780-bnf-361:010724	ixtenqui	Traducción	dazada cosa y llen
candidate_spelling	llendas	1	llenas	llenas, llenado, llenados, llenada, llenad, llenadas	llendas -> llenas	1780 ? Bnf_361	1780-bnf-361:013173	nacacahualizpan	Traducción	atuejo, carnaval, o carnesto llendas
candidate_spelling	lleuarle	1	llevarle	llevarle, llegarle	lleuarle -> llevarle	1571 Molina 2	1571-molina-2:016911	quechpanilhuia	Traducción	lleuarle algo a otro encima los hombres
candidate_spelling	lleuca	1	llueca	llueca	lleuca -> llueca	1547 Olmos_V ?	1547-olmos-v:000053	tlatzacua	Traducción	acarear y lleuca a la cárcel
candidate_spelling	lleuen	1	lleguen	lleguen, lleven, llenen, llene	lleuen -> lleguen	1571 Molina 2	1571-molina-2:018016	tehuicaltia	Traducción	seguir, o imitar al vulgo, haciendo lo que los otros hacen. metáfora. o hacer y procurar que otros me lleuen contigo en su compañia
candidate_spelling	lluve	1	llueve	llueve, lleve, llave, llueva, llevé	lluve -> llueve	2021 Wimmer	2021-wimmer:009441	chachapani	Traducción (es)	v.impers., caen grandes gotas, lluvia. / v.impers., caer grandes gotas cuando lluve
candidate_spelling	locher	1	loches	loches, loche	locher -> loches	2021 Wimmer	2021-wimmer:035954	cacapantiuh	Traducción (es)	v.i., locher, idiota, hablando de herradura
candidate_spelling	lodemas	1	lomeas	lomeas	lodemas -> lomeas	1571 Molina 2	1571-molina-2:008824	huipiltlappoyahuac	Traducción	camisa de india que tiene la trama colorada y lodemas blanco
candidate_spelling	logordo	1	Logroño	Logroño	logordo -> Logroño	1571 Molina 1	1571-molina-1:023720	picilihui	Traducción	hacerse menudo logordo
candidate_spelling	loquese	1	loquees	loquees, loqueé, loquee, loquease	loquese -> loquees	1571 Molina 2	1571-molina-2:023984	tlapohualoni	Traducción	puntero para ir señalando loquese lee, o lo que se canta
candidate_spelling	lorum	1	fórum	fórum	lorum -> fórum	2021 Wimmer	2021-wimmer:014143	cuauhyacatl	Traducción (es)	lorum de águila. michel gilonne 1997, 190
candidate_spelling	lucienta	1	luciente	luciente	lucienta -> luciente	153? Trilingüe	153-trilingue:003605	cuecuayonini	Traducción	lucio o lucienta
candidate_spelling	lucirmiento	1	lucimiento	lucimiento	lucirmiento -> lucimiento	1780 ? Bnf_361	1780-bnf-361:003421	tonameyotl	Traducción	lucirmiento hacer
candidate_spelling	luer	1	nuer	nuer, lucre, fuer, luir	luer -> nuer	153? Trilingüe	153-trilingue:012106		Traducción	[--luer.]
candidate_spelling	lueñes	1	lunes	lunes, sueñes, llenes, lenes, suenes, leudes	lueñes -> lunes	153? Trilingüe	153-trilingue:004072	hueca	Traducción	lueñes
candidate_spelling	lugal	1	lugar	lugar, legal	lugal -> lugar	1547 Olmos_V ?	1547-olmos-v:000950	ixiptlayotia	Traducción	delegar otro en su lugal
candidate_spelling	lvalde	1	llave	llave	lvalde -> llave	1780 ? Bnf_361	1780-bnf-361:021808	tetlanemmactli	Traducción	donada cosa dándola de la gracia, o de lvalde
candidate_spelling	mabre	1	madre	madre, abre, habré, sabré, cabré, marre	mabre -> madre	2021 Wimmer	2021-wimmer:017716	icnohuacatzacualli	Traducción (es)	mabre recinto de carrizo
candidate_spelling	macao	1	maca	maca, cacao, macro, macas, Macao, maceo	macao -> maca	2021 Wimmer	2021-wimmer:016721	alo	Traducción (es)	ara macao. / plural., alomeh, guacamayos
candidate_spelling	machicar	1	machacar	machacar, machucar, achicar, máchica, máchicas	machicar -> machacar	1780 ? Bnf_361	1780-bnf-361:007121	cuatepitzinia	Traducción	machicar la cabeza a otro
candidate_spelling	machocar	1	machacar	machacar, machucar, machaco, achocar	machocar -> machacar	1547 Olmos_V ?	1547-olmos-v:000218	xamania	Traducción	machocar cañas
candidate_spelling	maculino	1	masculino	masculino	maculino -> masculino	1645 Carochi	1645-carochi:001885	oquichnacayo	Traducción	sexo maculino (sólo poseído)
candidate_spelling	macusa	1	acusa	acusa, macas, mácula, macuca, maceas, macucas	macusa -> acusa	1780 ? Bnf_361	1780-bnf-361:013004	motquitica	Traducción	fina lana o algodón; pura cosa fina como grana, macusa, y entera cosa
candidate_spelling	madara	1	madera	madera, matara, madura, matará, manara, mandará	madara -> madera	1547 Olmos_V ?	1547-olmos-v:000073	tlaxima	Traducción	labrar madara [madera]
candidate_spelling	maderear	1	maderera	maderera	maderear -> maderera	1780 ? Bnf_361	1780-bnf-361:007501	cuauhzaloa	Traducción	maderear con madera; o enmaderar casa
candidate_spelling	magis	1	manis	manis, macis, maris, makis, magia, magos	magis -> manis	1571 Molina 2	1571-molina-2:009658	ilhuice  +	Traducción	antes mucho mas. i. magis ac magis adverbio
candidate_spelling	magnificaciones	1	nagmificaciones	nagmificaciones	magnificaciones -> nagmificaciones	2021 Wimmer	2021-wimmer:006975	xoxale	Traducción (es)	el que sufre de tumores, que tiene magnificaciones, una hernia
candidate_spelling	magnificeincia	1	magnificencia	magnificencia	magnificeincia -> magnificencia	1780 ? Bnf_361	1780-bnf-361:022111	tetlauhtiliztli	Traducción	merced por misericordia; limosna; largera con liberalidad; beneficio hacer de otro õ merced; magnificeincia en los gastos; donación dando algo de gracia, o de balde
candidate_spelling	magristralmente	1	magistralmente	magistralmente	magristralmente -> magistralmente	1571 Molina 2	1571-molina-2:000997	tlatoltecahuilli	Traducción	cosa fabricada y tratada de esta manera magristralmente
candidate_spelling	magues	1	pagues	pagues, migues, amagues, vagues, mangues, agües	magues -> pagues	1598 Tezozomoc	1598-tezozomoc:000865	huitzcalco	Traducción	templo / casa y aposento de penitencia con espinas y púas de navaja y magues *t
candidate_spelling	magué	1	pague	pague, pagué, migue, amague, vague, mangué	magué -> pague	1598 Tezozomoc	1598-tezozomoc:001062	mexitin	Traducción	[el del] lagar manantial de la uba como si del magué saliera manantial *ag
candidate_spelling	maheria	1	materia	materia, malhería	maheria -> materia	1780 ? Bnf_361	1780-bnf-361:005209	yaollatalhuia	Traducción	maheria para la guerra, apercebir o señalar
candidate_spelling	maine	1	Maite	Maite, marine, mine, miné, mane, mané	maine -> Maite	2021 Wimmer	2021-wimmer:040791	camapaca	Traducción (es)	v.t. tē-., hacer que le laven la boca a alguien. dándole lo que necesita. / v.refl., me lavo la boca. / se lavan los maine, se limpia la boca
candidate_spelling	maizallas	1	maizal	maizal	maizallas -> maizal	1780 ? Bnf_361	1780-bnf-361:015882	oizanacac	Traducción	sonar en el maizallas las hojas secas del maíz que menea el viento, o los pliegos de papel, las hojas del libro cuando lo ojean o cosas semejantes
candidate_spelling	majorat	1	majaron	majaron	majorat -> majaron	2021 Wimmer	2021-wimmer:002681	tlazopillatquitl	Traducción (es)	majorat, patrimonio reservado a los mayores
candidate_spelling	malaba	1	molaba	molaba, mataba, alaba, malaya, manaba, jalaba	malaba -> molaba	1780 ? Bnf_361	1780-bnf-361:025635	tlalaala	Traducción	malaba hierba conocida
candidate_spelling	maldicio	1	malició	malició, malicio	maldicio -> malició	1780 ? Bnf_361	1780-bnf-361:018943	tehuexcaitoliztli	Traducción	maldicio, o murmuración
candidate_spelling	maldida	1	maldad	maldad, maldiga, maldiva	maldida -> maldad	1780 ? Bnf_361	1780-bnf-361:028226	tlatelchihualli	Traducción	maldida cosa
candidate_spelling	malefecio	1	maleficio	maleficio, malefició	malefecio -> maleficio	1780 ? Bnf_361	1780-bnf-361:022325	tetzimmatocani	Traducción	pesquisidor de algún malefecio
candidate_spelling	malenco	1	melando	melando	malenco -> melando	153? Trilingüe	153-trilingue:000172	tlatlacolli	Traducción	malenco hacedor de mal
candidate_spelling	malez	1	males	males, maleza, malea, malee, malees, maleó	malez -> males	17?? Bnf_362	17-bnf-362:003899	techachacuachtla	Traducción	áspero camino por malez
candidate_spelling	malhecahor	1	malhechor	malhechor	malhecahor -> malhechor	1780 ? Bnf_361	1780-bnf-361:022202	tetoliniani	Traducción	maleficio hacedor de mal; afligidor; malhecahor; agraviador; maligno; molestador de alguna coasa
candidate_spelling	malpaso	1	malparó	malparó, malparo, maleaos, malcaso, malcasó	malpaso -> malparó	17?? Bnf_362	17-bnf-362:003476	panahuia	Traducción	pasar o adelantar a otro, también pasar a otro del río, o malpaso
candidate_spelling	malpuesta	1	mampuesta	mampuesta	malpuesta -> mampuesta	1571 Molina 2	1571-molina-2:010325	itlacauhtica	Traducción	estar malpuesta, desconcertada, o dañada alguna cosa
candidate_spelling	malsines	1	mallines	mallines	malsines -> mallines	1571 Molina 2	1571-molina-2:010648	ixeque  +	Traducción	chismeros, o malsines, o demonios que tienen dos caras, y tienen ojos con que ven por detrás y por delante
candidate_spelling	maluas	1	malas	malas, mallas, malvas, malucas, maulas, maleas	maluas -> malas	1571 Molina 1	1571-molina-1:033663	tlalaalatla	Traducción	maluar lugar de maluas
candidate_spelling	mamaltia	1	maüaltia	maüaltia	mamaltia -> maüaltia	2021 Wimmer	2021-wimmer:021414	mamaltilo	Traducción (es)	pasivo, en mamaltia, para cargar en la espalda
candidate_spelling	manal	1	canal	canal, manual, mana, banal, maná, panal	manal -> canal	1547 Olmos_V ?	1547-olmos-v:001183	moloni	Traducción	manal o hervir
candidate_spelling	mancebete	1	macetee	macetee, maceteé	mancebete -> macetee	1571 Molina 2	1571-molina-2:018305	telpocatl	Traducción	mancebete
candidate_spelling	mancebico	1	mancebo	mancebo	mancebico -> mancebo	1595 Rincón	1595-rincon:000572	telpochpil	Traducción	mancebico
candidate_spelling	manjarez	1	manjares	manjares	manjarez -> manjares	1780 ? Bnf_361	1780-bnf-361:024682	tlacuxitilli	Traducción	guisada cosa de manjarez
candidate_spelling	manoceada	1	manoseada	manoseada, manoteada	manoceada -> manoseada	1780 ? Bnf_361	1780-bnf-361:004398	xaxacualtic	Traducción	carne magullada, fruta manoceada
candidate_spelling	manoia	1	manía	manía, mañosa, maniota	manoia -> manía	153? Trilingüe	153-trilingue:002209	cen mapichtli	Traducción	manoia o manada
candidate_spelling	mansanal	1	manzanal	manzanal	mansanal -> manzanal	1780 ? Bnf_361	1780-bnf-361:022479	texococuauhtla	Traducción	mansanal
candidate_spelling	mansano	1	manzano	manzano, malsano	mansano -> manzano	1780 ? Bnf_361	1780-bnf-361:022478	texococuahuitl	Traducción	mansano de esta tierra
candidate_spelling	mantarala	1	mandataria	mandataria, manteara, mantearía, maniatara, maniataría	mantarala -> mandataria	1571 Molina 2	1571-molina-2:020679	cacaxactic	Traducción	mantarala y mal tejida, o cosa semejante, o cosa floja y mal atada
candidate_spelling	manzillada	1	mancillada	mancillada	manzillada -> mancillada	2021 Wimmer	2021-wimmer:020030	ixticehua	Traducción (es)	v.inanim., descolorarse, deslustrarse, pasar de largo hablando de colores, etc. / v.i., tener manchas en la cara, estar pálido a consecuencia de enfermedad, de frío, etc. / v.i., tener manzillada la cara, o estar descolorido por enfermedad o gran frío
candidate_spelling	maqu	1	maqui	maqui, maque, maqué, maquí	maqu -> maqui	1645 Carochi	1645-carochi:001068	amaquemecatl	Traducción	natural de ämaquëmècän
candidate_spelling	marchitura	1	marchitar	marchitar, marchitara, marchitará	marchitura -> marchitar	153? Trilingüe	153-trilingue:003652	cuetlahuializtli	Traducción	marchitura
candidate_spelling	marcotte	1	macote	macote	marcotte -> macote	2021 Wimmer	2021-wimmer:014028	cuauhtoctli	Traducción (es)	marcotte, corte, plano
candidate_spelling	mare	1	mari	mari, maro, maye, miare, madre, mire	mare -> mari	1780 Clavijero	1780-clavijero:000207	yecoa	Traducción	rem turpem cum mare aut femina habere
candidate_spelling	marginale	1	marginales	marginales, marginal, marginase, marginaré, marginare, marginal e	marginale -> marginales	1780 ? Bnf_361	1780-bnf-361:020093	tenxiquipillotiuh	Traducción	rezongar. (n.c. marginale dict.d.s.)
candidate_spelling	marinable	1	Maribel	Maribel, marinaba, marinaste, marinaban, marinase, marinare	marinable -> Maribel	1780 ? Bnf_361	1780-bnf-361:014197	nenamictiliznencayotl	Traducción	marinable vida
candidate_spelling	maritar	1	Marita	Marita, maridar, marinar, marital, Marimar	maritar -> Marita	153? Trilingüe	153-trilingue:006486	namictia ^	Traducción	maritar o casar
candidate_spelling	marlinetes	1	martinetes	martinetes	marlinetes -> martinetes	1780 Clavijero	1780-clavijero:001095	huexocanauhtli	Traducción	cierta ánade bella y crestada de la clase de los marlinetes
candidate_spelling	marsupialis	1	marsupiales	marsupiales	marsupialis -> marsupiales	2021 Wimmer	2021-wimmer:038035	tlacuatzin	Traducción (es)	zoología, zarigüeya, didelphis marsupialis. / n.pers
candidate_spelling	martinetón	1	martinete	martinete, martinetes	martinetón -> martinete	1580 Sahagún/Máynez	1580-sahagun-maynez:000946	huacton	Traducción	martinetón (ave de agüero)
candidate_spelling	martirólogo	1	martirologio	martirologio	martirólogo -> martirologio	2021 Wimmer	2021-wimmer:003708	tonalpohualoni	Traducción (es)	reloj, martirólogo
candidate_spelling	masacote	1	masacoate	masacoate, mazacote	masacote -> masacoate	1780 ? Bnf_361	1780-bnf-361:014843	nexzoquitl	Traducción	masacote para solar
candidate_spelling	masayea	1	masajea	masajea, Masaya	masayea -> masajea	1780 ? Bnf_361	1780-bnf-361:000419	tlatexiuhzalolmantli	Traducción	suelo de arte masayea
candidate_spelling	mascate	1	masacre	masacre, ráscate, mascare, mascaste, mascase, mascaré	mascate -> masacre	2021 Wimmer	2021-wimmer:036010	texxo	Traducción (es)	mascate
candidate_spelling	masticatorias	1	masticarais	masticarais	masticatorias -> masticarais	2021 Wimmer	2021-wimmer:010206	chictli	Traducción (es)	látex de chicozapote, utilizado en la preparación de pastas masticatorias (chicles de mascar)
candidate_spelling	matalotaxe	1	matalotaje	matalotaje, matalotaxoe	matalotaxe -> matalotaje	1598 Tezozomoc	1598-tezozomoc:000354	yaotonacalco	Traducción	tienda grande que es como almacén real del rey, adonde están las armas y matalotaxe para todo el tiempo que dura la guerra *t
candidate_spelling	matereal	1	material	material, maternal	matereal -> material	1780 ? Bnf_361	1780-bnf-361:025249	tlailihuizchiuhtli	Traducción	matereal cosa grosera
candidate_spelling	matis	1	maris	maris, manis, macis, satis, makis, mates	matis -> maris	1780 ? Bnf_361	1780-bnf-361:026028	tlamachiyotiliztli	Traducción	matis en la pintura
candidate_spelling	matoa	1	matos	matos, mato, mata, mató, mataos, matea	matoa -> matos	1780 ? Bnf_361	1780-bnf-361:018892	tehuan nitla, elelehuia	Traducción	gemir al gemido nitla, matoa tocar juntamente
candidate_spelling	maxcando	1	marcando	marcando, mascando, mancando, macando	maxcando -> marcando	1571 Molina 1	1571-molina-1:027180	tencapania	Traducción	taxcar maxcando
candidate_spelling	maxcarla	1	mascarilla	mascarilla, mascara, mascaría	maxcarla -> mascarilla	1571 Molina 1	1571-molina-1:023934	pipitzoa	Traducción	chupar alguna cosa sin maxcarla
candidate_spelling	mayana	1	mañana	mañana, mayan, magaña, maraña, rayana, jayana	mayana -> mañana	2021 Wimmer	2021-wimmer:022097	mayanalo	Traducción (es)	v.impers. sobre mayana
candidate_spelling	mazorza	1	mazorca	mazorca	mazorza -> mazorca	1580 Sahagún/Máynez	1580-sahagun-maynez:000670	cincalli	Traducción	casa de la mazorza divinizada
candidate_spelling	mazumorra	1	mazamorra	mazamorra, mazmorra	mazumorra -> mazamorra	1780 ? Bnf_361	1780-bnf-361:025260	tlailiztli	Traducción	bebida, el acto de beber mazumorra para la purga o jarabe
candidate_spelling	mañosam	1	mañosa	mañosa, mañosas	mañosam -> mañosa	1780 ? Bnf_361	1780-bnf-361:025295	tlaimatiliztica	Traducción	mañosam(en)te
candidate_spelling	mañozo	1	mañoso	mañoso, manojo, mañoco	mañozo -> mañoso	1780 ? Bnf_361	1780-bnf-361:000783	tlatlamachiani	Traducción	mañozo, o mañoso
candidate_spelling	mecapals	1	mecapal	mecapal, mecapales	mecapals -> mecapal	2021 Wimmer	2021-wimmer:022405	memecapaltic	Traducción (es)	similar a los mecapals
candidate_spelling	mecear	1	menear	menear, mechar, mecer, mecerá, cecear, macear	mecear -> menear	1780 ? Bnf_361	1780-bnf-361:008718	huihuixoa	Traducción	mecear o menear cuna de niños, o cosa semejante. prender por pena. sacudir árboles de fruta
candidate_spelling	medidortal	1	medidoras	medidoras, medidora	medidortal -> medidoras	1571 Molina 1	1571-molina-1:033408	tlaixhuiani	Traducción	medidortal
candidate_spelling	medigar	1	meditar	meditar, mediar, medicar, mediara	medigar -> meditar	1780 ? Bnf_361	1780-bnf-361:025321	tlaitlania	Traducción	medigar el pobre
candidate_spelling	meello	1	mello	mello, meollo, melló	meello -> mello	1780 ? Bnf_361	1780-bnf-361:011953	metalotl	Traducción	meello de maguey
candidate_spelling	megoras	1	mejoras	mejoras, memoras	megoras -> mejoras	17?? Bnf_362	17-bnf-362:001828	cuiltonoa	Traducción	tu megoras, o alegras
candidate_spelling	mehtolcua	1	mehtolíua	mehtolíua	mehtolcua -> mehtolíua	2021 Wimmer	2021-wimmer:022476	metolcualo	Traducción (es)	pasivo, en mehtolcua, ser comido por las polillas, hablando de ropa
candidate_spelling	melecina	1	merecían	merecían	melecina -> merecían	1780 ? Bnf_361	1780-bnf-361:004007	tzimpamaca	Traducción	echar melecina, o jeringa
candidate_spelling	melesina	1	merecían	merecían	melesina -> merecían	1780 ? Bnf_361	1780-bnf-361:004020	tzinana	Traducción	ayuda dar o melesina de otra manera
candidate_spelling	mellón	1	millón	millón, melón, mello, vellón, melló, mellan	mellón -> millón	153? Trilingüe	153-trilingue:004471	amae	Traducción	mellón de paja
candidate_spelling	menage	1	menaje	menaje, ménade	menage -> menaje	153? Trilingüe	153-trilingue:008799	teixpatlacemitolli	Traducción	pleito o menage o pleitesía
candidate_spelling	mendudo	1	menudo	menudo, menudeo	mendudo -> menudo	1780 ? Bnf_361	1780-bnf-361:017219	pixauhcacahua	Traducción	vender por mendudo
candidate_spelling	meneandola	1	meneando	meneando, meneadora	meneandola -> meneando	1571 Molina 2	1571-molina-2:012914	momolotza	Traducción	hacer espuma en el agua, meneandola
candidate_spelling	menera	1	manera	manera, minera, genera, menear, mesera, menea	menera -> manera	1780 ? Bnf_361	1780-bnf-361:022403	texaltetla	Traducción	cascajal de otra menera
candidate_spelling	menospreciandolo	1	menospreciando	menospreciando, menospreciándolo	menospreciandolo -> menospreciando	1571 Molina 2	1571-molina-2:017583	tecani  +	Traducción	escarnecer de otro con algún denuedo e impaciencia, reprochándolo, maldiciéndolo y menospreciandolo
candidate_spelling	menospresiar	1	menospreciar	menospreciar	menospresiar -> menospreciar	17?? Bnf_362	17-bnf-362:002472	amo tetlacaitta	Traducción	menospresiar a otro,
candidate_spelling	mens	1	gens	gens, menos, mes, mena, menú, menús	mens -> gens	1780 ? Bnf_361	1780-bnf-361:010879	ixtotomahua	Traducción	atochado, abobado, atontado, metecato. fatuus de mens
candidate_spelling	mensagera	1	mensajera	mensajera	mensagera -> mensajera	1765 Cortés y Zedeño	1765-cortes-y-zedeno:002097	amatl	Traducción	letra carta mensagera
candidate_spelling	mensageras	1	mensajeras	mensajeras	mensageras -> mensajeras	1765 Cortés y Zedeño	1765-cortes-y-zedeno:002094	amatl	Traducción	letras cartas mensageras
candidate_spelling	menzajero	1	mensajero	mensajero	menzajero -> mensajero	1780 ? Bnf_361	1780-bnf-361:006242	zan nen titlantli	Traducción	menzajero de vanidad
candidate_spelling	mercasur	1	Mercosur	Mercosur	mercasur -> Mercosur	2021 Wimmer	2021-wimmer:015547	ehuaxiquipilli	Traducción (es)	mercasur forrado de piel
candidate_spelling	meresco	1	merezco	merezco	meresco -> merezco	1692 Guerra	1692-guerra:000450	macehuia	Traducción	yo meresco
candidate_spelling	mesajero	1	mensajero	mensajero	mesajero -> mensajero	1780 ? Bnf_361	1780-bnf-361:022902	tititlantli	Traducción	mesajero
candidate_spelling	mesaradamente	1	mesuradamente	mesuradamente	mesaradamente -> mesuradamente	153? Trilingüe	153-trilingue:005008	yocoxca	Traducción	mesaradamente
candidate_spelling	mescladamente	1	mezcladamente	mezcladamente	mescladamente -> mezcladamente	1780 ? Bnf_361	1780-bnf-361:026890	tlanenepanoliztica	Traducción	mescladamente alguna cosa
candidate_spelling	mestrecho	1	estrecho	estrecho, estrechó	mestrecho -> estrecho	1780 ? Bnf_361	1780-bnf-361:015116	ninopitzmamali	Traducción	mestrecho; meterse o colocarse entre otros, o por algún lugar
candidate_spelling	mesutarse	1	mesurares	mesurares, mesurase	mesutarse -> mesurares	1547 Olmos_V ?	1547-olmos-v:001003	ixtoloa	Traducción	mesutarse abajar la vista
candidate_spelling	metere	1	metete	metete, meter, meteré, meterá, meceré, metiere	metere -> metete	1547 Olmos_V ?	1547-olmos-v:001911	tlamapilaquilia	Traducción	metere el dedo
candidate_spelling	metha	1	meta	meta, mecha, metía	metha -> meta	1571 Molina 2	1571-molina-2:019542	tequetzalhuan	Traducción	hijos, o hijas de caballeros. metha
candidate_spelling	metiendola	1	metiendo	metiendo, metiéndola	metiendola -> metiendo	1571 Molina 2	1571-molina-2:022647	tlalcualiztli	Traducción	el acto de hacer juramento con cierta cerimonia. s. besando la tierra, o metiendola en la boca
candidate_spelling	metio	1	medio	medio, metió, metro, meto, metido, metí	metio -> medio	1571 Molina 2	1571-molina-2:021516	calacqui	Traducción	el que entro o se metio en alguna parte
candidate_spelling	mexillar	1	maxilar	maxilar	mexillar -> maxilar	1780 ? Bnf_361	1780-bnf-361:010689	ixteliuhcatl	Traducción	mexillar de la cara
candidate_spelling	mezclala	1	mezclada	mezclada, mezclaba, mezclará, mezclara	mezclala -> mezclada	1571 Molina 2	1571-molina-2:000234	tlatetocani	Traducción	el que hinche de piedra y mezclala zanja del cimiento de la pared
candidate_spelling	mezon	1	melón	melón, mezan, mezo, pezon	mezon -> melón	1780 ? Bnf_361	1780-bnf-361:018390	teceliloyan	Traducción	posada, o mezon; hospedería
candidate_spelling	micerable	1	miserable	miserable	micerable -> miserable	1780 ? Bnf_361	1780-bnf-361:014341	nentlacatl	Traducción	desventurado; desalmado, flojo; haragán, cutil?, o apocado; cuitado, micerable.*
candidate_spelling	micericordioso	1	misericordioso	misericordioso	micericordioso -> misericordioso	1780 ? Bnf_361	1780-bnf-361:019064	teicnoittani	Traducción	piadoso, benigno; clemente; micericordioso
candidate_spelling	midiendola	1	midiendo	midiendo, midiéndola	midiendola -> midiendo	1780 ? Bnf_361	1780-bnf-361:028115	tlatamachihualli	Traducción	comparada la cosa, midiendola con compás
candidate_spelling	midio	1	misio	misio, medio, Milio, pidió, midió, lidio	midio -> misio	1571 Molina 2	1571-molina-2:011909	matlac xocpallatamachiuhtli	Traducción	cosa que se midio con diez pies
candidate_spelling	miembrera	1	mimbrera	mimbrera, mimbrear	miembrera -> mimbrera	1571 Molina 2	1571-molina-2:008625	huexopazolli	Traducción	mata de miembrera
candidate_spelling	mihmati	1	mismita	mismita	mihmati -> mismita	2021 Wimmer	2021-wimmer:018589	imati	Traducción (es)	v.t. tla-., preparar algo. / v.t. tē-., tratar con la gente hábilmente. / v.refl., mihmati, ser sabio, prudente, ser hábil
candidate_spelling	mijor	1	mejor	mejor, mijo, mijos	mijor -> mejor	1547 Olmos_V ?	1547-olmos-v:001433	pati	Traducción	estar mijor [mejor]
candidate_spelling	milhoja	1	milhojas	milhojas	milhoja -> milhojas	153? Trilingüe	153-trilingue:011366	tlalquequetzal	Traducción	milhoja hierba
candidate_spelling	miquín	1	miquis	miquis, piquín	miquín -> miquis	2021 Wimmer	2021-wimmer:022853	miequin	Traducción (es)	miquín, pl. en miec
candidate_spelling	mirais	1	miras	miras, miráis, miraos, moráis, tiráis, miréis	mirais -> miras	1629 Alarcón	1629-alarcon:000197	cemithualeque  +	Traducción	cinco solares que todos mirais hacia un lado
candidate_spelling	miralse	1	mirase	mirase, mirares, mirases, mirlas	miralse -> mirase	1547 Olmos_V ?	1547-olmos-v:001778	tezcahuia	Traducción	miralse al espejo
candidate_spelling	mirandose	1	mirando	mirando, mirándose, mirados, miradores	mirandose -> mirando	1571 Molina 2	1571-molina-2:010746	ixnamiqui	Traducción	juntar los rostros mirandose el uno al otro
candidate_spelling	misturada	1	mixturada	mixturada	misturada -> mixturada	1780 ? Bnf_361	1780-bnf-361:026882	tlanenelolli	Traducción	misturada cosa
candidate_spelling	mitoti	1	mitote	mitote, mitotee	mitoti -> mitote	1571 Molina 2	1571-molina-2:023780	tlapapahuia	Traducción	dar alaridos cuando hacen el mitoti
candidate_spelling	miyac	1	mica	mica	miyac -> mica	2021 Wimmer	2021-wimmer:023249	miyaquintin	Traducción (es)	pl. de miyac, numerosos
candidate_spelling	miñique	1	meñique	meñique	miñique -> meñique	1571 Molina 2	1571-molina-2:002228	tomapilxocoyouh	Traducción	el dedo miñique
candidate_spelling	mochin	1	mochi	mochi, mochen, mochan, mohín, mochín	mochin -> mochi	2021 Wimmer	2021-wimmer:023374	mochintin	Traducción (es)	plural de mochi, variante mochin, todos
candidate_spelling	mochipa	1	mochila	mochila	mochipa -> mochila	1551-95 Documentos nahuas de la Ciudad de México	1551-95-documentos-nahuas-de-la-ciudad-de-mexico:000617	chihua	Traducción	hacer / labrar / [hechura] / beneficiar (las tierras) / cultivar / cultivar (mochipa quichihua) / labrar (la tierra) / sembrar (una milpa)
candidate_spelling	moderrear	1	moderara	moderara	moderrear -> moderara	153? Trilingüe	153-trilingue:003304	cuaihuinti ninextecuilti	Traducción	moderrear o bobear
candidate_spelling	modorrea	1	modorra	modorra, modorres, modorré, modorren, modorre, modorre a	modorrea -> modorra	17?? Bnf_362	17-bnf-362:002576	ixtotomahua	Traducción	desvergonzarse; modorro, o de poco ingenio; el que modorrea
candidate_spelling	modorrenia	1	modorren	modorren	modorrenia -> modorren	1780 ? Bnf_361	1780-bnf-361:010882	ixtotomahualiztli	Traducción	desvergüenza; por desvergonzarse: modorrenia
candidate_spelling	modorria	1	modorra	modorra, mosdorria	modorria -> modorra	153? Trilingüe	153-trilingue:003306	cuaihuintiliztli	Traducción	modorria o bobería
candidate_spelling	modum	1	modem	modem, modus, módem	modum -> modem	17?? Bnf_362bis	17-bnf-362bis:000323	in iuhqui	Traducción	como, de la manera que. latin. quem ad modum
candidate_spelling	mogecerse	1	moheceré	moheceré, mohecieres, moceares	mogecerse -> moheceré	17?? Bnf_362	17-bnf-362:003693	poxcahuiya	Traducción	enmojeserse algo; mogecerse algo
candidate_spelling	moginete	1	molinete	molinete, mojinete	moginete -> molinete	1780 ? Bnf_361	1780-bnf-361:010741	ixtetzotzona	Traducción	dar moginete
candidate_spelling	moleer	1	moler	moler, moleré	moleer -> moler	1598 Tezozomoc	1598-tezozomoc:001052	metlapilli	Traducción	brazo de las piedras de moleer
candidate_spelling	molentar	1	molestar	molestar	molentar -> molestar	153? Trilingüe	153-trilingue:007776	papatztilia ^	Traducción	molentar hacer muelle
candidate_spelling	moliendole	1	moviéndole	moviéndole, moliendo	moliendole -> moviéndole	1571 Molina 2	1571-molina-2:022976	tlamatataquilia	Traducción	trabajar mucho para sacar o alcanzar de otro alguna cosa, importunándole mucho y moliendole, para que sela de
candidate_spelling	moloestamente	1	molestamente	molestamente	moloestamente -> molestamente	1780 ? Bnf_361	1780-bnf-361:022204	tetoliniliztica	Traducción	agraviadam(en(te; moloestamente de algo
candidate_spelling	momecatia	1	mocearía	mocearía	momecatia -> mocearía	17?? Bnf_362	17-bnf-362:002818	mecatia	Traducción	para decir que está enlazado dicen mecahuia, y de aquí me parece sale la frase de decir que está amancebado dicen momecatia, que es lo mismo que están enredado
candidate_spelling	mondadiras	1	mondadoras	mondadoras, mondaduras	mondadiras -> mondadoras	1780 ? Bnf_361	1780-bnf-361:000623	tlatlacuicuililoni	Traducción	mondadiras de garvanzo, o arroz
candidate_spelling	mondificar	1	modificar	modificar	mondificar -> modificar	1780 ? Bnf_361	1780-bnf-361:006792	cua	Traducción	morder o mondificar
candidate_spelling	monenda	1	moneda	moneda, monead	monenda -> moneda	1780 ? Bnf_361	1780-bnf-361:024106	tlacocohualoni	Traducción	dinero o monenda
candidate_spelling	monepodio	1	monipodio	monipodio	monepodio -> monipodio	1780 ? Bnf_361	1780-bnf-361:018301	tecanecentlaliliztli	Traducción	monepodio de los que se ayuntan; conjuración contra alguno
candidate_spelling	monitorea	1	monitores	monitores, monitorear	monitorea -> monitores	2021 Wimmer	2021-wimmer:036558	tiyanquizoa	Traducción (es)	v.i., monitorea el mercado. / v.t. tla-., haciendo los mercados. / v.t. tla-., va de mercado en mercado
candidate_spelling	monitorean	1	monitores	monitores, monitorear	monitorean -> monitores	2021 Wimmer	2021-wimmer:007487	yaotlapiya	Traducción (es)	v.i., monitorean al enemigo
candidate_spelling	monnopiloa	1	monopolio	monopolio	monnopiloa -> monopolio	1565 Sahagún Escolios	1565-sahagun-escolios:001064	piloa	Traducción	p. monnopiloa
candidate_spelling	montajar	1	montara	montara	montajar -> montara	1780 ? Bnf_361	1780-bnf-361:017753	quimiloa	Traducción	montajar al muerto; o amortajarlo
candidate_spelling	montesinas	1	Montesinos	Montesinos, monetizas	montesinas -> Montesinos	1571 Molina 2	1571-molina-2:019239	tepexocoyolli	Traducción	acederas anchas y montesinas
candidate_spelling	montonar	1	montonera	montonera, montaran, amontonar	montonar -> montonera	17?? Bnf_362	17-bnf-362:004865	tlamachtlalia	Traducción	montonar alguna cosa
candidate_spelling	montoña	1	montaña	montaña, Montoya, monótona, amontona, montuna, Zmontoña	montoña -> montaña	1780 ? Bnf_361	1780-bnf-361:007361	cuauhtla	Traducción	arboleda; serranía, tierra montañosa; bosque de árboles; montaña, o montoña; desierto
candidate_spelling	morciya	1	morcilla	morcilla	morciya -> morcilla	1780 ? Bnf_361	1780-bnf-361:024804	tlaeztemitilli coyamecuitlaxcolli	Traducción	morciya
candidate_spelling	mordeindo	1	mordiendo	mordiendo	mordeindo -> mordiendo	1780 ? Bnf_361	1780-bnf-361:021523	tetetexoliztica	Traducción	adentelladas mordeindo smi sacar bocado
candidate_spelling	mordio	1	mordido	mordido, mordí, mordía, mordico, mordicó	mordio -> mordido	17?? Bnf_362	17-bnf-362:001578	cua	Traducción	me mordio el perro
candidate_spelling	morfil	1	marfil	marfil	morfil -> marfil	2021 Wimmer	2021-wimmer:041114	tlanomitl	Traducción (es)	morfil, marfil
candidate_spelling	morion	1	Marion	Marion, Motion, moción, morón, morían, mormón	morion -> Marion	2021 Wimmer	2021-wimmer:034370	tepozcuacalalatli	Traducción (es)	morion, casco de hierro. / cascos
candidate_spelling	morira	1	Moira	Moira, morir, morita, morirá, moría, moriré	morira -> Moira	1571 Molina 2	1571-molina-2:011415	amo ma ic miquiz	Traducción	no morira con eso, o por eso
candidate_spelling	mormurar	1	murmurar	murmurar	mormurar -> murmurar	1780 ? Bnf_361	1780-bnf-361:006624	acualitoa	Traducción	maldecir o mormurar
candidate_spelling	morte	1	norte	norte, corte, porte, monte, more, moré	morte -> norte	2021 Wimmer	2021-wimmer:012604	ahuacatzitzin	Traducción (es)	idioma dialectal de la sierra del morte de puebla
candidate_spelling	mortájar	1	mortaja	mortaja, mortajas, amortajar, martajar	mortájar -> mortaja	2021 Wimmer	2021-wimmer:022632	miccaquimiloa	Traducción (es)	v.t. tē-., enterrar a un muerto. / v.i., amortajar al muerto; mortájar al muerto
candidate_spelling	morzal	1	moral	moral, mortal, morral, zorzal, torzal	morzal -> moral	1780 ? Bnf_361	1780-bnf-361:011562	marzocayotl	Traducción	morzal casa de este mes
candidate_spelling	mostazos	1	mostazas	mostazas	mostazos -> mostazas	1571 Molina 2	1571-molina-2:010566	ixconoa	Traducción	desgranar mostazos o otras cosas semejantes
candidate_spelling	mostrarsele	1	mostrársela	mostrársela, mostrares	mostrarsele -> mostrársela	1571 Molina 2	1571-molina-2:010394	ittitia	Traducción	aparecer a otro, o mostrarsele
candidate_spelling	motejandole	1	motejando	motejando, motejándole	motejandole -> motejando	1571 Molina 2	1571-molina-2:014838	nexxotla	Traducción	descubrir defecto o culpa de otro motejandole de ella
candidate_spelling	motejor	1	motejo	motejo, motejar, motejó	motejor -> motejo	1780 ? Bnf_361	1780-bnf-361:013313	nahuallacaquitia	Traducción	motejor
candidate_spelling	motesina	1	mortecina	mortecina, mohecían	motesina -> mortecina	153? Trilingüe	153-trilingue:008921	temazatl	Traducción	cabra motesina
candidate_spelling	mouediza	1	movediza	movediza	mouediza -> movediza	1571 Molina 2	1571-molina-2:012485	micuaniani	Traducción	cosa mouediza
candidate_spelling	movera	1	overa	overa, mover, moverá, modera, movería, moveré	movera -> overa	1547 Olmos_V ?	1547-olmos-v:000343	yolehua	Traducción	movera otro persuadirle
candidate_spelling	moyete	1	óyete	óyete, motete, mocete, moyote, mollete	moyete -> óyete	1780 ? Bnf_361	1780-bnf-361:002092	tlaxcalyamacti	Traducción	moyete pan muelle
candidate_spelling	moyollo	1	mogollo	mogollo	moyollo -> mogollo	1780 Clavijero	1780-clavijero:002451	auh	Traducción	partícula equivalente al veró de los latinos. cenca nimitztlazotla; auh inic moyollo pachihuiz, etcétera. mucho te amo, y para que te satisfagas, etcétera. auh quen tihuitz. ¿y bien cómo vienes?
candidate_spelling	mpes	1	míes	míes, mes, pes, mies, upes, myes	mpes -> míes	2021 Wimmer	2021-wimmer:037965	tlacualchihualo	Traducción (es)	v.i.mpes. en tlacualchīhua., preparamos la comida
candidate_spelling	mponer	1	poner	poner, imponer, oponer	mponer -> poner	1780 ? Bnf_361	1780-bnf-361:011474	mamachtia	Traducción	mponer o ensayar o otro
candidate_spelling	muchacherias	1	muchachearais	muchachearais, muchachearías	muchacherias -> muchachearais	1571 Molina 2	1571-molina-2:006300	coconeyotl	Traducción	muchacherias o niñerías
candidate_spelling	mulcajete	1	molcajete	molcajete, molcajetes	mulcajete -> molcajete	2021 Wimmer	2021-wimmer:023492	molcaxitl	Traducción (es)	mulcajete, el mulcajete es un jarrón pequeño, generalmente en forma de trípode en el que se muelen verduras
candidate_spelling	mulieris	1	mullereis	mullereis	mulieris -> mullereis	17?? Bnf_362	17-bnf-362:004243	tepilli	Traducción	pars vereda mulieris
candidate_spelling	murgano	1	muérgano	muérgano	murgano -> muérgano	153? Trilingüe	153-trilingue:008186	quimichto	Traducción	murgano ratoncillo
candidate_spelling	mánco	1	banco	banco, marco, mano, mando, manco, manto	mánco -> banco	1571 Molina 2	1571-molina-2:012046	matzitzicoltic	Traducción	gotoso mánco de manos
candidate_spelling	méchant	1	mechan	mechan	méchant -> mechan	2021 Wimmer	2021-wimmer:029436	pochtecahuehue	Traducción (es)	méchant agl
candidate_spelling	ménsageros	1	mensajeros	mensajeros	ménsageros -> mensajeros	1571 Molina 2	1571-molina-2:001606	tlayihualtin	Traducción	ménsageros enviados a diversas partes
candidate_spelling	ménstruo	1	monstruo	monstruo, menstruó, menstrúo, menstruo, menstruos	ménstruo -> monstruo	1571 Molina 2	1571-molina-2:006015	cihuacocolli	Traducción	ménstruo, camisa de mujer, o su costumbre
candidate_spelling	méntiroso	1	mentiros	mentiros	méntiroso -> mentiros	1571 Molina 2	1571-molina-2:011379	iztlacapapol	Traducción	grán méntiroso. [dicen las mujeres.]
candidate_spelling	nacio	1	dacio	dacio, nació, nacho, nación, nacido, nací	nacio -> dacio	153? Trilingüe	153-trilingue:009240	tepan nitlacati	Traducción	nacer sobre otro que nacio
candidate_spelling	nadaliente	1	navalmente	navalmente, nasalmente	nadaliente -> navalmente	1780 ? Bnf_361	1780-bnf-361:016561	pactinemiliztli	Traducción	lozania, o galardia; reciura nadaliente
candidate_spelling	nanimate	1	anímate	anímate	nanimate -> anímate	2021 Wimmer	2021-wimmer:024903	neci	Traducción (es)	v.i. o v.i.nanimate., aparecer, ocurrir. / amanece el día
candidate_spelling	nascen	1	nacen	nacen	nascen -> nacen	1565 Sahagún Escolios	1565-sahagun-escolios:001338	cacamayo	Traducción	mazorca de maíz de que nascen otras mazorquitas o persona que tiene sucesores
candidate_spelling	nascerme	1	nacerme	nacerme	nascerme -> nacerme	1571 Molina 2	1571-molina-2:002939	tzonixhua	Traducción	nascerme el pelo
candidate_spelling	nasco	1	vasco	vasco, casco, tasco, nazco, lasco, masco	nasco -> vasco	1692 Guerra	1692-guerra:000829	tlacati	Traducción	yo nasco
candidate_spelling	nasido	1	nacido	nacido, asido	nasido -> nacido	17?? Bnf_362	17-bnf-362:000186	tlaxihuiztli	Traducción	divieso o incordio o tumor grave; nasido o divieso
candidate_spelling	nauas	1	navas	navas, Navas, nadas, nanas, natas, nasas	nauas -> navas	1571 Molina 2	1571-molina-2:009962	inic monahuaitoa	Traducción	y en la lengua de los nauas
candidate_spelling	navayo	1	navajo	navajo, navarro	navayo -> navajo	1565 Sahagún Escolios	1565-sahagun-escolios:001143	teahuayo  +	Traducción	persona que procede de otro como la espina en ello en que nace niuayo (navayo)
candidate_spelling	ncesario	1	necesario	necesario	ncesario -> necesario	1780 ? Bnf_361	1780-bnf-361:017679	quihiohuia	Traducción	adquirir con trabajo lo ncesario a la vida
candidate_spelling	neces	1	veces	veces, nenes, peces, naces, nueces, meces	neces -> veces	1780 ? Bnf_361	1780-bnf-361:027391	tlapaliuhcahuia	Traducción	adquirir con trabajo lo neces
candidate_spelling	nech	1	tech	tech, necee	nech -> tech	1780 Clavijero	1780-clavijero:002355	poloa	Traducción	tocar, o pertenecer. con nech, mitz, tech y amech
candidate_spelling	nechico	1	enchicho	enchicho	nechico -> enchicho	2021 Wimmer	2021-wimmer:025655	nenechicolo	Traducción (es)	v.impers. en nechico., refl., nos juntamos
candidate_spelling	necocio	1	negocio	negocio, negoció, recoció	necocio -> negocio	1780 ? Bnf_361	1780-bnf-361:021794	tetlancalaquiliztli	Traducción	entremetimeinto en algún necocio; sometimiento
candidate_spelling	nedianero	1	medianero	medianero	nedianero -> medianero	1780 ? Bnf_361	1780-bnf-361:021946	tetlatennonochili	Traducción	corredor de mercaderías; nedianero en compra
candidate_spelling	nemilia	1	Emilia	Emilia	nemilia -> Emilia	1551-95 Documentos nahuas de la Ciudad de México	1551-95-documentos-nahuas-de-la-ciudad-de-mexico:002045	nemililia	Traducción	ir a ver (rev. de nemilia)
candidate_spelling	nepa	1	Pepa	Pepa, neta, sepa, epa, pena, cepa	nepa -> Pepa	1645 Carochi	1645-carochi:001177	in ye	Traducción	cuando / ~ nechca, antiguamente / ~ nepa, en tiempos pasados / cuanto / ~ huècauh, antiguamente / ~ nechca, tiempos pasados / ~ nëpa, antiguamente / ~ nëpa, tiempos pasados / cuando ya
candidate_spelling	nequeo	1	noqueó	noqueó, noqueo, ñeques	nequeo -> noqueó	17?? Bnf_362bis	17-bnf-362bis:000217	huel	Traducción	con el se suple el verbo poder, en latin possum. y con el negativo amo huel el verbo no poder, nequeo
candidate_spelling	nesesario	1	necesario	necesario	nesesario -> necesario	17?? Bnf_362	17-bnf-362:000351	tolinia	Traducción	menesteroso o pobre que no tiene lo nesesario
candidate_spelling	netaforicamente	1	metafóricamente	metafóricamente	netaforicamente -> metafóricamente	1780 ? Bnf_361	1780-bnf-361:004039	tzinichotia	Traducción	atar plumas ricas juntándolos para ponerlas en algún plumaje o en alguna imagen que se hase de pluma; netaforicamente fundar la plática o sermón sobre alguna autoridad de escritura
candidate_spelling	neuf	1	nuez	nuez, nerf	neuf -> nuez	2021 Wimmer	2021-wimmer:010138	chiconahuapan	Traducción (es)	el paso de los neuf-rivières, que el difunto tuvo que cruzar con la ayuda de un pequeño perro
candidate_spelling	neuh	1	nuez	nuez	neuh -> nuez	1547 Olmos_G	1547-olmos-g:000337	etl	Traducción	frijoles; neuh, mis frijoles
candidate_spelling	nextamal	1	nixtamal	nixtamal	nextamal -> nixtamal	17?? Bnf_362	17-bnf-362:000522	tzincui	Traducción	despicar el nextamal para que salgan blancas las tortillas
candidate_spelling	nezga	1	nesga	nesga	nezga -> nesga	1571 Molina 2	1571-molina-2:021684	tlacoyahualoni	Traducción	giron o nezga, que se añade a la vestidura
candidate_spelling	nicas	1	cicas	cicas, nicks, niñas, ricas, únicas, ticas	nicas -> cicas	1780 ? Bnf_361	1780-bnf-361:004038	tzinichotia	Traducción	atar plumas nicas juntándolas para ponerlas en algún plumaje, o en alguna imagen que se hace de pluma metafóricamente fundar la plática o sermón sobre alguna autoridad de escritura
candidate_spelling	nicn	1	nice	nice, nick	nicn -> nice	2021 Wimmer	2021-wimmer:019332	ixcomaca	Traducción (es)	v.bitrans. nictē-., reprochar a alguien sus faltas, decirle a la cara. / v.bitrans. nicn-., confesar algo, reconocer lo que se ha hecho
candidate_spelling	nidar	1	nadar	nadar, nidal, anidar, dinar, nadir	nidar -> nadar	17?? Bnf_362	17-bnf-362:003864	tapazoltia	Traducción	nidar las aves
candidate_spelling	nieblado	1	nielado	nielado	nieblado -> nielado	1547 Olmos_V ?	1547-olmos-v:001677	temi	Traducción	hacer nieblado
candidate_spelling	niervo	1	siervo	siervo, ciervo, hiervo, nievo	niervo -> siervo	153? Trilingüe	153-trilingue:010187	texococuahuitl	Traducción	niervo lo mismo es que nervio
candidate_spelling	nieses	1	nieves	nieves, dieses, vieses, mieses, unieses, sienes	nieses -> nieves	1780 ? Bnf_361	1780-bnf-361:020863	tepozchicolhuia	Traducción	segar las nieses
candidate_spelling	nimas	1	nomas	nomas, niñas, minas, simas, rimas, cimas	nimas -> nomas	1571 Molina 2	1571-molina-2:004857	zan ye no iuhqui	Traducción	nimas ni menos, o semejantemente. adverbio
candidate_spelling	nimero	1	número	número, numero, cimero, minero, niñero, numeró	nimero -> número	1780 ? Bnf_361	1780-bnf-361:021025	tepoztliiyohui	Traducción	venero; i nimero de algún metal
candidate_spelling	nimguno	1	ninguno	ninguno	nimguno -> ninguno	1780 ? Bnf_361	1780-bnf-361:003467	tontotquitihui	Traducción	ya todos juntos sin faltar nimguno
candidate_spelling	ninomana	1	ninonana	ninonana	ninomana -> ninonana	1565 Sahagún Escolios	1565-sahagun-escolios:000770	mana	Traducción	ninomana / salir
candidate_spelling	ninote	1	ninot	ninot, ninot e	ninote -> ninot	1629 Alarcón	1629-alarcon:000386	chihuilia	Traducción	hacer a [rev.] yolotilia, ninote: dar vida a [rev.]
candidate_spelling	nital	1	nival	nival, natal, vital, nidal	nital -> nival	1780 ? Bnf_361	1780-bnf-361:001540	tlatopehualiztli	Traducción	quitamiento de algo rompiendo gradación, agagexamiento vide topeua, nital
candidate_spelling	nitreada	1	nitrada	nitrada	nitreada -> nitrada	2021 Wimmer	2021-wimmer:034653	tequixquiatl	Traducción (es)	agua nitreada, bebida refrescante
candidate_spelling	niuelado	1	niquelado	niquelado, nivelado, nielado	niuelado -> niquelado	1571 Molina 2	1571-molina-2:021057	tlaatezcamantli	Traducción	suelo llano igual y bien niuelado
candidate_spelling	nivno	1	Nino	Nino, niño, níveo	nivno -> Nino	1571 Molina 1	1571-molina-1:014181	amo centlamantli yehua	Traducción	nivno ni otro de cosas inanimadas
candidate_spelling	niñen	1	niñez	niñez, tiñen, riñen, minen, ciñen, niñea	niñen -> niñez	1780 ? Bnf_361	1780-bnf-361:011209	macahua	Traducción	repartirse los que niñen
candidate_spelling	niñerio	1	niñero	niñero, niñería	niñerio -> niñero	153? Trilingüe	153-trilingue:003085	coconetlazotlani	Traducción	niñerio o mandar los niños
candidate_spelling	niñoso	1	niños	niños, tiñoso, vinoso, nivoso, niños o	niñoso -> niños	1571 Molina 1	1571-molina-1:012415	huihuixoa	Traducción	mecer o menear cuna de niñoso cosa semejante
candidate_spelling	nobeles	1	nobles	nobles, noveles, nóveles	nobeles -> nobles	1598 Tezozomoc	1598-tezozomoc:001410	achcauhtli	Traducción	capitán / maestre de campo / mayoral maestro de armas y de doctrina y ejemplo / mayoral del barrio, criador y maestro de los mozos nobeles al arte militar de la guerra *af
candidate_spelling	nobeno	1	noveno	noveno	nobeno -> noveno	1598 Tezozomoc	1598-tezozomoc:001177	apochquiyahuayocan	Traducción	partes oscuras izquierdas, adonde no ay calles ni callexones ni sendas de guía, en el nobeno infierno / adonde están descansando sus camas [del rey] *t
candidate_spelling	nojo	1	jojo	jojo, ojo, nono, rojo, noto, mojo	nojo -> jojo	1780 ? Bnf_361	1780-bnf-361:006944	cualani	Traducción	furioso de nojo
candidate_spelling	nola	1	no	no, hola, Yola, nota, mola, sola	nola -> no	1571 Molina 2	1571-molina-2:018889	teococopi	Traducción	cizaña. s. una hierba que parece mata, o caña de maíz y nola es
candidate_spelling	nolit	1	Nilo	Nilo	nolit -> Nilo	153? Trilingüe	153-trilingue:004890	acallaxtlahualoni	Traducción	nolit el flete por el pasaje
candidate_spelling	nomble	1	nombre	nombre, noble, nombré	nomble -> nombre	17?? Bnf_362bis	17-bnf-362bis:000184	cuitlapan	Traducción	preposición sinónimo de tepotzco, y de icampa. sale del nombre cuitlapantli la espalda, quitado el tli final, queda pan, que sirve de preposición sin añadire otra. porque quedo quitado el tli final del nomble [sic] quedan pan, tlan, tech, aunque sean radicales del nombre sirven también
candidate_spelling	nombradia	1	nombrada	nombrada, nombraría, nombradía	nombradia -> nombrada	1571 Molina 2	1571-molina-2:015012	nitauhca	Traducción	mi nombradia, o mi honra
candidate_spelling	nonan	1	notan	notan, donan, nona, nonas	nonan -> notan	1565 Sahagún Escolios	1565-sahagun-escolios:000909	nantli	Traducción	madre, nonan, nonantzin
candidate_spelling	nonbre	1	nombre	nombre, nombré	nonbre -> nombre	1598 Tezozomoc	1598-tezozomoc:000305	xococualia	Traducción	[hacer] convite en nonbre de los muertos / comerle sus frutos / [hacer] postreras honras del convite y quemazón del estatua del muerto
candidate_spelling	nondo	1	Nando	Nando, fondo, nono, Nono, rondo, mondo	nondo -> Nando	1547 Olmos_V ?	1547-olmos-v:001900	tlalpia	Traducción	nondo [nudo] hacer
candidate_spelling	nopalli	1	nopal	nopal	nopalli -> nopal	2021 Wimmer	2021-wimmer:012468	coznochnopalli	Traducción (es)	variedad de tuna, nopalli, mencionada en
candidate_spelling	notade	1	notado	notado, notada, notare, notase, notaré, notad	notade -> notado	17?? Bnf_362bis	17-bnf-362bis:000446	ma	Traducción	notade imperativo y de optativo, y suele dejarse en la segunda persona de singular y plural del imperativo y mas cuando se manda a algún inferior, sino es que se le quiera mostrar amor, y así el amo asu criado dice:
candidate_spelling	notal	1	nodal	nodal, dotal, noval, total, notas, nota	notal -> nodal	153? Trilingüe	153-trilingue:010979	tlahuelillocati	Traducción	desmeyorar de bueno en notal
candidate_spelling	notiva	1	motiva	motiva, nativa, notica, notita, nociva, votiva	notiva -> motiva	17?? Bnf_362	17-bnf-362:004777	tlaiximachiliztli	Traducción	notiva o conosimiento
candidate_spelling	notre	1	norte	norte, note, noté, nutre, nitre, notaré	notre -> norte	2021 Wimmer	2021-wimmer:003733	tonanitlan	Traducción (es)	topónimo de tonān ītlān, cerca de notre mère
candidate_spelling	nous	1	nos	nos, bous, nops	nous -> nos	2021 Wimmer	2021-wimmer:031799	tehuantin	Traducción (es)	pronombre enfático, 1ª persona. del plural., forma larga, nous
candidate_spelling	novale	1	noval	noval, novela, nova, novele, ovale, novelé	novale -> noval	1571 Molina 2	1571-molina-2:016296	atle ipam pohui	Traducción	novale nada, o no hace al caso
candidate_spelling	nove	1	nave	nave, note, nova, novel, ove, aove	nove -> nave	1780 ? Bnf_361	1780-bnf-361:022694	tezazanilhuiani	Traducción	hablador de nove las, o consejas
candidate_spelling	noves	1	naves	naves, novas, notes, nones, novel, oves	noves -> naves	1780 ? Bnf_361	1780-bnf-361:012352	mixyayahuitl	Traducción	noves ralas
candidate_spelling	nuba	1	Juba	Juba, cuba, buna, nube, suba, nuca	nuba -> Juba	1780 ? Bnf_361	1780-bnf-361:017824	quinonez	Traducción	nuba cosa
candidate_spelling	nusco	1	busco	busco, buscó, Cusco, fusco, musco	nusco -> busco	153? Trilingüe	153-trilingue:001152	totlan	Traducción	nusco por cormos
candidate_spelling	nuvada	1	nevada	nevada, nubada, uvada	nuvada -> nevada	1780 ? Bnf_361	1780-bnf-361:022261	tetzahuacmixtli	Traducción	nuvada de lluvia
candidate_spelling	nómbradia	1	nombrada	nombrada, nombradía	nómbradia -> nombrada	1571 Molina 2	1571-molina-2:020309	tetleyotiliztli	Traducción	el acto de engrandecer y dar nómbradia y honra a otro
candidate_spelling	númera	1	número	número, numero, enumera, nuera, numera, numerar	númera -> número	1780 ? Bnf_361	1780-bnf-361:011007	izqui	Traducción	tantos en númera de maderas largas, tablas o cosas anchas, y delgadas
candidate_spelling	oarroba	1	arroba	arroba, oraba, o arroba	oarroba -> arroba	1780 ? Bnf_361	1780-bnf-361:028119	tlatamachihualoni	Traducción	medida como de celemín, oarroba
candidate_spelling	oaxacan	1	Oaxaca	Oaxaca	oaxacan -> Oaxaca	2021 Wimmer	2021-wimmer:021781	matlalcuahuitl	Traducción (es)	arbusto cuya corteza se utiliza como remedio y que también se llama huāxacan (oaxacan)
candidate_spelling	ocacionar	1	ocasionar	ocasionar, ovacionar, coaccionar	ocacionar -> ocasionar	17?? Bnf_362	17-bnf-362:003553	pehualtia	Traducción	comenzar; también [sirve] este verbo para decir que provocó o a riña; provocar a otro forzándole; persuadir al mal; ocacionar a otro riña, o pleito
candidate_spelling	ocasa	1	casa	casa, ocaso, Ocaña, ocas, acosa, o casa	ocasa -> casa	1780 ? Bnf_361	1780-bnf-361:025547	tlaixtemitiliztli	Traducción	arrasadura de medida de trigo, maíz, ocasa semejante
candidate_spelling	ocasados	1	casados	casados, acosados, o casados	ocasados -> casados	1571 Molina 2	1571-molina-2:019488	tepoztlamachiyotiloni	Traducción	hierro para herrar ganado, opara herrar esclavos, ocasados dos veces
candidate_spelling	ocausa	1	causa	causa, o causa	ocausa -> causa	1571 Molina 2	1571-molina-2:010117	ipampa	Traducción	por esto. dando razón ocausa porque se hizo la cosa
candidate_spelling	ocepa	1	ocupa	ocupa, cepa, acepa, o cepa	ocepa -> ocupa	1571 Molina 2	1571-molina-2:011768	mamaye xocomecatl	Traducción	vid ocepa con brazos, o sarmientos
candidate_spelling	ocon	1	con	con, icon, o con	ocon -> con	1571 Molina 2	1571-molina-2:022925	tlamalhuiliztica	Traducción	delicadamente, ocon buen tratamiento
candidate_spelling	octales	1	optase	optase, optases, optares	octales -> optase	153? Trilingüe	153-trilingue:006579	nauhpohualpa	Traducción	ochenta tanto octales
candidate_spelling	ocón	1	bocón	bocón, ojón, opón, tocón	ocón -> bocón	1571 Molina 2	1571-molina-2:021232	tlacanexiliztica	Traducción	fingida y disimuladamente, ocón hipocresía
candidate_spelling	odanzar	1	danzar	danzar, o danzar	odanzar -> danzar	1571 Molina 2	1571-molina-2:011460	macehua	Traducción	bailar, odanzar
candidate_spelling	odar	1	dar	dar, orar, rodar, odiar, oda, podar	odar -> dar	1571 Molina 2	1571-molina-2:001047	tlatotochilia	Traducción	acuciar, odar prisa a otros
candidate_spelling	odarse	1	darse	darse, odiares, o darse	odarse -> darse	1571 Molina 2	1571-molina-2:008028	eltepinia	Traducción	herirse odarse golpes énlos pechos
candidate_spelling	odebecido	1	obedecido	obedecido	odebecido -> obedecido	1780 ? Bnf_361	1780-bnf-361:023425	tlacamachoni	Traducción	digno de ser odebecido
candidate_spelling	odel	1	del	del, oden, oled, o del	odel -> del	1571 Molina 2	1571-molina-2:013939	neehuatiquetzaliztli	Traducción	empinamiento del que se empina, odel que se levanta y pone en pie
candidate_spelling	odichosos	1	dichosos	dichosos, odiosos, o dichosos	odichosos -> dichosos	1571 Molina 2	1571-molina-2:016938	quemachamique	Traducción	odichosos y bienaventurados s. los justos, o aquellos
candidate_spelling	odifiere	1	difiere	difiere, o difiere	odifiere -> difiere	1571 Molina 2	1571-molina-2:022105	tlahuecahuani	Traducción	el que dilata, odifiere algo así, o el que tarda mucho en hacer, o traer algo
candidate_spelling	odrina	1	ordena	ordena	odrina -> ordena	153? Trilingüe	153-trilingue:003257	cuacuauh ehua xiquipilli	Traducción	odrina odre de buey
candidate_spelling	oencalar	1	encallar	encallar, o encalar	oencalar -> encallar	1571 Molina 2	1571-molina-2:010501	ixamatiloa	Traducción	embarrar algo, oencalar curiosamente
candidate_spelling	oesto	1	esto	esto, oeste, resto, gesto, cesto, restó	oesto -> esto	1571 Molina 2	1571-molina-2:008554	huelyehuatli	Traducción	esto mismo, esta misma, oesto mismo
candidate_spelling	ofendi	1	ofende	ofende, ofendí, ofendo, ofenda, ofendió, ofendía	ofendi -> ofende	1571 Molina 2	1571-molina-2:007756	dios  +	Traducción	desacate y ofendi a nuestro señor dios
candidate_spelling	offendi	1	ofendí	ofendí	offendi -> ofendí	1571 Molina 2	1571-molina-2:007757	dios  +	Traducción	desacate y offendi a nuestro señor dios
candidate_spelling	officio	1	oficio	oficio, ofició	officio -> oficio	1571 Molina 2	1571-molina-2:018384	temalac, tetzotzopaz	Traducción	el officio y obra de las mujeres. s. el hilar y tejer
candidate_spelling	ofico	1	órfico	órfico, oficá	ofico -> órfico	1780 ? Bnf_361	1780-bnf-361:021518	tetetequimactli	Traducción	encomendado ofico
candidate_spelling	ogustar	1	gustar	gustar, o gustar	ogustar -> gustar	1571 Molina 2	1571-molina-2:011890	mati, nocom	Traducción	sentir ogustar algo interiormente
candidate_spelling	ojola	1	ojalá	ojalá, ojo, ojona, ojosa, ojota	ojola -> ojalá	1780 ? Bnf_361	1780-bnf-361:011569	matel	Traducción	ojola; mas confusión; o si.1: adverbio
candidate_spelling	oledora	1	moledora	moledora	oledora -> moledora	153? Trilingüe	153-trilingue:011623	tlanecuini	Traducción	oledora cosa que huele
candidate_spelling	olin	1	olió	olió, Olin, Colin, Rolin	olin -> olió	2021 Wimmer	2021-wimmer:009436	chachanme	Traducción (es)	nombre de los cuatro prisioneros sacrificados el día 4 olin en honor a tōnatiuh
candidate_spelling	oliuar	1	olivar	olivar, oliera	oliuar -> olivar	1571 Molina 1	1571-molina-1:023216	aceite cuauhtla	Traducción	oliuar, lugar de olivas
candidate_spelling	olivianos	1	bolivianos	bolivianos, Olivia, livianos, o livianos	olivianos -> bolivianos	153? Trilingüe	153-trilingue:002611	chichitl	Traducción	pulmones olivianos
candidate_spelling	olleno	1	lleno	lleno, ollero, llenó, o lleno	olleno -> lleno	1571 Molina 2	1571-molina-2:010987	ixteuhyoa	Traducción	estar cubierto olleno de polvo
candidate_spelling	olleria	1	pollería	pollería, olería, ollera	olleria -> pollería	1571 Molina 2	1571-molina-2:006405	conchiuhcacalli	Traducción	olleria
candidate_spelling	ollería	1	pollería	pollería, olería, ollera	ollería -> pollería	1645 Carochi	1645-carochi:000747	conchiuhcan	Traducción	ollería
candidate_spelling	olles	1	olees	olees, Loles, ellos, ollas, elles, oles	olles -> olees	1780 ? Bnf_361	1780-bnf-361:003185	tocne	Traducción	hao, olo, olles...
candidate_spelling	oluer	1	oler	oler	oluer -> oler	153? Trilingüe	153-trilingue:012081		Traducción	[--oluer.]
candidate_spelling	oluerse	1	olerse	olerse, olieres	oluerse -> olerse	153? Trilingüe	153-trilingue:012104		Traducción	[--oluerse.]
candidate_spelling	oluida	1	olvida	olvida, fluida, olida, luida, ocluida, o luida	oluida -> olvida	1571 Molina 2	1571-molina-2:014021	neixpololiztli	Traducción	disfrace, o descuido del que se oluida de algo
candidate_spelling	oluidada	1	olvidada	olvidada	oluidada -> olvidada	2021 Wimmer	2021-wimmer:039420	tlalcahualli	Traducción (es)	cosa olvidada. / oluidada cosa
candidate_spelling	omach	1	Mach	Mach	omach -> Mach	17?? Bnf_362bis	17-bnf-362bis:000467	mach	Traducción	vide can mach. iquin mach, zan mach, zan machê. omach. omachê, in machê, tlein machê?
candidate_spelling	omaltratar	1	maltratar	maltratar, o maltratar	omaltratar -> maltratar	1571 Molina 2	1571-molina-2:002182	tolinia	Traducción	afligir omaltratar a otro
candidate_spelling	omenage	1	homenaje	homenaje	omenage -> homenaje	1780 ? Bnf_361	1780-bnf-361:026770	tlaneltililiztlatolli	Traducción	pleito omenage, o pleitecia
candidate_spelling	omenos	1	menos	menos, amenos, lómenos, o menos	omenos -> menos	17?? Bnf_362bis	17-bnf-362bis:000810	azo quen	Traducción	poco mas omenos. este adverbio antepuesto a algún número lo afirma con duda
candidate_spelling	omiente	1	oriente	oriente, miente, orienté, oliente, o miente	omiente -> oriente	1780 ? Bnf_361	1780-bnf-361:012870	motepahuahuiltoca	Traducción	tenerse en mucho, o por mas omiente, y singular que los otros, con soberbia, e hinchazón: de tres personas dicen
candidate_spelling	omirar	1	mirar	mirar, o mirar	omirar -> mirar	1571 Molina 2	1571-molina-2:008186	huallachia	Traducción	tornar sobre sí, o en si, omirar hacia otro
candidate_spelling	omozas	1	mozas	mozas, o mozas	omozas -> mozas	1571 Molina 2	1571-molina-2:004657	yomoni	Traducción	bullir los gusanos, o piojos, pulgas, hormigas, o cosas semejantes, o dar mucha comezón los granos o la sarna, o tener grán encendimiento de la carne los mozos omozas luxuriosas
candidate_spelling	onando	1	Nando	Nando, orando, sonando, soñando, donando, ovando	onando -> Nando	17?? Bnf_362	17-bnf-362:003377	omixochitl	Traducción	lirio blanco onando
candidate_spelling	oncalado	1	encallado	encallado, encalado	oncalado -> encallado	1547 Olmos_V ?	1547-olmos-v:001838	calania	Traducción	bruñir oncalado [lo encalado]
candidate_spelling	onere	1	opere	opere, oleré, operé, oyere, Orense	onere -> opere	1547 Olmos_V ?	1547-olmos-v:000697	eticihui	Traducción	grabare onere
candidate_spelling	onino	1	Nino	Nino, niño, opino, opinó, ovino, orino	onino -> Nino	2021 Wimmer	2021-wimmer:029865	quechmecania	Traducción (es)	v.t. tē-., colgar, estrangular a alguien. / v.refl., ahorcarse. pretérito: onino quechmecani
candidate_spelling	onor	1	olor	olor, honor, Conor	onor -> olor	1765 Cortés y Zedeño	1765-cortes-y-zedeno:002631	mahuiztiliztli	Traducción	onor, u honra
candidate_spelling	onotificar	1	notificar	notificar, o notificar	onotificar -> notificar	1571 Molina 2	1571-molina-2:011504	machitia	Traducción	hacer saber onotificar algo a otros
candidate_spelling	onsas	1	ansas	ansas, ondas, onzas, osas, sonsas	onsas -> ansas	1780 ? Bnf_361	1780-bnf-361:027696	tlapexohuiloni	Traducción	libra peso o once onsas
candidate_spelling	opalos	1	palos	palos, opacos, óvalos, ópalos, o palos	opalos -> palos	1571 Molina 1	1571-molina-1:020341	nencuixqui  +	Traducción	iguales cosas, como hombres, matas opalos
candidate_spelling	opara	1	para	para, opada, opera, ópera, opaca, orará	opara -> para	1571 Molina 2	1571-molina-2:019488	tepoztlamachiyotiloni	Traducción	hierro para herrar ganado, opara herrar esclavos, ocasados dos veces
candidate_spelling	oparte	1	aparte	aparte, parte, aporte, aparté, doparte, o parte	oparte -> aparte	17?? Bnf_362bis	17-bnf-362bis:000171	cualcan  +	Traducción	amui buena hora, o tiempo. en muy buen lugar, oparte. es adverbio de tiempo, y lugar
candidate_spelling	opat	1	opta	opta	opat -> opta	17?? Bnf_362	17-bnf-362:003512	patia	Traducción	derretirse o rebenirse la sal, azúcar, etcétera, supreterito opat
candidate_spelling	operderse	1	operadores	operadores, operares, o perderse	operderse -> operadores	1571 Molina 2	1571-molina-2:016740	polihui	Traducción	perecer, o desaparecer, operderse y destruirse
candidate_spelling	opersonas	1	opresoras	opresoras, apersonas, o personas	opersonas -> opresoras	17?? Bnf_362bis	17-bnf-362bis:000578	nenecoc	Traducción	lo mismo que necoc. se lo denota pluralidad de cosas que tienen los dos lados, opersonas
candidate_spelling	opescado	1	pescado	pescado, o pescado	opescado -> pescado	1571 Molina 2	1571-molina-2:001393	tlaxincayotlaztli	Traducción	descaspado, opescado escamado
candidate_spelling	oplasmar	1	plasmar	plasmar, o plasmar	oplasmar -> plasmar	1571 Molina 2	1571-molina-2:016637	piqui	Traducción	crear oplasmar dios alguna criatura de nuevo
candidate_spelling	oprimero	1	primero	primero, o primero	oprimero -> primero	1571 Molina 2	1571-molina-2:015535	ocye xiquilnamiqui	Traducción	y piensa antes, oprimero. s. lo que te sera provechoso, dexandolo inútil. etc.
candidate_spelling	oprincipales	1	principales	principales, o principales	oprincipales -> principales	1571 Molina 2	1571-molina-2:001033	tlatoque	Traducción	señores, caciques, oprincipales
candidate_spelling	oprocurar	1	procurar	procurar, o procurar	oprocurar -> procurar	1571 Molina 2	1571-molina-2:010393	ittitia	Traducción	hallar, oprocurar algo para sí
candidate_spelling	oprofunda	1	profunda	profunda, oportuna, o profunda	oprofunda -> profunda	1571 Molina 2	1571-molina-2:010494	ixachitlan	Traducción	abismo, cosa muy honda oprofunda
candidate_spelling	oquedades	1	oquedales	oquedales, poquedades	oquedades -> oquedales	2021 Wimmer	2021-wimmer:011708	cocomolihui	Traducción (es)	v.inanim., estar lleno de agujeros, presentar oquedades, atolladeros
candidate_spelling	oradar	1	orador	orador, radar, orara, horadar, oradora, gradar	oradar -> orador	1780 ? Bnf_361	1780-bnf-361:016864	pehua	Traducción	quitar rompiendo agujerar, oradar
candidate_spelling	ordiate	1	ódiate	ódiate	ordiate -> ódiate	1571 Molina 1	1571-molina-1:024602	atolli  +	Traducción	ordiate para dolientes
candidate_spelling	oregano	1	órgano	órgano, orégano, regaño, orejano	oregano -> órgano	1571 Molina 1	1571-molina-1:016226	lo mismo	Traducción	oregano hierba conocida
candidate_spelling	oreproche	1	reproche	reproche, reproché, o reproche	oreproche -> reproche	1571 Molina 2	1571-molina-2:024181	tlatelchihualiztli	Traducción	escarnecimiento oreproche de esta manera
candidate_spelling	orfandady	1	orfandad	orfandad, orfandad y	orfandady -> orfandad	1571 Molina 2	1571-molina-2:018080	teicnocahualiztli	Traducción	orfandady desamparo del que queda huérfano y desamparado
candidate_spelling	orpulencia	1	opulencia	opulencia, corpulencia, opulencias	orpulencia -> opulencia	2021 Wimmer	2021-wimmer:003536	tomahualiztli	Traducción (es)	tamaño, orpulencia
candidate_spelling	orruras	1	horruras	horruras	orruras -> horruras	1780 ? Bnf_361	1780-bnf-361:027588	tlapatzquitl	Traducción	cosa exprimida las orruras que dan de lo exprimido
candidate_spelling	orta	1	arta	arta, otra, rota, corta, porta, ora	orta -> arta	2021 Wimmer	2021-wimmer:018513	ilhuiyo	Traducción (es)	ilhuiyo, variante orta. -ilhuio, rad.poss, de ilhuitl, fiesta
candidate_spelling	osin	1	sin	sin, osan, osen, o sin	osin -> sin	1571 Molina 2	1571-molina-2:009021	icemilhuitl  +	Traducción	gastar todo el día en vano osin provecho
candidate_spelling	osmografia	1	cosmografía	cosmografía	osmografia -> cosmografía	1780 ? Bnf_361	1780-bnf-361:004913	cemanahuactli imachiyo	Traducción	mapa, mundo, o bola de osmografia
candidate_spelling	ostario	1	osario	osario, Ontario	ostario -> osario	1571 Molina 1	1571-molina-1:033082	calli  +	Traducción	ostario de ostras
candidate_spelling	ostiar	1	ostra	ostra	ostiar -> ostra	153? Trilingüe	153-trilingue:002126	yollotetilia	Traducción	ostiar confirmar en mal
candidate_spelling	ostiero	1	sotierro	sotierro, ostrero	ostiero -> sotierro	153? Trilingüe	153-trilingue:003899	ostitecoeptla	Traducción	ostiero lugar de donde se sacan
candidate_spelling	osura	1	ostra	ostra, osuna, oscura, usura, Osuna, osara	osura -> ostra	1571 Molina 2	1571-molina-2:012902	momimilotiuh	Traducción	el logro que se adquiere con la hacienda que se presta, ola osura
candidate_spelling	osículo	1	ósculo	ósculo, o sículo	osículo -> ósculo	2021 Wimmer	2021-wimmer:006893	xopilomitl	Traducción (es)	osículo del dedo del pie
candidate_spelling	otiznar	1	tiznar	tiznar, o tiznar	otiznar -> tiznar	1571 Molina 2	1571-molina-2:001982	tlillohua	Traducción	ennegrecer algo, otiznar
candidate_spelling	otomar	1	tomar	tomar, otoñar, o tomar	otomar -> tomar	1571 Molina 2	1571-molina-2:004330	yeyecoltia	Traducción	consultar algo, otomar consejo con otros
candidate_spelling	otomi	1	Tomi	Tomi, Otomi	otomi -> Tomi	1595 Rincón	1595-rincon:000478	otomitl	Traducción	hombre de nación otomi
candidate_spelling	otonrrarse	1	otorgares	otorgares, otoñares	otonrrarse -> otorgares	1780 ? Bnf_361	1780-bnf-361:011400	mahuiztilia	Traducción	otonrrarse
candidate_spelling	otraparte	1	atraparte	atraparte, atroparte	otraparte -> atraparte	1571 Molina 1	1571-molina-1:006943	zazaca	Traducción	acarrear las alhajas de casa, cuando se muda a otraparte
candidate_spelling	otroa	1	otro	otro, otros, otra, otrora, otro a	otroa -> otro	1780 ? Bnf_361	1780-bnf-361:023521	tlacaquitia	Traducción	denunciar algo a otroa
candidate_spelling	otroy	1	otro	otro, otros, otro y	otroy -> otro	1571 Molina 2	1571-molina-2:023346	tlanempehualtilli	Traducción	el que es maltratado de otroy provocado a ira, sin causa ni razón alguna
candidate_spelling	otundir	1	tundir	tundir, o tundir	otundir -> tundir	1780 ? Bnf_361	1780-bnf-361:016541	pachoa	Traducción	otundir tierra
candidate_spelling	ouas	1	olas	olas, osas, oras, odas, ocas, oías	ouas -> olas	1571 Molina 2	1571-molina-2:013889	apachtli	Traducción	ouas que se crían dentro del agua
candidate_spelling	ovéntura	1	aventura	aventura, ventura	ovéntura -> aventura	1571 Molina 2	1571-molina-2:022408	tlaipantililiztli	Traducción	acertamiénto así, dicha, ovéntura
candidate_spelling	oygo	1	oigo	oigo	oygo -> oigo	1692 Guerra	1692-guerra:000017	caqui	Traducción	yo oygo, o entiendo
candidate_spelling	ozar	1	azar	azar, izar, orar, gozar, rozar, osar	ozar -> azar	1595 Rincón	1595-rincon:000407	momotzalhuia	Traducción	r ozar o remesarle algo a otro
candidate_spelling	ozave	1	hozase	hozase, hozare	ozave -> hozase	1780 ? Bnf_361	1780-bnf-361:010986	izcuintontli	Traducción	ozave perillo
candidate_spelling	paatica	1	platica	platica, plática, patita, patina, apática, patasca	paatica -> platica	1571 Molina 2	1571-molina-2:016145	pahatica	Traducción	lo mismo es que paatica
candidate_spelling	pacidico	1	pacífico	pacífico, pacifico, pacificó	pacidico -> pacífico	1780 ? Bnf_361	1780-bnf-361:021585	tetlacecehuiliani	Traducción	pacidico, hacedor de paz; aplacador de los enemistados; medianero entre dos
candidate_spelling	pacificacio	1	pacificación	pacificación, pacificado, pacificando	pacificacio -> pacificación	1780 ? Bnf_361	1780-bnf-361:026057	tlamachtlatlatlaliliztli	Traducción	pacificacio(n) de la tierra
candidate_spelling	pacificacionde	1	pacificaciones	pacificaciones	pacificacionde -> pacificaciones	1780 ? Bnf_361	1780-bnf-361:008062	hualtecalaquiliztli	Traducción	pacificacionde la tierrra
candidate_spelling	padar	1	para	para, pasar, pagar, parar, radar, parada	padar -> para	2021 Wimmer	2021-wimmer:012108	copactli	Traducción (es)	padar, parte superior de la boca. / paladar, el interior de la boca
candidate_spelling	padecese	1	padeces	padeces, padeceré, padeciese, padeces e	padecese -> padeces	1571 Molina 2	1571-molina-2:014734	netolinilo	Traducción	padecese necesidad y pobreza
candidate_spelling	pagandole	1	pagando	pagando, pagándole	pagandole -> pagando	1571 Molina 2	1571-molina-2:022898	tlamacohualli	Traducción	ayudador del que después le ha de ayudar, pagandole en la misma moneda. etc.
candidate_spelling	pagarseha	1	pagársela	pagársela, pagares	pagarseha -> pagársela	1571 Molina 1	1571-molina-1:018120	mocuepatiuh	Traducción	pagarseha esta injuria, s: adelante
candidate_spelling	paguar	1	pagar	pagar, jaguar, pagara, aguar, yaguar	paguar -> pagar	1611 Arenas	1611-arenas:000081	tlaxtlahuilia	Traducción	pagar a alguien / paguar
candidate_spelling	pahtia	1	partía	partía, patita	pahtia -> partía	2021 Wimmer	2021-wimmer:028594	patiani	Traducción (es)	eventual sobre pahtia
candidate_spelling	painal	1	paila	paila, panal, pañal	painal -> paila	2021 Wimmer	2021-wimmer:004294	tozpololli	Traducción (es)	tocado de plumas de loro amarillo, característico de huitzilopochtli y painal
candidate_spelling	palaciano	1	palacio	palacio, palaciego, paladino, palatina, palatino, palatinas	palaciano -> palacio	1780 ? Bnf_361	1780-bnf-361:018629	tecpannenqui	Traducción	palaciano de este palacio
candidate_spelling	palanciano	1	palancana	palancana, palancanas	palanciano -> palancana	1571 Molina 2	1571-molina-2:016540	pillatoa	Traducción	hablar curiosa y elegantemente, o hablar palanciano
candidate_spelling	palar	1	pasar	pasar, pilar, pagar, polar, parar, pelar	palar -> pasar	1780 ? Bnf_361	1780-bnf-361:025836	tlaloa	Traducción	palar o hablar
candidate_spelling	palidesa	1	paladeas	paladeas, paliase	palidesa -> paladeas	1780 ? Bnf_361	1780-bnf-361:014011	nemachiliztli	Traducción	palidesa; sentencia de lo que sentimos; prudencia, virtud; gala
candidate_spelling	palisada	1	plisada	plisada, alisada, paliada, palizada	palisada -> plisada	1780 ? Bnf_361	1780-bnf-361:007329	cuauhtepantli	Traducción	palisada, defensión de palos.*
candidate_spelling	pallisada	1	palizada	palizada	pallisada -> palizada	1780 ? Bnf_361	1780-bnf-361:007195	cuauhchinamitl	Traducción	pallisada defensión de palos
candidate_spelling	palm	1	palo	palo, palma, pala, palmo, palme, palla	palm -> palo	2021 Wimmer	2021-wimmer:027447	ollamia	Traducción (es)	v.t. tē-., juega a la pelota con otros. / v.t. tē-., jugar con otros este juego. / v.t. tē-., jugará a la pelota con otros. / v.refl., play palm. / v.refl., jugar ala pelota con las nalgas
candidate_spelling	palmatortu	1	palmatoria	palmatoria	palmatortu -> palmatoria	1780 ? Bnf_361	1780-bnf-361:019483	temacpallatziniloni	Traducción	palmatortu
candidate_spelling	paloa	1	palos	palos, paloma, palma, palo, Paola, palta	paloa -> palos	1645 Carochi	1645-carochi:002657	tlapalhuia	Traducción	saludarle / véase tlàpaloa
candidate_spelling	paparriba	1	papalina	papalina, paparía, paparrabias	paparriba -> papalina	1571 Molina 1	1571-molina-1:021248	aquetzaliztli	Traducción	paparriba
candidate_spelling	paparriva	1	papalina	papalina, paparía	paparriva -> papalina	1780 ? Bnf_361	1780-bnf-361:014886	aquetzaliztli	Traducción	paparriva
candidate_spelling	papier	1	palier	palier, papare	papier -> palier	2021 Wimmer	2021-wimmer:018557	amaxotlan	Traducción (es)	ihr papier-schneiden
candidate_spelling	paqueño	1	pequeño	pequeño	paqueño -> pequeño	1765 Cortés y Zedeño	1765-cortes-y-zedeno:003958	tepitzin	Traducción	chico aun mas paqueño
candidate_spelling	paraherrar	1	parapetar	parapetar, paramera, parameras	paraherrar -> parapetar	1571 Molina 2	1571-molina-2:019829	tetepozmachiyotiloni	Traducción	hierro paraherrar con fuego
candidate_spelling	paraile	1	párale	párale, paralice	paraile -> párale	1780 ? Bnf_361	1780-bnf-361:008926	ichcatilmachiuhqui	Traducción	paraile que hace paños
candidate_spelling	parajos	1	parados	parados, paramos, paraíso, parajes, parejos, páramos	parajos -> parados	1780 ? Bnf_361	1780-bnf-361:027603	tlapechmatlatl	Traducción	red hendida para tomar parajos
candidate_spelling	paralas	1	paradas	paradas, paracas, parolas, parrales, parabas, pararas	paralas -> paradas	1571 Molina 1	1571-molina-1:032176	tlacoquixtia	Traducción	sacar varillas o pajas gordas por la lengua; o por otra parte del cuerpo, ensangrentándolas paralas ofrecer en sacrificio delante los ídolos
candidate_spelling	parandolo	1	parrandero	parrandero, parando, parrandeo, parangono	parandolo -> parrandero	1571 Molina 2	1571-molina-2:019898	tetilia	Traducción	endurecer algo, parandolo como piedra
candidate_spelling	paraxe	1	paraje	paraje, parase, parare, pararé, parrase	paraxe -> paraje	1598 Tezozomoc	1598-tezozomoc:000247	ximmohuayan	Traducción	lugar y paraxe donde nadie sabe, en eterno olvido / valle eterno del olvido / seteno infierno *t
candidate_spelling	parcada	1	marcada	marcada, parada, aparcada, arcada, pareada, parchada	parcada -> marcada	1780 ? Bnf_361	1780-bnf-361:000773	tlatlalquimilolli	Traducción	cosa parcada, o cubierta de tierra
candidate_spelling	pardeel	1	paredes	paredes, pardal, parcele, pardee, pardea, pardeen	pardeel -> paredes	1571 Molina 2	1571-molina-2:010361	itloc	Traducción	pardeel, o junto a el
candidate_spelling	parecerseme	1	pareceres	pareceres, parecérsele	parecerseme -> pareceres	1780 ? Bnf_361	1780-bnf-361:008456	huelitta	Traducción	parecerseme bien algo. admitir lo que se dice o hace. aprobar algo por bueno. atenerse a su parecer. agradarme algo
candidate_spelling	parecio	1	aprecio	aprecio, pareció, parecía, apareció, parecido, pereció	parecio -> aprecio	1571 Molina 2	1571-molina-2:022167	tlahuelittalli	Traducción	cosa que agrado y parecio bien a otros, o cosa admitida, aprobada yacceptada
candidate_spelling	parecén	1	parece	parece, parecen, aparecen, parecer, pareces, carecen	parecén -> parece	1571 Molina 2	1571-molina-2:003834	yacaocuilin	Traducción	unas puntillas como demateria que sobre la punta de la nariz apretandolas parecén
candidate_spelling	paredas	1	paredes	paredes, parejas, paradas, pardas, pareadas, pareas	paredas -> paredes	1547 Olmos_V ?	1547-olmos-v:001176	mixiuhcatlapaloa	Traducción	visitar a las mujeres paredas [paridas]
candidate_spelling	parer	1	paren	paren, parar, pared, pare, pares, pareo	parer -> paren	1547 Olmos_V ?	1547-olmos-v:000337	yolcuepa	Traducción	volverse de otro parer
candidate_spelling	paresce	1	parece	parece, aprese	paresce -> parece	1598 Tezozomoc	1598-tezozomoc:000328	xomotl	Traducción	pájaro que paresce perdiz de castilla, salvo es muy prieto, como azabache su pluma
candidate_spelling	parescer	1	parecer	parecer	parescer -> parecer	1598 Tezozomoc	1598-tezozomoc:001223	ocelotecciztli	Traducción	caracol [a] manera de tigre el parescer y una color de bermellón
candidate_spelling	pareseres	1	pareceres	pareceres	pareseres -> pareceres	1780 ? Bnf_361	1780-bnf-361:002171	tlaxinilia	Traducción	discordia en dar pareseres, o votos
candidate_spelling	parlán	1	paran	paran, parla, parlan, partan, parlen, parlar	parlán -> paran	1571 Molina 2	1571-molina-2:005307	chachalaquiztli	Traducción	ruido de los que parlán o murmuran
candidate_spelling	parole	1	paro	paro, paró, parola, parle, parlé	parole -> paro	1780 ? Bnf_361	1780-bnf-361:001441	tlatolli quitlatia	Traducción	memorial p. 58... aujourd'hui signifie donner la parole...
candidate_spelling	pars	1	para	para, país, pare, paro, par, parís	pars -> para	17?? Bnf_362	17-bnf-362:004243	tepilli	Traducción	pars vereda mulieris
candidate_spelling	participiantes	1	participantes	participantes	participiantes -> participantes	1571 Molina 2	1571-molina-2:008347	huehuetihua	Traducción	ser convidados a bodas, o ser todos participiantes de alguna cosa buena
candidate_spelling	partija	1	partida	partida, partirá, partía	partija -> partida	1571 Molina 2	1571-molina-2:001358	tlaxeloliztli	Traducción	el acto de dividir y partir alguna cosa, o partija
candidate_spelling	pasae	1	pasar	pasar, pasas, pase, pasa, pasan, pasad	pasae -> pasar	1780 ? Bnf_361	1780-bnf-361:026324	tlamaxeloani	Traducción	apartador con las manos, de la gente, para pasae por entre ella o apartar lasyervas o cañas, o casas semejantes para hender por ellas
candidate_spelling	pasaero	1	pasear	pasear, pasajero, pasare, pasador, pasearon, paseará	pasaero -> pasear	1780 ? Bnf_361	1780-bnf-361:020822	tepotzhuia	Traducción	ir pasaero
candidate_spelling	pasage	1	pasaje	pasaje, pasare, pasaré, pasase, pagase	pasage -> pasaje	1780 ? Bnf_361	1780-bnf-361:009489	acallaxtlahuiloni	Traducción	pasage de nave, o de barca
candidate_spelling	pascosada	1	pescozada	pescozada	pascosada -> pescozada	1780 ? Bnf_361	1780-bnf-361:021060	tequechtepiniliztli	Traducción	pascosada
candidate_spelling	paser	1	pasar	pasar, pases, paseo, pase, pasen, pasea	paser -> pasar	1780 ? Bnf_361	1780-bnf-361:011501	mamazaintlacuacuayan	Traducción	pasto, lugar para paser
candidate_spelling	pasiue	1	pisare	pisare, pisase	pasiue -> pisare	1571 Molina 2	1571-molina-2:011255	izcalia	Traducción	avivar, tornar en sí, o resucitar. pasiue
candidate_spelling	passar	1	pasar	pasar, pasear, pausar, pastar, pasmar	passar -> pasar	2021 Wimmer	2021-wimmer:003650	tonalcuauhhuatza	Traducción (es)	v.t. tla-., exponer, secar algo al sol. / v.t. tla-., passar o secar algo al sol, o asolear pre
candidate_spelling	passive	1	pasivo	pasivo, pasiva	passive -> pasivo	2021 Wimmer	2021-wimmer:007659	yectenehualo	Traducción (es)	v.passive impers. on yēctēnēhua., ser alabado, ser santificado
candidate_spelling	patar	1	pasar	pasar, pagar, parar, pitar, patas, catar	patar -> pasar	1780 ? Bnf_361	1780-bnf-361:017584	quequetza	Traducción	patar, hollar o pisar
candidate_spelling	patin	1	Pati	Pati, patio, patín, latín, patina, patino	patin -> Pati	1571 Molina 2	1571-molina-2:008201	aithualli	Traducción	patio o patin de casa
candidate_spelling	patioa	1	patio	patio, patios, patita, patina, patilla, pátina	patioa -> patio	1571 Molina 2	1571-molina-2:016321	patiohua	Traducción	lo mismo es que patioa
candidate_spelling	patox	1	patos	patos, pato	patox -> patos	17?? Bnf_362	17-bnf-362:004792	tlalalacatl	Traducción	pato, aunque hoy generalmente dicen patox
candidate_spelling	patr	1	pato	pato, par, pata, paté, patri	patr -> pato	2021 Wimmer	2021-wimmer:037153	tlacateuctli	Traducción (es)	señor, amo, soberano. / su patròn, su amo. / el señor, el soberano
candidate_spelling	patrastro	1	padrastro	padrastro	patrastro -> padrastro	1765 Cortés y Zedeño	1765-cortes-y-zedeno:004291	tlacpatatli	Traducción	patrastro marido segundo
candidate_spelling	paus	1	país	país, plus, pausa, pause, pauso, pausó	paus -> país	153? Trilingüe	153-trilingue:007646	ozomatli	Traducción	gato paus
candidate_spelling	paves	1	pames	pames, payés, pases, aves, naves, pares	paves -> pames	17?? Bnf_362	17-bnf-362:001352	chimalli	Traducción	paves, escudo, broquel, o rodela
candidate_spelling	pavie	1	palie	palie, avié, palié, avíe, gavie	pavie -> palie	2021 Wimmer	2021-wimmer:006391	xochipal	Traducción (es)	albergue, pavie, tipo de pesca
candidate_spelling	pavon	1	parón	parón, pavos, pavo, pavone, pavor, pavona	pavon -> parón	1780 ? Bnf_361	1780-bnf-361:001956	castillan quetzaltototl	Traducción	pavo, pava o pavon
candidate_spelling	paxaro	1	pasado	pasado, pasar, pasaron, pasará, pasara, pasaré	paxaro -> pasado	2021 Wimmer	2021-wimmer:008569	zacuantototl	Traducción (es)	ornitología: paxaro de pluma amarilla y rica
candidate_spelling	pazar	1	tazar	tazar, pasar, nazar, pagar, mazar, cazar	pazar -> tazar	17?? Bnf_362bis	17-bnf-362bis:000826	tequitl  +	Traducción	sirve de adverbio, aunque tequitl es nombre, que significa oficio, trabajo. significa este adverbio, que no se hizo sino ejecutar algo, y pazar al punto a ejecutar otra cosa
candidate_spelling	pazas	1	gazas	gazas, pasas, tazas, papas, cazas, pagas	pazas -> gazas	1780 ? Bnf_361	1780-bnf-361:010641	ixquichca	Traducción	trecho. como hasta tal pazas. hsta allí
candidate_spelling	paztel	1	pastel	pastel	paztel -> pastel	1780 ? Bnf_361	1780-bnf-361:004598	xiuhquilitl	Traducción	paztel para teñir
candidate_spelling	paña	1	para	para, pana, peña, pasa, paga, daña	paña -> para	1780 ? Bnf_361	1780-bnf-361:022195	tetocatinemini	Traducción	acompañador del mayor; o igual del que com??paña
candidate_spelling	pebreda	1	Pereda	Pereda, Nebreda	pebreda -> Pereda	153? Trilingüe	153-trilingue:002721	chilmulli	Traducción	pebreda salsa de pimienta
candidate_spelling	pecal	1	penal	penal, pecas, peral, pedal, pecar, peca	pecal -> penal	1547 Olmos_V ?	1547-olmos-v:000019	tlatlacolcahualtia	Traducción	abstenerse de pecal
candidate_spelling	pecaredes	1	petardees	petardees	pecaredes -> petardees	1571 Molina 2	1571-molina-2:010072	intlacaic	Traducción	si en ningún tiempo, y si nunca. s. pecaredes. etc.
candidate_spelling	pecatuz	1	petacas	petacas, percutas	pecatuz -> petacas	1547 Olmos_V ?	1547-olmos-v:001052	machihua	Traducción	pecar pecatuz molicie
candidate_spelling	pedaso	1	pedazo	pedazo	pedaso -> pedazo	17?? Bnf_362	17-bnf-362:003857	tapalcatl	Traducción	tiesto o pedaso de cosa de barro; casco de cosa quebrada; loza de barro
candidate_spelling	pedazoso	1	pedazos	pedazos, pedazos o	pedazoso -> pedazos	1571 Molina 2	1571-molina-2:001150	tlatzeltilia	Traducción	el que hace pedazoso desmenuza alguna cosa
candidate_spelling	pedocio	1	poderío	poderío	pedocio -> poderío	153? Trilingüe	153-trilingue:006119	miexini	Traducción	pedorro o pedocio
candidate_spelling	pedreria	1	Pedrera	Pedrera, perdería, pedrería, pedrera, pedrerías	pedreria -> Pedrera	1629 Alarcón	1629-alarcon:000294	chalchicueye  +	Traducción	madre, la de la saya de piedras preciosas / madre, la de las nahuas preciosas / madre, la de la saya de pedrería / madre, la de la saya de pedreria (por las verduras que siempre la acompañan) / madre, la de la saya de piedras preciosas (al agua) / madre, la de la saya de piedras preciosas (el agua)
candidate_spelling	peelings	1	feelings	feelings	peelings -> feelings	2021 Wimmer	2021-wimmer:005853	xipeuhcayotl	Traducción (es)	peelings, screenings
candidate_spelling	peger	1	pegar	pegar, pegare	peger -> pegar	1780 ? Bnf_361	1780-bnf-361:004017	tzinacancuitlatl	Traducción	cola fuerte para peger algo
candidate_spelling	pegura	1	segura	segura, pegar, pegara, pegará	pegura -> segura	1780 ? Bnf_361	1780-bnf-361:001152	tlatlazalhuiliztli	Traducción	pegura con pez engrudo o liga
candidate_spelling	peintre	1	peinare	peinare, peinaré	peintre -> peinare	1780 ? Bnf_361	1780-bnf-361:009112	amanteca	Traducción	artiste et peintre en plumes; et par extension: ouvrier, artisan
candidate_spelling	pelarsele	1	pelares	pelares, pelársele	pelarsele -> pelares	1571 Molina 2	1571-molina-2:006588	cuacayahua	Traducción	pelarsele la cabeza
candidate_spelling	pelenado	1	peleando	peleando, peleado, pepenado	pelenado -> peleando	1780 ? Bnf_361	1780-bnf-361:018958	tehuicehualiztli	Traducción	levantamiento contra; encuentro por etar pelenado: apechugameinto con otro; ayuda de otro, haciéndose de su banda
candidate_spelling	pelendo	1	peleando	peleando, pelando, peleado	pelendo -> peleando	1780 ? Bnf_361	1780-bnf-361:002435	tlayaochiuhtli	Traducción	cosa combatida pelendo
candidate_spelling	peler	1	pelea	pelea, pelear, peleo, pelé, pelee, pelar	peler -> pelea	2021 Wimmer	2021-wimmer:005924	xitoma	Traducción (es)	v.t. tla-., peler something
candidate_spelling	pelitre	1	peligre	peligre, peligré, peltre, belitre	pelitre -> peligre	1629 Alarcón	1629-alarcon:000476	colopatli	Traducción	pelitre de las boticas
candidate_spelling	pelizco	1	pellizco	pellizco, pellizcó	pelizco -> pellizco	1780 ? Bnf_361	1780-bnf-361:018606	tecotonaliztli	Traducción	pelizco; pellizco
candidate_spelling	pellexo	1	pellejo	pellejo, pelero	pellexo -> pellejo	1598 Tezozomoc	1598-tezozomoc:001478	tecuanehuatl	Traducción	cuero de tigre o leóm / pellexo de animal bravo *ap
candidate_spelling	pensamient	1	pensamiento	pensamiento	pensamient -> pensamiento	1780 ? Bnf_361	1780-bnf-361:014121	nemilia	Traducción	imaginar; procurar; fabricar hacer por artificio; conciderar o tratar lo que se ha de hacer o decir; premeditar, y pensar lo que se ha de hacer; acordar o deliberar algo; tratar algún negocio; silogisar o discurrir con el pensamiento; especular; industrioso ser; inquirir o discurrir con el pensamient
candidate_spelling	pensatiua	1	pensativa	pensativa	pensatiua -> pensativa	1571 Molina 2	1571-molina-2:009594	iitic tlatetoani	Traducción	persona pensatiua
candidate_spelling	pensaua	1	pensaba	pensaba, pensara, pensada, pensará	pensaua -> pensaba	1571 Molina 1	1571-molina-1:020337	nencoa	Traducción	burlar a alguno, no le dando todo lo que el pensaua que le habían de dar
candidate_spelling	peolo	1	pelo	pelo, polo, pe, Paolo, peló, perlo	peolo -> pelo	1547 Olmos_V ?	1547-olmos-v:001456	pazoloa	Traducción	enherecarse el peolo [erizarse el pelo]
candidate_spelling	pepana	1	pepona	pepona, peana, pepena	pepana -> pepona	2021 Wimmer	2021-wimmer:028791	pepanalo	Traducción (es)	v. pasivo en *pepana, ser elegido
candidate_spelling	pequeñ	1	pequeña	pequeña, pequeño, peque, peques, pequen, peguen	pequeñ -> pequeña	1780 ? Bnf_361	1780-bnf-361:022286	tetzauhquimichin	Traducción	sorce ratón pequeñ.o
candidate_spelling	pequeñica	1	pequeñita	pequeñita, pequeñina	pequeñica -> pequeñita	1571 Molina 2	1571-molina-2:009343	icpiticatontli	Traducción	cosa pequeñica
candidate_spelling	peraile	1	perfile	perfile, perfilé	peraile -> perfile	1780 ? Bnf_361	1780-bnf-361:022830	tilmachiuhqui	Traducción	peraile que hace paños
candidate_spelling	percebir	1	percibir	percibir, percibe, perciben, percibes	percebir -> percibir	1571 Molina 2	1571-molina-2:005072	cenniccaqui  +	Traducción	comprender, o percebir de una vez lo que se dice
candidate_spelling	perceverante	1	perseverante	perseverante	perceverante -> perseverante	1780 ? Bnf_361	1780-bnf-361:006989	cualli ipan nemiliztli	Traducción	perceverante en bien
candidate_spelling	percluido	1	percibido	percibido, percutido, percudido, percudir, percudió, percudid	percluido -> percibido	2021 Wimmer	2021-wimmer:016062	huacaliuhqui	Traducción (es)	percluido. / que tiene huecos, estrías
candidate_spelling	perdedizo	1	perdidizo	perdidizo	perdedizo -> perdidizo	1595 Rincón	1595-rincon:000532	polihuicachihua	Traducción	hacer perdedizo algo
candidate_spelling	perdenales	1	perdónales	perdónales, pedregales	perdenales -> perdónales	1780 ? Bnf_361	1780-bnf-361:010169	itzpacalatl	Traducción	agua con que lavavan los perdenales, que era como cuchillos con que sacrificaban los hombres, ante los ídolos, la cual agua tenían en lugar de agua bendita, y mucha veneración
candidate_spelling	perdiendole	1	perdiendo	perdiendo, perdiéndole	perdiendole -> perdiendo	1780 ? Bnf_361	1780-bnf-361:010591	ixpiya	Traducción	guardar a alguno mirando siempre por el o no perdiendole de vista
candidate_spelling	perdimioento	1	prendimiento	prendimiento	perdimioento -> prendimiento	1780 ? Bnf_361	1780-bnf-361:027892	tlapololiztli	Traducción	perdimioento de honra
candidate_spelling	perdonandolo	1	perdonando	perdonando, perdonándolo	perdonandolo -> perdonando	1571 Molina 2	1571-molina-2:009637	ilcahuilia	Traducción	olvidarse del agravio que le hicieron. s. perdonandolo
candidate_spelling	perdonanza	1	perdonando	perdonando, perdonan, perdonaría, perdonaba, perdonada, perdonara	perdonanza -> perdonando	153? Trilingüe	153-trilingue:010002	tetlazotlacapopoluiztli	Traducción	perdonanza así
candidate_spelling	peregal	1	pedregal	pedregal	peregal -> pedregal	1780 ? Bnf_361	1780-bnf-361:021525	tetetla	Traducción	peregal lugar de piedras; áspero y pedregoso camino
candidate_spelling	perennal	1	perneas	perneas, pernear, pernean, pernead	perennal -> perneas	153? Trilingüe	153-trilingue:001780	cemicacnemini	Traducción	perennal cosa
candidate_spelling	perennalmente	1	personalmente	personalmente, perennemente	perennalmente -> personalmente	153? Trilingüe	153-trilingue:001767	cemicaca	Traducción	perennalmente
candidate_spelling	perficionada	1	perfeccionada	perfeccionada	perficionada -> perfeccionada	1595 Rincón	1595-rincon:000650	tlacencahualli	Traducción	cosa perficionada
candidate_spelling	perigrinación	1	peregrinación	peregrinación	perigrinación -> peregrinación	1629 Alarcón	1629-alarcon:001500	tlamaceuhqui	Traducción	anciano dedicado para el ministerio de los sacrificios de penitentes [ver tlamacazqui] / penitente que ha de ir a la perigrinación
candidate_spelling	perlecia	1	perecía	perecía, perlería	perlecia -> perecía	1780 ? Bnf_361	1780-bnf-361:013227	nacayomimiquiliztli	Traducción	perlecia, dolencia
candidate_spelling	perlefia	1	perlería	perlería	perlefia -> perlería	2021 Wimmer	2021-wimmer:011350	coacihui	Traducción (es)	v.i., tiene gota. / v.i., tener gota o perlefia
candidate_spelling	perperam	1	prepare	prepare, preparen, prepares	perperam -> prepare	17?? Bnf_362bis	17-bnf-362bis:000158	chico	Traducción	en composición significa: mal, falsamente, al reves, sin consideración, abiertamente, desigual, y dudosamente. en latin perperam, prevé, perverié, prespoteré
candidate_spelling	perplexos	1	perplejos	perplejos	perplexos -> perplejos	1571 Molina 2	1571-molina-2:017055	quexquitzahuia	Traducción	estar pensativo acerca de muchos negocios perplexos y trabajosos, que se ofrecen todos juntos
candidate_spelling	perrochia	1	pericia	pericia	perrochia -> pericia	1571 Molina 1	1571-molina-1:027708	teopan	Traducción	perrochia, teucalli
candidate_spelling	perseguimeinto	1	perseguimiento	perseguimiento	perseguimeinto -> perseguimiento	1780 ? Bnf_361	1780-bnf-361:022235	tetotoquiliztli	Traducción	destierro de otro; perseguimeinto; o persecución
candidate_spelling	perserverancia	1	perseverancia	perseverancia	perserverancia -> perseverancia	153? Trilingüe	153-trilingue:003348	cualcemanaliztli	Traducción	perserverancia así
candidate_spelling	perserverando	1	perseverando	perseverando	perserverando -> perseverando	1780 ? Bnf_361	1780-bnf-361:015699	oconaxiltia	Traducción	durar hasta el cabo perserverando
candidate_spelling	perserverar	1	perseverar	perseverar	perserverar -> perseverar	153? Trilingüe	153-trilingue:010536	tlacemana ^	Traducción	perserverar en bien
candidate_spelling	perseuerar	1	perseverar	perseverar	perseuerar -> perseverar	2021 Wimmer	2021-wimmer:016415	huecahuitia	Traducción (es)	v.i., perseverar, persistir, permanecer mucho tiempo, envejecer. / v.i., perseuerar o permanecer mucho tiempo
candidate_spelling	persino	1	pérsico	pérsico, persigo, persignó, persigno	persino -> pérsico	1692 Guerra	1692-guerra:000452	machiyotia	Traducción	yo me persino [persigno], o señalo
candidate_spelling	perspetiba	1	perspectiva	perspectiva, perceptiva	perspetiba -> perspectiva	1780 ? Bnf_361	1780-bnf-361:025403	tlaixhuiliztli	Traducción	perspetiba arte
candidate_spelling	pertenciente	1	perteneciente	perteneciente	pertenciente -> perteneciente	1579 Durán	1579-duran:000285	otomi	Traducción	nombre del individuo pertenciente a dicho grupo étnico
candidate_spelling	pertetua	1	perpetua	perpetua, perpetúa	pertetua -> perpetua	1780 ? Bnf_361	1780-bnf-361:005047	cemicac yeni	Traducción	pertetua o continua cosa
candidate_spelling	perverié	1	prevería	prevería, preveré, preveréis	perverié -> prevería	17?? Bnf_362bis	17-bnf-362bis:000158	chico	Traducción	en composición significa: mal, falsamente, al reves, sin consideración, abiertamente, desigual, y dudosamente. en latin perperam, prevé, perverié, prespoteré
candidate_spelling	pervetano	1	percaten	percaten	pervetano -> percaten	1780 ? Bnf_361	1780-bnf-361:004481	xicotzapotl	Traducción	xicozapote. pervetano, fruta conocida
candidate_spelling	peráile	1	perfile	perfile, perfilé	peráile -> perfile	153? Trilingüe	153-trilingue:000682	castillan tilmachiniqui	Traducción	peráile que hace paños
candidate_spelling	pescuda	1	pescada	pescada, escuda, pescad, percuda	pescuda -> pescada	153? Trilingüe	153-trilingue:009977	tetlatzohuilica tlatlaniani	Traducción	pescuda por pregunta
candidate_spelling	pescueco	1	pescuezo	pescuezo, pescoceo	pescueco -> pescuezo	1571 Molina 2	1571-molina-2:016922	quechtli	Traducción	cuello o pescueco
candidate_spelling	peson	1	pesos	pesos, peso, pesan, pesó, peón, pesen	peson -> pesos	1780 ? Bnf_361	1780-bnf-361:004823	xocotzincuauhyotl	Traducción	peson de fruta
candidate_spelling	pesqueso	1	pesquero	pesquero, pesqueros, pesquemos, pesquisó, pesques, pesquiso	pesqueso -> pesquero	1780 ? Bnf_361	1780-bnf-361:003505	toquechtepol	Traducción	pesqueso, o
candidate_spelling	pestiléncial	1	pestilencia	pestilencia, pestilencial	pestiléncial -> pestilencia	1571 Molina 2	1571-molina-2:018891	teococoxcapapalanqui	Traducción	leproso de lepra pestiléncial y espantable
candidate_spelling	peters	1	petera	petera, peteras, Peters, meters	peters -> petera	2021 Wimmer	2021-wimmer:032942	ayotochtli	Traducción (es)	dasypus novemcinctus mexicanus peters. en villa r. 'mamíferos silvestres' 349
candidate_spelling	petri	1	Patri	Patri, Pedri, Petra, Petri, patri	petri -> Patri	2021 Wimmer	2021-wimmer:002015	tlaxacualolli	Traducción (es)	petri, frotado entre las manos
candidate_spelling	peut	1	pues	pues, pet	peut -> pues	1780 ? Bnf_361	1780-bnf-361:016651	panquiztica	Traducción	estar encima (illisible peut-être sobre-)pujando a otros
candidate_spelling	pezar	1	pesar	pesar, rezar, pegar, pecar, pelar, penar	pezar -> pesar	17?? Bnf_362	17-bnf-362:005060	tlapexohuia	Traducción	pesar o balancear algo; pezar en balanza, dicen hoy regularmente
candidate_spelling	peñarse	1	pesares	pesares, pecares, pegares, penares, penase, pelares	peñarse -> pesares	1565 Sahagún Escolios	1565-sahagun-escolios:001368	tlaaltilnemi	Traducción	mujer que es curiosa en lavarse y peñarse
candidate_spelling	piaye	1	piaré	piaré, piase, piale, piare, pialé, píame	piaye -> piaré	2021 Wimmer	2021-wimmer:013187	cuappachtototl	Traducción (es)	ornitología: nombre de un ave, la ardilla piaye, de color leonado, un cuculido
candidate_spelling	piciras	1	picaras	picaras, pícaras, picarás	piciras -> picaras	1780 ? Bnf_361	1780-bnf-361:019318	teixteca	Traducción	escodardolar piciras
candidate_spelling	piedrao	1	piedras	piedras, piedra, pierdo, pierdan, pierda, pierdas	piedrao -> piedras	1780 ? Bnf_361	1780-bnf-361:024616	tlacuicuini	Traducción	esculpidor de piedrao madera
candidate_spelling	piedraó	1	piedras	piedras, piedra, pierdan, pierda, pierdas	piedraó -> piedras	1780 ? Bnf_361	1780-bnf-361:021637	tetlacuiloa	Traducción	escupir, cavar en duro, como en piedraó madera
candidate_spelling	piela	1	Piera	Piera, niela, ríela, piel, pie, piola	piela -> Piera	1780 ? Bnf_361	1780-bnf-361:025208	tlaicxihuicollotl	Traducción	piela de halcón o de azor
candidate_spelling	pielgo	1	pleito	pleito, mielgo	pielgo -> pleito	153? Trilingüe	153-trilingue:001504	vino xiquipilmaitl	Traducción	pielgo de odre
candidate_spelling	pierce	1	pierde	pierde, Pierce	pierce -> pierde	2021 Wimmer	2021-wimmer:005498	xapotla	Traducción (es)	v.t. tē-., desflorar, seducir a una chica. / v.t. tla-., pierce, agujero
candidate_spelling	pierdeslo	1	pierdes	pierdes, piérdelo	pierdeslo -> pierdes	1571 Molina 2	1571-molina-2:002105	tocommocahuilia  +	Traducción	pierdeslo, o privaste de ello de todo en todo, o para siempre
candidate_spelling	piertigo	1	pértigo	pértigo	piertigo -> pértigo	1571 Molina 2	1571-molina-2:007120	cuauhtemalaca tlapechcuauhyotl	Traducción	piertigo de carreta
candidate_spelling	pillamia	1	pillaría	pillaría, pilaría	pillamia -> pillaría	1571 Molina 2	1571-molina-2:016545	pilnequi	Traducción	lo mismo es que pillamia
candidate_spelling	pincadas	1	pintadas	pintadas, picadas, pinchadas, fincadas, hincadas, tincadas	pincadas -> pintadas	17?? Bnf_362	17-bnf-362:000276	tlecoz	Traducción	mariposa, las muy pincadas
candidate_spelling	pincipe	1	príncipe	príncipe	pincipe -> príncipe	1780 ? Bnf_361	1780-bnf-361:001324	tlatocayo	Traducción	coronado rey, o pincipe (sic)
candidate_spelling	pinjantes	1	piantes	piantes	pinjantes -> piantes	1571 Molina 2	1571-molina-2:016437	pepeyoctli	Traducción	pinjantes o cosa semejante
candidate_spelling	pinnas	1	pinzas	pinzas, piñas, pinas	pinnas -> pinzas	2021 Wimmer	2021-wimmer:030045	quequetzalomiyo	Traducción (es)	que tiene pinnas, plumas grandes
candidate_spelling	pinomeh	1	pinomáeh	pinomáeh	pinomeh -> pinomáeh	2021 Wimmer	2021-wimmer:029168	pinome	Traducción (es)	pinomeh, plural de pinotl
candidate_spelling	pintail	1	pintáis	pintáis	pintail -> pintáis	2021 Wimmer	2021-wimmer:004834	tzitzihua	Traducción (es)	ornitología: pintail norteño
candidate_spelling	pinturs	1	pintura	pintura, pinturas	pinturs -> pintura	1780 ? Bnf_361	1780-bnf-361:022851	tilmatlacuilolli	Traducción	retablo de pinturs en lienzo
candidate_spelling	pinzona	1	panzona	panzona, ponzoña, pintona	pinzona -> panzona	1780 ? Bnf_361	1780-bnf-361:016566	pahitia	Traducción	emponzoñar, dar a beber pinzona
candidate_spelling	pipinoa	1	pipona	pipona	pipinoa -> pipona	2021 Wimmer	2021-wimmer:029226	pipinolo	Traducción (es)	v.impers pasivos. sobre pipinoa
candidate_spelling	pisandola	1	pisando	pisando, pisadora	pisandola -> pisando	1571 Molina 2	1571-molina-2:017174	atzotzona	Traducción	hacer cimiento de pared sobre la tierra pisandola mucho, sin abrir zanja, o lavar ropa dando golpes con ella en alguna piedra
candidate_spelling	pisandolo	1	pistándolo	pistándolo, pisando	pisandolo -> pistándolo	1571 Molina 2	1571-molina-2:022720	tlalmana	Traducción	allanar, o igualar el suelo, pisandolo con pisón, o con cosa semejante para cimiento de tapia, o pared
candidate_spelling	pitantar	1	patinar	patinar, patinara	pitantar -> patinar	1571 Molina 2	1571-molina-2:023596	camilehua	Traducción	pitantar las cerezas, o la fruta, o pararse moreno
candidate_spelling	pixca	1	pica	pica, pizca, pirca, pilca	pixca -> pica	2021 Wimmer	2021-wimmer:029340	pixco	Traducción (es)	v.impers pasivos. en pixca
candidate_spelling	piño	1	pido	pido, pino, niño, piso, piña, puño	piño -> pido	1780 ? Bnf_361	1780-bnf-361:026198	tlamapictli	Traducción	empuñado algo en el piño
candidate_spelling	plabras	1	palabras	palabras, labras, paleras, pallaras, pallarás	plabras -> palabras	1780 ? Bnf_361	1780-bnf-361:020719	tepipichoani	Traducción	lisonjero; enlabiador de la mujer, o algan a alguno con plabras blandas
candidate_spelling	plactica	1	practica	practica, práctica, plástica, platica, plática, láctica	plactica -> practica	1780 ? Bnf_361	1780-bnf-361:004037	tzinichotia	Traducción	fundar el sermón o plactica sobre alguna autoridad o razón, como por tema de sermón
candidate_spelling	plasentada	1	planeada	planeada, plantada	plasentada -> planeada	1780 ? Bnf_361	1780-bnf-361:006709	ahahuiani	Traducción	plasentada cosa
candidate_spelling	plasenteada	1	planteada	planteada	plasenteada -> planteada	1780 ? Bnf_361	1780-bnf-361:016735	paquini	Traducción	plasenteada cosa
candidate_spelling	plasera	1	playera	playera, platera, placerá, placera, placear	plasera -> playera	1780 ? Bnf_361	1780-bnf-361:022760	tianquizcayotl	Traducción	plasera cosa
candidate_spelling	plaso	1	placo	placo, plazo, paso, plato, pasó, plano	plaso -> placo	1780 ? Bnf_361	1780-bnf-361:025303	tlaimmanti	Traducción	cumplirse el tiempo o el plaso
candidate_spelling	platar	1	plata	plata, plantar, platas, plagar, platear, platera	platar -> plata	1547 Olmos_V ?	1547-olmos-v:000594	cuauhtoca	Traducción	platar árboles
candidate_spelling	pleiteante	1	pleiteaste	pleiteaste, pleitean	pleiteante -> pleiteaste	1551-95 Documentos nahuas de la Ciudad de México	1551-95-documentos-nahuas-de-la-ciudad-de-mexico:002571	teilhuia	Traducción	pleiteante (pleitear) / querellar / traer pleito
candidate_spelling	pleitecia	1	pleitesía	pleitesía	pleitecia -> pleitesía	1780 ? Bnf_361	1780-bnf-361:026770	tlaneltililiztlatolli	Traducción	pleito omenage, o pleitecia
candidate_spelling	plumassiers	1	plomareis	plomareis, plomaseis	plumassiers -> plomareis	2021 Wimmer	2021-wimmer:017786	amanteca	Traducción (es)	plumassiers, artesanos que trabajaban las plumas
candidate_spelling	plumaxe	1	plumaje	plumaje, plumawe	plumaxe -> plumaje	1598 Tezozomoc	1598-tezozomoc:000996	malacaquetzalli	Traducción	plumaxe delgado sutil, de madera tiñido
candidate_spelling	plumes	1	plumas	plumas, pluses, plomes, plumee, plumea, plumeo	plumes -> plumas	1780 ? Bnf_361	1780-bnf-361:009112	amanteca	Traducción	artiste et peintre en plumes; et par extension: ouvrier, artisan
candidate_spelling	plusquamperfecto	1	pluscuamperfecto	pluscuamperfecto	plusquamperfecto -> pluscuamperfecto	17?? Bnf_362bis	17-bnf-362bis:000894	achto  +	Traducción	junto con el preterito perfecto le da la significación de plusquamperfecto
candidate_spelling	pluto	1	plato	plato, luto, plató, pautó, pauto, plugo	pluto -> plato	1780 ? Bnf_361	1780-bnf-361:021621	tetlacualti	Traducción	paje de pluto
candidate_spelling	poblason	1	poblaron	poblaron, poblanos, poblasen	poblason -> poblaron	1780 ? Bnf_361	1780-bnf-361:008719	altepetlaliliztli	Traducción	poblason, obra de poblar
candidate_spelling	pobroso	1	poroso	poroso, potroso	pobroso -> poroso	1780 ? Bnf_361	1780-bnf-361:016057	oncaixoxal	Traducción	quebrado pobroso
candidate_spelling	podagre	1	podare	podare, podaré	podagre -> podare	2021 Wimmer	2021-wimmer:017952	icxicocototzauhqui	Traducción (es)	podagre, que tiene gota en los pies
candidate_spelling	podersoso	1	poderoso	poderoso, poderosos	podersoso -> poderoso	1629 Alarcón	1629-alarcon:000278	ac  +	Traducción	¿quién es el dios o el tan podersoso? / ¿quién es el dios, o el tan poderoso? / ¿quién es el dios, o quién es el tan poderoso? / quien es el dios, o quien es el poderoso
candidate_spelling	podrer	1	poder	poder, podré, podrir, podare	podrer -> poder	1765 Cortés y Zedeño	1765-cortes-y-zedeno:003318	palania	Traducción	podrer, o podrir
candidate_spelling	podrerse	1	poderes	poderes, poderse	podrerse -> poderes	1765 Cortés y Zedeño	1765-cortes-y-zedeno:003317	palania	Traducción	podrerse, o podrirse
candidate_spelling	podrición	1	pudrición	pudrición	podrición -> pudrición	1765 Cortés y Zedeño	1765-cortes-y-zedeno:003830	temaliztli	Traducción	podrición
candidate_spelling	poinsetta	1	pointer	pointer	poinsetta -> pointer	2021 Wimmer	2021-wimmer:015221	cuitlaxochitl	Traducción (es)	botánico, poinsetta, estrella de navidad
candidate_spelling	pointe	1	ponte	ponte, pinte, pinté, pointer	pointe -> ponte	2021 Wimmer	2021-wimmer:007279	yacatl	Traducción (es)	nariz, punta. / pointe, pan. / punto de algo. / también designa una excrecencia rocosa en la ladera de una montaña
candidate_spelling	polboriento	1	polvoriento	polvoriento	polboriento -> polvoriento	1780 ? Bnf_361	1780-bnf-361:022396	teuhyo	Traducción	polboso, o polboriento
candidate_spelling	polboso	1	poblaos	poblaos	polboso -> poblaos	1780 ? Bnf_361	1780-bnf-361:022396	teuhyo	Traducción	polboso, o polboriento
candidate_spelling	polidesa	1	piloteas	piloteas, pilotase	polidesa -> piloteas	1780 ? Bnf_361	1780-bnf-361:014097	nematiliztli	Traducción	astucia, cautela prudente; habilidad; industria ser; galanía; crianza y comedimiento; estudio o diligencia; destreza; brío; polidesa; modestia; honestidad; opinión; sentido con que sentimos
candidate_spelling	polillarse	1	polillas	polillas, polleares	polillarse -> polillas	17?? Bnf_362	17-bnf-362:003330	ocuilcualoa	Traducción	polillarse; comerse algunos sembrados o fruta de huertos
candidate_spelling	pollida	1	polilla	polilla, pollead, pollina	pollida -> polilla	1565 Sahagún Escolios	1565-sahagun-escolios:001331	tetzcaltic	Traducción	persona pollida
candidate_spelling	polviento	1	polvoriento	polvoriento	polviento -> polvoriento	1571 Molina 1	1571-molina-1:030203	teuhyo	Traducción	polvoso o polviento
candidate_spelling	polvorar	1	pólvora	pólvora, pólvoras, polvorera, polvorear	polvorar -> pólvora	153? Trilingüe	153-trilingue:000095	tlateuhyotia ^	Traducción	polvorar o empolvorar
candidate_spelling	polín	1	pelín	pelín, jolín, colín, polen, bolín	polín -> pelín	153? Trilingüe	153-trilingue:011906	tlapetzoa ^	Traducción	polín
candidate_spelling	ponersela	1	oponérsela	oponérsela, ponérsela	ponersela -> oponérsela	17?? Bnf_362	17-bnf-362:003353	atia	Traducción	ponersela cosa rala o aguada
candidate_spelling	ponese	1	pones	pones, ponse, pones e	ponese -> pones	1780 ? Bnf_361	1780-bnf-361:000377	tlatetocani	Traducción	fundador, ponese fundamento cuando se echa la piedra, y mezcla en la zanja
candidate_spelling	poniendote	1	poniendo	poniendo, poniéndote, poniente	poniendote -> poniendo	1571 Molina 2	1571-molina-2:004322	yeyecahuilia	Traducción	hacer sombra a otros, poniendote delante de ellos
candidate_spelling	ponposamente	1	pomposamente	pomposamente	ponposamente -> pomposamente	1565 Sahagún Escolios	1565-sahagun-escolios:000418	cuecuechotinemi	Traducción	mujer que anda requa osadamente o ponposamente
candidate_spelling	pontilladas	1	postuladas	postuladas, poetizadas	pontilladas -> postuladas	1571 Molina 1	1571-molina-1:013341	icxixopehua	Traducción	pontilladas dar
candidate_spelling	popoca	1	pcpooa	pcpooa	popoca -> pcpooa	1598 Tezozomoc	1598-tezozomoc:000663	cuatlpopoca	Traducción	cf. coatl popoca
candidate_spelling	porc	1	por	por, poro	porc -> por	1765 Cortés y Zedeño	1765-cortes-y-zedeno:002771	miac	Traducción	copioso porc osa abundante
candidate_spelling	pordemas	1	podremos	podremos	pordemas -> podremos	1571 Molina 2	1571-molina-2:004901	zazannen	Traducción	pordemas o en vano
candidate_spelling	porhiiar	1	porfiar	porfiar	porhiiar -> porfiar	153? Trilingüe	153-trilingue:009361	tepiltzintia ^	Traducción	porhiiar o hariar
candidate_spelling	porle	1	por	por, ponle, porte, parle, porté, poblé	porle -> por	1571 Molina 2	1571-molina-2:000615	tlatlapololtilli	Traducción	enloquecido, o desatinado y turbado, porle dar prisa los que le persiguen
candidate_spelling	porqueria	1	porquerías	porquerías, porqueriza	porqueria -> porquerías	1571 Molina 2	1571-molina-2:003027	tzotecuicuitlatiliztli	Traducción	porqueria grande así y suciedad
candidate_spelling	porter	1	portero	portero, portar, porte, portes, porteo, póster	porter -> portero	2021 Wimmer	2021-wimmer:028365	panoa	Traducción (es)	v.t. tla-., porter
candidate_spelling	porti	1	porfi	porfi, porto, porte, porta, partí, portó	porti -> porfi	1780 ? Bnf_361	1780-bnf-361:009598	intlacatehuatl	Traducción	sino fuera porti
candidate_spelling	portigo	1	portillo	portillo, postigo, pórtico, pértigo	portigo -> portillo	1551-95 Documentos nahuas de la Ciudad de México	1551-95-documentos-nahuas-de-la-ciudad-de-mexico:000807	cuitlacoyonia	Traducción	abrir de un lado (casas) / abrir un portillo / abrir una puerta o portigo / hacer un portillo (en la casa) / labrar (una casa)
candidate_spelling	portio	1	porto	porto, porteo, pórtico, portó, porteó	portio -> porto	1780 ? Bnf_361	1780-bnf-361:012204	miltepiton	Traducción	quiñon de heredad. portio ónis
candidate_spelling	portiyo	1	portillo	portillo, pórtico, potrillo	portiyo -> portillo	1780 ? Bnf_361	1780-bnf-361:027283	tlaopochcopacatqui quiyahuatentli	Traducción	portiyo o puerta falsa de casa
candidate_spelling	porvia	1	propia	propia, provea	porvia -> propia	1571 Molina 2	1571-molina-2:009209	icniuhyotica	Traducción	porvia de amistad, o amigablemente
candidate_spelling	pospera	1	próspera	próspera, prospera, poseerá, posare	pospera -> próspera	1780 ? Bnf_361	1780-bnf-361:008545	huelquizani	Traducción	cosa pospera, feliz, buena
candidate_spelling	poss	1	pops	pops, post, pose, posa, poso, poses	poss -> pops	2021 Wimmer	2021-wimmer:018513	ilhuiyo	Traducción (es)	ilhuiyo, variante orta. -ilhuio, rad.poss, de ilhuitl, fiesta
candidate_spelling	postillosa	1	positivas	positivas, postulas, postizos, postizas, postigos	postillosa -> positivas	1571 Molina 2	1571-molina-2:022676	tlalia  +	Traducción	sarna postillosa
candidate_spelling	postposición	1	posposición	posposición	postposición -> posposición	2021 Wimmer	2021-wimmer:016282	huan	Traducción (es)	postposición del parentesco
candidate_spelling	posédor	1	poseedor	poseedor, ponedor	posédor -> poseedor	1780 ? Bnf_361	1780-bnf-361:017831	axcahua	Traducción	posédor
candidate_spelling	potage	1	potaje	potaje	potage -> potaje	1780 ? Bnf_361	1780-bnf-361:027405	tlapaloa	Traducción	sopear mojando en el potage
candidate_spelling	potrancia	1	potranca	potranca	potrancia -> potranca	153? Trilingüe	153-trilingue:002911	cihuatl idem	Traducción	potrancia así
candidate_spelling	precidir	1	presidir	presidir	precidir -> presidir	1780 ? Bnf_361	1780-bnf-361:020489	tepan nicac	Traducción	precidir
candidate_spelling	prefumar	1	perfumar	perfumar	prefumar -> perfumar	1780 ? Bnf_361	1780-bnf-361:007809	ahuiyalia	Traducción	prefumar
candidate_spelling	prejudicialmente	1	perjudicialmente	perjudicialmente	prejudicialmente -> perjudicialmente	2021 Wimmer	2021-wimmer:034545	tequenchihualiztica	Traducción (es)	prejudicialmente, perniciosamente
candidate_spelling	prenitenencias	1	pertenencias	pertenencias, pertinencias	prenitenencias -> pertenencias	2021 Wimmer	2021-wimmer:039938	tlamacehualiztica	Traducción (es)	con, gracias a las prenitenencias
candidate_spelling	prensava	1	prensada	prensada, prensaba, prensara, prensará	prensava -> prensada	1780 ? Bnf_361	1780-bnf-361:014216	nencoa	Traducción	hacer algo cortamente con alguno; burlar* a alguno, no dándole todo lo que el prensava, que le habían de dar
candidate_spelling	prepetuamente	1	perpetuamente	perpetuamente	prepetuamente -> perpetuamente	1629 Alarcón	1629-alarcon:000668	huinaxcatl	Traducción	ave condenada a que prepetuamente hambrease por no haber ayunado y que asiese las sombras vanas
candidate_spelling	prepo	1	preso	preso, trepó, trepo, Preto, preño, preñó	prepo -> preso	1571 Molina 2	1571-molina-2:010108	ipaltzinco	Traducción	por el, o mediante el. prepo. para jurar
candidate_spelling	presentativo	1	preservativo	preservativo	presentativo -> preservativo	2021 Wimmer	2021-wimmer:026817	niz	Traducción (es)	aparece como presentativo: he aquí. códice zempoala galarza edición 1980, passim
candidate_spelling	presiosa	1	preciosa	preciosa, presiona, premiosa	presiosa -> preciosa	17?? Bnf_362	17-bnf-362:000261	tlazotli	Traducción	costosa cosa, esto significa también cosa presiosa; caro en precio; cosa amada o proviza
candidate_spelling	presiosas	1	preciosas	preciosas, presionas, premiosas	presiosas -> preciosas	17?? Bnf_362	17-bnf-362:002673	macuechtli	Traducción	santa de de piedras presiosas, que solían ponerse como pulceras
candidate_spelling	prespoteré	1	perpetré	perpetré	prespoteré -> perpetré	17?? Bnf_362bis	17-bnf-362bis:000158	chico	Traducción	en composición significa: mal, falsamente, al reves, sin consideración, abiertamente, desigual, y dudosamente. en latin perperam, prevé, perverié, prespoteré
candidate_spelling	prestanto	1	prestando	prestando	prestanto -> prestando	153? Trilingüe	153-trilingue:000245	tlatlaneuhtia	Traducción	fiar prestanto
candidate_spelling	prestesa	1	prestes	prestes, prestase, presteza, prestes a	prestesa -> prestes	1629 Alarcón	1629-alarcon:000604	hualhuia	Traducción	venir / acudir con prestesa
candidate_spelling	prete	1	prevé	prevé, arete, rete, preste, brete, preve	prete -> prevé	1571 Molina 2	1571-molina-2:005116	centetilia	Traducción	juntar diversas cosas envno. prete. onitlacentelili
candidate_spelling	preterea	1	preteres	preteres, preteren, pretera, pretere, pretería, pretere a	preterea -> preteres	17?? Bnf_362bis	17-bnf-362bis:000626	oc	Traducción	demás de eso. latin preterea. adhuc
candidate_spelling	previlegiado	1	privilegiado	privilegiado	previlegiado -> privilegiado	1780 ? Bnf_361	1780-bnf-361:024050	tlacnelilli	Traducción	previlegiado a quien se da
candidate_spelling	previlegio	1	privilegio	privilegio, privilegió	previlegio -> privilegio	1780 ? Bnf_361	1780-bnf-361:019053	teicneliloni	Traducción	previlegio, ley para uno
candidate_spelling	primerisa	1	primeriza	primeriza	primerisa -> primeriza	1780 ? Bnf_361	1780-bnf-361:008952	ichpochpilhua	Traducción	primerisa mujer en parto * a cheval sur deux colonnes
candidate_spelling	primideras	1	primeras	primeras, primaveras	primideras -> primeras	1571 Molina 2	1571-molina-2:003281	xiotia	Traducción	tomar ejemplo de otros. metáfora o poner las primideras a la tela
candidate_spelling	principaló	1	principal	principal, principado	principaló -> principal	1780 ? Bnf_361	1780-bnf-361:021898	tetlapanca	Traducción	hijo de principaló senador; generoso de buen linaje
candidate_spelling	principarla	1	principal	principal, principiaría, principiara	principarla -> principal	1780 ? Bnf_361	1780-bnf-361:001794	tlatzintiani	Traducción	fundador de alguna cosa, o principarla
candidate_spelling	principial	1	principal	principal, principia, principiar, principian, principias, principiad	principial -> principal	1780 ? Bnf_361	1780-bnf-361:004076	tzintia	Traducción	fundar o principial alguna cosa
candidate_spelling	pritada	1	privada	privada, pitada, fritada, gritada	pritada -> privada	1780 ? Bnf_361	1780-bnf-361:002854	tlecocoz	Traducción	mariposa grande pritada
candidate_spelling	priuacion	1	privación	privación	priuacion -> privación	2021 Wimmer	2021-wimmer:035615	tetzinehualiztli	Traducción (es)	metáfora: deposición, deshonra, revocación de alguien; deposición o priuacion de oficio. metáfora
candidate_spelling	priuarme	1	privarme	privarme, primarme	priuarme -> privarme	1571 Molina 1	1571-molina-1:014865	ixcahualtia	Traducción	priuarme yo mismo de alguna cosa o perder y quedar defraudado de algo por mi culpa y negligencia
candidate_spelling	probeida	1	promedia	promedia, proveída	probeida -> promedia	1780 ? Bnf_361	1780-bnf-361:023733	tlacencahualli	Traducción	probeida cosa de algo
candidate_spelling	probocar	1	provocar	provocar	probocar -> provocar	1547 Olmos_V ?	1547-olmos-v:001995	tlaquechilia	Traducción	probocar el mienbro a otro
candidate_spelling	procision	1	precisión	precisión, procesión, provisión, promisión	procision -> precisión	1780 ? Bnf_361	1780-bnf-361:023706	tlacemitoliztli	Traducción	determinación y procision ded hacer algo
candidate_spelling	procurandolo	1	procurando	procurando, procurándole	procurandolo -> procurando	2021 Wimmer	2021-wimmer:001180	tlatlaxilia	Traducción (es)	v.refl., abortar y echar la criatura procurandolo. / v.bitrans. tētla-., arrojar en dirección a alguien
candidate_spelling	procurao	1	procurar	procurar, procura, procuro, procuran, procuró, procurad	procurao -> procurar	1780 ? Bnf_361	1780-bnf-361:001135	tlatlaxtli	Traducción	abortada criatura, por haberle procurao su aborto
candidate_spelling	profacio	1	prefacio	prefacio, prosaico	profacio -> prefacio	1571 Molina 1	1571-molina-1:016195	lo mismo	Traducción	profacio en la misa
candidate_spelling	prohijación	1	prohibición	prohibición	prohijación -> prohibición	1571 Molina 2	1571-molina-2:008148	gracia  +	Traducción	gracia de adoption, o de prohijación
candidate_spelling	proivir	1	prohibir	prohibir	proivir -> prohibir	17?? Bnf_362	17-bnf-362:004537	tlacahualtia	Traducción	estorbar, o impedir; vedar o proivir algo
candidate_spelling	prometimieto	1	prometisteis	prometisteis	prometimieto -> prometisteis	1571 Molina 2	1571-molina-2:014687	netlatenehuiliztli	Traducción	obligación o prometimieto de contrato
candidate_spelling	prop	1	drop	drop, pro, pros, pop, proa	prop -> drop	2021 Wimmer	2021-wimmer:038577	tlahuapahuillotl	Traducción (es)	échalas, prop
candidate_spelling	proporcionadores	1	proporcionados	proporcionados, proporcionares	proporcionadores -> proporcionados	1580 Sahagún/Máynez	1580-sahagun-maynez:000109	tohuallahuan	Traducción	nuestros dadores o proporcionadores
candidate_spelling	propriedades	1	propiedades	propiedades	propriedades -> propiedades	1571 Molina 2	1571-molina-2:012490	mieccan quizqui	Traducción	cosa dividida así, o en diversas maneras, o cosa de diferentes propriedades
candidate_spelling	prosesiones	1	procesiones	procesiones, profesiones, posesiones	prosesiones -> procesiones	17?? Bnf_362	17-bnf-362:000483	tzacuilhuaztli	Traducción	mosqueador que aun hoy usan en las prosesiones de flores o plumas para hacer sombra; ramas que hacen de ramos
candidate_spelling	protrusiones	1	progresiones	progresiones, profusiones	protrusiones -> progresiones	2021 Wimmer	2021-wimmer:024315	nacaztehuihuilacachiuhcayotl	Traducción (es)	protrusiones, contornos, pabellón de la oreja. / contornos de nuestras orejas
candidate_spelling	protrusión	1	progresión	progresión, profusión	protrusión -> progresión	2021 Wimmer	2021-wimmer:025774	nenepilquizaliztli	Traducción (es)	germen de maíz. / protrusión de la lengua
candidate_spelling	prouablemente	1	probablemente	probablemente	prouablemente -> probablemente	1571 Molina 1	1571-molina-1:034790	tlaneltililiztica	Traducción	prouablemente así
candidate_spelling	prouechosos	1	provechosos	provechosos	prouechosos -> provechosos	1571 Molina 2	1571-molina-2:016503	atle tonecoca	Traducción	no somos necesarios o prouechosos, para cosa alguna
candidate_spelling	proueen	1	proveen	proveen, proseen	proueen -> proveen	1571 Molina 2	1571-molina-2:017290	axixpan	Traducción	muladar, o lugar donde se proueen
candidate_spelling	prouerbio	1	proverbio	proverbio	prouerbio -> proverbio	1571 Molina 1	1571-molina-1:020254	nemitia  +	Traducción	acostumbrar o ser común prouerbio y manera de decir
candidate_spelling	prouidencia	1	providencia	providencia	prouidencia -> providencia	1571 Molina 2	1571-molina-2:022400	tlaimatiliztli	Traducción	prouidencia o maña que se tiene en las cosas
candidate_spelling	prouocación	1	provocación	provocación	prouocación -> provocación	1571 Molina 2	1571-molina-2:020623	teyolcholotiliztli	Traducción	incitación, o prouocación del que provoca a otro
candidate_spelling	prouocandolo	1	provocándolo	provocándolo	prouocandolo -> provocándolo	1571 Molina 2	1571-molina-2:020656	teyollochololtiani	Traducción	el que levanta el corazón a otro, incitandolo, o prouocandolo a que haga algo
candidate_spelling	provedor	1	proveedor	proveedor	provedor -> proveedor	1780 ? Bnf_361	1780-bnf-361:012926	motlacuitlahuiani	Traducción	estudioso, diligente; provedor; cuidadoso
candidate_spelling	proveidam	1	propiedad	propiedad, promediar, promedia, promedian, proveídas, promedias	proveidam -> propiedad	1780 ? Bnf_361	1780-bnf-361:025294	tlaimatca	Traducción	proveidam(en)te
candidate_spelling	provencho	1	provecho	provecho	provencho -> provecho	2021 Wimmer	2021-wimmer:025883	nentlacatl	Traducción (es)	hombre sin provencho. / ing., persona inútil, buena para nada; k; es un hombre desdichado. / sin valor
candidate_spelling	provervio	1	proverbio	proverbio	provervio -> proverbio	1780 ? Bnf_361	1780-bnf-361:005945	iuhqui ticnemitia	Traducción	acostumbrar, o ser común provervio y manera de decir
candidate_spelling	proviza	1	provista	provista	proviza -> provista	17?? Bnf_362	17-bnf-362:000261	tlazotli	Traducción	costosa cosa, esto significa también cosa presiosa; caro en precio; cosa amada o proviza
candidate_spelling	prudentemeute	1	prudentemente	prudentemente	prudentemeute -> prudentemente	1571 Molina 1	1571-molina-1:020057	nematca	Traducción	cautelosa y prudentemeute
candidate_spelling	pruduente	1	prudente	prudente, pruduejnte	pruduente -> prudente	1780 ? Bnf_361	1780-bnf-361:025610	tlaixyeyecoani	Traducción	pruduente virtuoso
candidate_spelling	prándo	1	prado	prado, orando, prendo, pirando, parando, arando	prándo -> prado	1571 Molina 2	1571-molina-2:013567	nanacatl  +	Traducción	hongo de prándo
candidate_spelling	psonas	1	peonas	peonas, postas, pronas, posas, poseas, posmas	psonas -> peonas	2021 Wimmer	2021-wimmer:031529	tecpana	Traducción (es)	v.t. tla-., poner en orden, en fila, disponer metódicamente, establecer las cosas con regularidad. / v.t. tē-., organizar a las personas en orden. / v.i., ponerse en orden. / v.refl., ponerse en orden psonas
candidate_spelling	ptla	1	pila	pila, pela, pala, pula, palta	ptla -> pila	1645 Carochi	1645-carochi:001599	moztla	Traducción	mañana / oc iuh ~, un día antes / ~ huïptla, un día de estos
candidate_spelling	pudieredes	1	pudiereis	pudiereis, pudieres	pudieredes -> pudiereis	1571 Molina 2	1571-molina-2:011958	amotlapal  +	Traducción	esforzaos cuanto pudieredes
candidate_spelling	puer	1	pues	pues, nuer, pue, fuer, puar, per	puer -> pues	2021 Wimmer	2021-wimmer:018348	ihyaya	Traducción (es)	v.i., puer. / v.i., apesta. / v.i. o inanimado., tiene buen olor
candidate_spelling	pugar	1	lugar	lugar, pagar, jugar, pegar, pulgar, purgar	pugar -> lugar	153? Trilingüe	153-trilingue:004770	patli ihualoni	Traducción	purga para pugar
candidate_spelling	pugarse	1	jugarse	jugarse, pugnares	pugarse -> jugarse	1780 ? Bnf_361	1780-bnf-361:003820	tzacuainnotlatlacol	Traducción	pugarse del pecado pagando la pena
candidate_spelling	pulceras	1	pulseras	pulseras, úlceras, pulcras, dulceras, pulieras	pulceras -> pulseras	17?? Bnf_362	17-bnf-362:002673	macuechtli	Traducción	santa de de piedras presiosas, que solían ponerse como pulceras
candidate_spelling	punal	1	punan	punan, pupal, penal, puñal, panal, puntal	punal -> punan	1780 ? Bnf_361	1780-bnf-361:017343	poñalticatlaxililiztli	Traducción	puñalada herida de punal
candidate_spelling	punno	1	puno	puno, punto, puño, punk, puna, punzo	punno -> puno	1547 Olmos_V ?	1547-olmos-v:001111	mapiqui	Traducción	tomar en el punno
candidate_spelling	puntallazo	1	pantallazo	pantallazo, puntillazo	puntallazo -> pantallazo	1571 Molina 2	1571-molina-2:003710	xopehua	Traducción	dar punta pie a alguno, o puntallazo
candidate_spelling	pury	1	pura	pura, puro, puré	pury -> pura	2021 Wimmer	2021-wimmer:008961	cencualnezcaxayacatl	Traducción (es)	el hermosissimo rostro de dios. paredes-sybille de pury
candidate_spelling	putaría	1	pitaría	pitaría, mutaría, pautaría, pujaría, puyaría	putaría -> pitaría	153? Trilingüe	153-trilingue:003587	ahuiani calli tiliztli	Traducción	putaría lupanar
candidate_spelling	quac	1	cuac	cuac, quad, qua, muac	quac -> cuac	1780 Clavijero	1780-clavijero:001213	icuac	Traducción	véase inìquac
candidate_spelling	quadrúpedo	1	cuadrúpedo	cuadrúpedo	quadrúpedo -> cuadrúpedo	2021 Wimmer	2021-wimmer:008439	zacamiztli	Traducción (es)	quadrúpedo que vive en los alrededores de pánuco
candidate_spelling	quae	1	que	que, quad, qua, qua e	quae -> que	1765 Cortés y Zedeño	1765-cortes-y-zedeno:003099	aquin	Traducción	cual con articulo qui, quae, quod
candidate_spelling	quan	1	Juan	Juan, cuan, cuán, quad, qua	quan -> Juan	1645 Carochi	1645-carochi:000705	coatl	Traducción	culebra / tëquan~, víbora ponzoñosa
candidate_spelling	quarenteno	1	cuarentena	cuarentena, cuarentones	quarenteno -> cuarentena	1571 Molina 2	1571-molina-2:023641	tlaompohualcayotia	Traducción	quarenteno, o cuarenta enorden
candidate_spelling	quas	1	cuasi	cuasi, quad, qua, guas, quads	quas -> cuasi	1780 ? Bnf_361	1780-bnf-361:014987	niccaquicatl	Traducción	quas devuelto
candidate_spelling	quebrantameinto	1	quebrantamiento	quebrantamiento	quebrantameinto -> quebrantamiento	1780 ? Bnf_361	1780-bnf-361:014293	nenetolpololiztli	Traducción	quebrantameinto de fe vid. netolpoloa
candidate_spelling	quebratura	1	quebradura	quebradura	quebratura -> quebradura	2021 Wimmer	2021-wimmer:004568	tzicuehualli	Traducción (es)	el brillo de una piedra que se está trabajando. / quebratura de la piedra que se labra o nieto o hijo. / persona de linaje noble
candidate_spelling	quechía	1	quechua	quechua	quechía -> quechua	2021 Wimmer	2021-wimmer:042233	tlaquechillotia	Traducción (es)	v.t. tla-., apuntalar, sostener una casa, un muro. quechía
candidate_spelling	quem	1	que	que, quema, quemó, quemo, queme, quemé	quem -> que	17?? Bnf_362bis	17-bnf-362bis:000323	in iuhqui	Traducción	como, de la manera que. latin. quem ad modum
candidate_spelling	quemaduroa	1	quemadura	quemadura, quemadora	quemaduroa -> quemadura	1780 ? Bnf_361	1780-bnf-361:014686	netlatiliztli	Traducción	quemaduroa; vide tlatilia nino
candidate_spelling	quemmanian	1	quemaban	quemaban, quemaran, quemarían, quemarais, quemabais	quemmanian -> quemaban	17?? Bnf_362bis	17-bnf-362bis:000694	quemman	Traducción	vide zan queniman. zan quemmanian
candidate_spelling	quenta	1	Queta	Queta, cuenta, quinta, quena, quanta	quenta -> Queta	1765 Cortés y Zedeño	1765-cortes-y-zedeno:001544	de  +	Traducción	libro de quenta
candidate_spelling	quernos	1	quereos	quereos, cuernos	quernos -> quereos	1765 Cortés y Zedeño	1765-cortes-y-zedeno:001320	cuacuauhhuia	Traducción	cornar, herir con quernos
candidate_spelling	querrer	1	querer	querer, querré	querrer -> querer	1780 ? Bnf_361	1780-bnf-361:002514	tlayeltia	Traducción	vomitar querrer
candidate_spelling	quesea	1	quesera	quesera	quesea -> quesera	1571 Molina 2	1571-molina-2:004909	zazo quenami	Traducción	de cualquier manera quesea, o como quiera que sea
candidate_spelling	queste	1	cueste	cueste, quiste, hueste, tueste	queste -> cueste	1780 ? Bnf_361	1780-bnf-361:004977	xoxochtia	Traducción	truanecia a queste truan
candidate_spelling	questión	1	cuestión	cuestión	questión -> cuestión	1571 Molina 2	1571-molina-2:020239	tetlatoltiliztli	Traducción	el acto de tomar los dichos de los testigos, o de dar questión de tormento
candidate_spelling	queva	1	Queta	Queta, queda, nueva, quema, cueva, queja	queva -> Queta	1571 Molina 2	1571-molina-2:018105	teicxitocani	Traducción	el queva rastreando y siguiendo las pisadas de alguno
candidate_spelling	quexarse	1	quejares	quejares, quebrase, quedares, quemares	quexarse -> quejares	2021 Wimmer	2021-wimmer:030408	attohuia	Traducción (es)	v.refl., presentar denuncia primero ante el juez. / v.refl., quexarse primero que otro ante el juez
candidate_spelling	queyo	1	Queco	Queco, quedo, quedó, queso, quemo, quemó	queyo -> Queco	1571 Molina 2	1571-molina-2:015324	ocayehuatli	Traducción	mirad pues, que esto es. s. lo queyo decía. etc.
candidate_spelling	quinim	1	Quini	Quini	quinim -> Quini	1759 Paredes	1759-paredes:001693	azaquema	Traducción	más antes / sino que más ahimâ, quinimò
candidate_spelling	rais	1	grais	grais, vais, dais, erais, ras, raes	rais -> grais	1780 ? Bnf_361	1780-bnf-361:027131	tlanoquilonitlanelhuatl	Traducción	ruibarbo o rais para purgar
candidate_spelling	rajaja	1	jajaja	jajaja, rajada, rajaba, rajara, rajará	rajaja -> jajaja	1780 ? Bnf_361	1780-bnf-361:025580	tlaixtlapantli	Traducción	cosa cortada a lo largo hundida o rajaja
candidate_spelling	raleadas	1	ralladas	ralladas, baleadas, jaleadas, maleadas, rateadas, paleadas	raleadas -> ralladas	2021 Wimmer	2021-wimmer:003521	tolxacualli	Traducción (es)	mat de cañas raleadas
candidate_spelling	ramillote	1	ramillete	ramillete	ramillote -> ramillete	1571 Molina 2	1571-molina-2:003439	xochichihua	Traducción	hacer ramillote o manojo de rosas o flores
candidate_spelling	rans	1	trans	trans, fans, rana, ranas, ras, raes	rans -> trans	2021 Wimmer	2021-wimmer:021572	mapatzca	Traducción (es)	v.t.rans. tla-., aplastar con o en la mano
candidate_spelling	raposina	1	raposuna	raposuna, raposean	raposina -> raposuna	153? Trilingüe	153-trilingue:008168	quiitiac	Traducción	raposina hedor
candidate_spelling	rascunarse	1	rascares	rascares, rasurase, rasurares, rasguñares, rasgueares, rascuñarme	rascunarse -> rascares	1547 Olmos_V ?	1547-olmos-v:001010	ixtoxomi	Traducción	rascunarse o aranarse
candidate_spelling	rascuñando	1	rasguñando	rasguñando	rascuñando -> rasguñando	1571 Molina 2	1571-molina-2:018523	temotzololiztica	Traducción	rascuñando. adverbio
candidate_spelling	rasonable	1	razonable	razonable	rasonable -> razonable	1780 ? Bnf_361	1780-bnf-361:023512	tlacaquini	Traducción	cosa rasonable
candidate_spelling	rastear	1	rastrear	rastrear, trastear, rastrera, rastra, ratear, pastear	rastear -> rastrear	1780 ? Bnf_361	1780-bnf-361:009233	icxitoca	Traducción	rastear por el olor como podenco
candidate_spelling	rauia	1	rafia	rafia, rabia, rauda, radia, raía, razia	rauia -> rafia	1571 Molina 1	1571-molina-1:014700	itzcuintlahuelilocayotl	Traducción	rauia
candidate_spelling	rauiar	1	rabiar	rabiar, radiar	rauiar -> rabiar	1571 Molina 1	1571-molina-1:014698	itzcuintlahuelilocati	Traducción	rauiar
candidate_spelling	rauioso	1	rabioso	rabioso	rauioso -> rabioso	1571 Molina 1	1571-molina-1:014697	itzcuintlahueliloc	Traducción	rauioso
candidate_spelling	raviar	1	aviar	aviar, caviar, rabiar, variar, radiar, gaviar	raviar -> aviar	1780 ? Bnf_361	1780-bnf-361:010114	itzcuintlahuelilocati	Traducción	raviar
candidate_spelling	raxada	1	rayada	rayada, rapada, ramada, rajada, rasada, laxada	raxada -> rayada	1780 ? Bnf_361	1780-bnf-361:002307	tlaxotlalli	Traducción	cosa cortada, a lo largo hendida y raxada
candidate_spelling	raxo	1	rato	rato, raro, raso, rayo, ramo, saxo	raxo -> rato	1692 Guerra	1692-guerra:000113	xeloa	Traducción	yo raxo
candidate_spelling	razpada	1	raspada	raspada, zarpada, rapada	razpada -> raspada	1780 ? Bnf_361	1780-bnf-361:001946	tlatzotzomonilli	Traducción	destrozada o razpada ropa a otro
candidate_spelling	rdia	1	odia	odia, radia, rodia, adir, raid	rdia -> odia	1780 ? Bnf_361	1780-bnf-361:028154	tlateca, ic	Traducción	aposentar (apartar?) y apercivir banquete o el recebimiento que se hace a alguna persona, pon.rdia
candidate_spelling	reacreado	1	recargado	recargado, recreado, recateado	reacreado -> recargado	1780 ? Bnf_361	1780-bnf-361:023696	tlacemelleltilli	Traducción	desenfadado o reacreado otro
candidate_spelling	reareado	1	recreado	recreado, rearmado	reareado -> recreado	1780 ? Bnf_361	1780-bnf-361:011929	mellelquixtiqui	Traducción	alegre reareado
candidate_spelling	rebenirse	1	rebanares	rebanares, rebenques, rebelares	rebenirse -> rebanares	17?? Bnf_362	17-bnf-362:003512	patia	Traducción	derretirse o rebenirse la sal, azúcar, etcétera, supreterito opat
candidate_spelling	reberdeser	1	rebordeare	rebordeare, rebordees	reberdeser -> rebordeare	1780 ? Bnf_361	1780-bnf-361:004869	xoloni	Traducción	reberdeser la llaga
candidate_spelling	reberueración	1	reverberación	reverberación	reberueración -> reverberación	1571 Molina 2	1571-molina-2:016435	pepeyoca	Traducción	relumbrar el agua, o los campos con la claridad y reberueración del sol o de la luna
candidate_spelling	rebezaar	1	rebozar	rebozar, rebelar, rebelara, rebozara	rebezaar -> rebozar	153? Trilingüe	153-trilingue:009311	tepatla ^	Traducción	rebezaar
candidate_spelling	rebiente	1	reciente	reciente, reviente, resiente	rebiente -> reciente	1571 Molina 2	1571-molina-2:007677	cuitlatitica	Traducción	doler la llaga enconada, o el nacido antes que rebiente
candidate_spelling	rebiento	1	reviento	reviento, resiento	rebiento -> reviento	1692 Guerra	1692-guerra:000294	cueponi	Traducción	yo rebiento
candidate_spelling	rebocero	1	recobro	recobro, recobren, recobre, recobres	rebocero -> recobro	153? Trilingüe	153-trilingue:009312	tepatlani	Traducción	rebocero
candidate_spelling	reborujada	1	rebujada	rebujada, rebordeada	reborujada -> rebujada	1571 Molina 2	1571-molina-2:016384	pazoltic	Traducción	cosa marañada, enhetrada, o reborujada, o cosa lanuda
candidate_spelling	rebéntado	1	reventado	reventado, rebotado, regentado, rebanado, rebrotado	rebéntado -> reventado	1571 Molina 2	1571-molina-2:007460	cueponqui	Traducción	huevo rebéntado, o flor abierta, o cosa resplandecieute
candidate_spelling	recattadamente	1	recatadamente	recatadamente	recattadamente -> recatadamente	1565 Sahagún Escolios	1565-sahagun-escolios:000823	mimatcanemi	Traducción	vivir avisadamente o recattadamente
candidate_spelling	recaudam	1	recaudar	recaudar, recaudan, recauda, recaudas, recamad, recaudad	recaudam -> recaudar	1780 ? Bnf_361	1780-bnf-361:021099	tequinechicoliztli	Traducción	recaudam(ien(to de rentas; cogimiento de los tributos
candidate_spelling	recevir	1	recibir	recibir	recevir -> recibir	17?? Bnf_362	17-bnf-362:001808	cuexanoa	Traducción	recibir aparando con la ropa; recevir algo en las faldas
candidate_spelling	reciament	1	reciamente	reciamente	reciament -> reciamente	1780 ? Bnf_361	1780-bnf-361:026483	tlamotzoltzitzquilli	Traducción	apretada cosa de algo reciament, con el puño o con la mano
candidate_spelling	recidir	1	decidir	decidir, recibir, residir	recidir -> decidir	1780 ? Bnf_361	1780-bnf-361:014114	nemi	Traducción	vivir; recidir; morar o vivir; vida tener
candidate_spelling	recilloso	1	receloso	receloso, rencilloso	recilloso -> receloso	153? Trilingüe	153-trilingue:008376	teaoani	Traducción	recilloso
candidate_spelling	recistiendo	1	resistiendo	resistiendo, revistiendo	recistiendo -> resistiendo	1780 ? Bnf_361	1780-bnf-361:007838	elleltia	Traducción	sofrenar, embarazar, o impedir que no se haga alguna cosa, estorvando, recistiendo, y refrenando
candidate_spelling	recistir	1	resistir	resistir	recistir -> resistir	1780 ? Bnf_361	1780-bnf-361:010505	ixnamiqui	Traducción	lidiar en trance de armas: competir o contender con otro: rijar o contender: contradecir a otro: trabar pelea: ser contrario a algo uno: o recistir
candidate_spelling	recocijen	1	regocijen	regocijen	recocijen -> regocijen	1780 ? Bnf_361	1780-bnf-361:016699	papaquiliztlalhuia	Traducción	mandar que se recocijen todos
candidate_spelling	recogendo	1	recomendó	recomendó, recogiendo	recogendo -> recomendó	1571 Molina 1	1571-molina-1:025171	tapayollalia	Traducción	hacerse un ovillo, recogendo todo el cuerpo y acurrucándose
candidate_spelling	recogexer	1	recoger	recoger, recogedor, recogiere, recogedero	recogexer -> recoger	1780 ? Bnf_361	1780-bnf-361:028242		Traducción	recogexer, o ayuntar lo pecado para confesarse de ellos
candidate_spelling	recogim	1	recogió	recogió, recogí, recogía	recogim -> recogió	1780 ? Bnf_361	1780-bnf-361:025458	tlaixolololiztli	Traducción	arrebañadura de algo o recogim(ien)to de cosas confuzamente
candidate_spelling	recoje	1	recoge	recoge, recojo, recoja, recode, remoje, recome	recoje -> recoge	1780 ? Bnf_361	1780-bnf-361:026675	tlanechicoloyan	Traducción	recojimiento el lugar donde algo se recoje
candidate_spelling	recojer	1	recoger	recoger, recocer, recoser	recojer -> recoger	1547 Olmos_V ?	1547-olmos-v:001225	nechicoa	Traducción	allegar recojer
candidate_spelling	recompesación	1	recomposición	recomposición	recompesación -> recomposición	153? Trilingüe	153-trilingue:008607	tecuepilica tlauhtiliztli	Traducción	recompesación
candidate_spelling	recoxo	1	recojo	recojo, recodo, recoso	recoxo -> recojo	1692 Guerra	1692-guerra:000543	nechicoa	Traducción	yo junto, o recoxo
candidate_spelling	rectrices	1	recurriese	recurriese, recorriese, recreció, recriase, recreces	rectrices -> recurriese	2021 Wimmer	2021-wimmer:013771	cuauhquetzalli	Traducción (es)	rectrices, plumas de la cola del águila. / adorno real
candidate_spelling	recuestro	1	recuesto	recuesto	recuestro -> recuesto	153? Trilingüe	153-trilingue:011541	tlamimilolli	Traducción	recuestro de monte
candidate_spelling	recurvé	1	recuré	recuré, recurre	recurvé -> recuré	2021 Wimmer	2021-wimmer:010116	chicoltic	Traducción (es)	tordu, tors, crochuque, recurvé. / cubierta de ala grande con plumas hacia la parte superior del ala
candidate_spelling	redemido	1	redimido	redimido, remedido	redemido -> redimido	1571 Molina 2	1571-molina-2:022974	tlamaquixtilli	Traducción	redemido o librado, ahorrado o libertado
candidate_spelling	redetido	1	repetido	repetido, reeditado, reedito, remetido	redetido -> repetido	1780 ? Bnf_361	1780-bnf-361:023157	tlaatililli	Traducción	sebo redetido
candidate_spelling	redom	1	redoma	redoma, redo, redor, redimo, redó	redom -> redoma	1780 ? Bnf_361	1780-bnf-361:019002	tehuilotecomatl	Traducción	redom de vidrio
candidate_spelling	redondiada	1	redondeada	redondeada	redondiada -> redondeada	1780 ? Bnf_361	1780-bnf-361:028207	tlatehuilacacholli	Traducción	cosa redondiada
candidate_spelling	reed	1	feed	feed, reel, red, reíd, leed, creed	reed -> feed	2021 Wimmer	2021-wimmer:007441	cemilhuitonalli	Traducción (es)	el signo de un día en el calendario. / el signo del día 2 reed
candidate_spelling	reformator	1	reformador	reformador	reformator -> reformador	1571 Molina 2	1571-molina-2:023786	tlapapatiani	Traducción	restaurador, o reformator de algo, o el que enmienda y adereza y conchaua lo que estaba falto y malhecho
candidate_spelling	refregamieno	1	refregamiento	refregamiento	refregamieno -> refregamiento	1780 ? Bnf_361	1780-bnf-361:014534	netelochiquiliztli	Traducción	refregamieno
candidate_spelling	refria	1	refería	refería, reiría, refrió, refría, resfría, refríe	refria -> refería	2021 Wimmer	2021-wimmer:004257	cecelia	Traducción (es)	enfriar cosas calientes. lo refresca, lo refria (t)
candidate_spelling	regatonería	1	regatería	regatería	regatonería -> regatería	1571 Molina 2	1571-molina-2:023854	tlapepehuiliztli	Traducción	usura o regatonería
candidate_spelling	regatonía	1	regatona	regatona	regatonía -> regatona	153? Trilingüe	153-trilingue:011622	tlanecuiloliztli	Traducción	regatonía
candidate_spelling	regratier	1	regareis	regareis	regratier -> regareis	2021 Wimmer	2021-wimmer:040725	tlanecuiloqui	Traducción (es)	regratier, revendedor, traficante
candidate_spelling	reiquezas	1	riquezas	riquezas, requisas, requemas, renqueas, renqueras	reiquezas -> riquezas	1780 ? Bnf_361	1780-bnf-361:023437	tlacamati	Traducción	abundar en reiquezas
candidate_spelling	relamberse	1	relamerse	relamerse, relamieres	relamberse -> relamerse	1765 Cortés y Zedeño	1765-cortes-y-zedeno:003366	papaloa	Traducción	relamerse, o relamberse
candidate_spelling	relangura	1	relanzar	relanzar, relanzara, rellanara	relangura -> relanzar	1547 Olmos_V ?	1547-olmos-v:001472	petlania	Traducción	relucir, relangura
candidate_spelling	relaxar	1	relatar	relatar, relajar, rellanar	relaxar -> relatar	1571 Molina 2	1571-molina-2:013469	nahualtilpoloa	Traducción	relaxar o quitar ley
candidate_spelling	relichar	1	relinchar	relinchar	relichar -> relinchar	153? Trilingüe	153-trilingue:000862	cauallochoca	Traducción	relichar el caballo
candidate_spelling	relicuario	1	relicario	relicario	relicuario -> relicario	1571 Molina 1	1571-molina-1:019420	necauhcapiyaloyan  +	Traducción	relicuario donde están
candidate_spelling	reliebes	1	relieves	relieves	reliebes -> relieves	1780 ? Bnf_361	1780-bnf-361:019822	tencahualli	Traducción	reliebes de la meja
candidate_spelling	reluse	1	reúse	reúse, reusé, reluce, repuse, recuse, rehusé	reluse -> reúse	17?? Bnf_362	17-bnf-362:003568	pepeyoca	Traducción	cuando resplandese, o reluse el sol en el agua
candidate_spelling	rembidar	1	remediar	remediar, remirad	rembidar -> remediar	1780 ? Bnf_361	1780-bnf-361:016261	oppaixquichnictlanitoa ni, cenquiza	Traducción	jugando, poner la cantidad de dineros, que en tres o cuatro juegos le ha ganado su contrario, para que en un solo juego se desquite de todo, o que el otro le gane en el último juego otro tanto cuanto en los otros tres o cuatro le había ganado, casi envidar o rembidar
candidate_spelling	remendio	1	remedio	remedio, remecido, remendó, revendió, remedió, remetido	remendio -> remedio	17?? Bnf_362	17-bnf-362:004595	tlachichitl	Traducción	remendio; remendón
candidate_spelling	remendo	1	tremendo	tremendo, remando, remendó, remiendo, remendé, revendo	remendo -> tremendo	153? Trilingüe	153-trilingue:010321	cactlachichini	Traducción	remendo zapatero
candidate_spelling	remendor	1	remendar	remendar, remendó, remendón	remendor -> remendar	1780 ? Bnf_361	1780-bnf-361:001013	tlatlatlamaniliani	Traducción	remendor de vestido, o zapato
candidate_spelling	remouer	1	remover	remover, remoler	remouer -> remover	1571 Molina 2	1571-molina-2:009376	icuaniloni	Traducción	cosa que se puede remouer y apartar de una parte a otra
candidate_spelling	remuneracio	1	remuneración	remuneración, remunerado, remunerativo, remunerando	remuneracio -> remuneración	1780 ? Bnf_361	1780-bnf-361:019050	teicnelilli	Traducción	galardón de buena obra, o remuneracio; o premio y galardón de la buena obra
candidate_spelling	rentya	1	renta	renta	rentya -> renta	1780 ? Bnf_361	1780-bnf-361:021760	tetlamamaquiliztli	Traducción	administración de algo; recudimiento de la rentya
candidate_spelling	renueba	1	renueva	renueva, rebuena	renueba -> renueva	1780 ? Bnf_361	1780-bnf-361:021980	tetlatlacuiltiliztli	Traducción	renueba, ususra, logro
candidate_spelling	renuncianion	1	renunciando	renunciando, renunciaron, renunciación	renuncianion -> renunciando	1780 ? Bnf_361	1780-bnf-361:021361	teteixpahuiliztli	Traducción	renuncianion de otro ante la justicia
candidate_spelling	repartimeinto	1	repartimiento	repartimiento	repartimeinto -> repartimiento	1780 ? Bnf_361	1780-bnf-361:022116	tetlaxexelhuiliztli	Traducción	repartimeinto
candidate_spelling	repelea	1	repeler	repeler, repleta, repele, repelen, repeles, repela	repelea -> repeler	1547 Olmos_V ?	1547-olmos-v:001579	quechmomotzoa	Traducción	repelea los viejos
candidate_spelling	replexion	1	reflexión	reflexión, repleción	replexion -> reflexión	1780 ? Bnf_361	1780-bnf-361:007852	elpantlatlac	Traducción	doliente estar del pecho por replexion de haber comido mucho
candidate_spelling	reprovada	1	reprobada	reprobada	reprovada -> reprobada	1780 ? Bnf_361	1780-bnf-361:028224	tlatelchihualli	Traducción	cosa reprovada
candidate_spelling	requesta	1	repuesta	repuesta, recuesta, retuesta	requesta -> repuesta	153? Trilingüe	153-trilingue:007260	tetlacuitlahuiliticanonotzaliztli	Traducción	requesta o requerimiento
candidate_spelling	resalutación	1	revaluación	revaluación	resalutación -> revaluación	1571 Molina 2	1571-molina-2:017911	tecuepca tlapaloliztli	Traducción	resalutación, o el retorno de ella
candidate_spelling	resgatar	1	rescatar	rescatar, restara	resgatar -> rescatar	1765 Cortés y Zedeño	1765-cortes-y-zedeno:000891	cencohua	Traducción	rescatar, o resgatar
candidate_spelling	resgate	1	rescate	rescate, respeta, regate, rescaté	resgate -> rescate	1765 Cortés y Zedeño	1765-cortes-y-zedeno:004242	tlacencoaliztli	Traducción	rescate, o resgate
candidate_spelling	resivo	1	recibo	recibo, resido, reviso	resivo -> recibo	1692 Guerra	1692-guerra:000125	celia	Traducción	yo resivo
candidate_spelling	reso	1	eso	eso, peso, reto, ruso, resto, beso	reso -> eso	1692 Guerra	1692-guerra:000454	machtia	Traducción	yo reso o deprendo
candidate_spelling	resolando	1	resonando	resonando, resoplando, resolano, desolando, resollando, resalando	resolando -> resonando	1780 ? Bnf_361	1780-bnf-361:009280	ihiyotica	Traducción	espirando o resolando
candidate_spelling	resoltido	1	resultado	resultado, resentido, resistido, resaltado, resoplido, resalido	resoltido -> resultado	1565 Sahagún Escolios	1565-sahagun-escolios:000154	tzitzicuinia	Traducción	rociar con sangre, con el golpe del dedo medio resoltido sobre el pulgar
candidate_spelling	resongando	1	resonando	resonando, rezongando	resongando -> resonando	1765 Cortés y Zedeño	1765-cortes-y-zedeno:002986	nananquilia	Traducción	responder resongando
candidate_spelling	respectados	1	respectado	respectado, respetados	respectados -> respectado	1571 Molina 2	1571-molina-2:011673	mahuiztilillani	Traducción	desear ser honrados y respectados
candidate_spelling	respendar	1	responder	responder, respetar, respaldar, respetado, respondan, responda	respendar -> responder	1565 Sahagún Escolios	1565-sahagun-escolios:000422	cuecuepoca	Traducción	estallar o respendar
candidate_spelling	respigón	1	resignó	resignó, espigón, respingón	respigón -> resignó	153? Trilingüe	153-trilingue:001328	xonehuatl tzicuehuani	Traducción	respigón cerca de la uña
candidate_spelling	resplandecente	1	resplandeciente	resplandeciente, resplandecen	resplandecente -> resplandeciente	1780 Clavijero	1780-clavijero:001852	naltonatetl	Traducción	piedra resplandecente o preciosa
candidate_spelling	resplandecieute	1	resplandeciente	resplandeciente	resplandecieute -> resplandeciente	1571 Molina 2	1571-molina-2:007460	cueponqui	Traducción	huevo rebéntado, o flor abierta, o cosa resplandecieute
candidate_spelling	resplandese	1	resplandece	resplandece, resplrndese	resplandese -> resplandece	17?? Bnf_362	17-bnf-362:003568	pepeyoca	Traducción	cuando resplandese, o reluse el sol en el agua
candidate_spelling	restrenido	1	restringido	restringido, estreñido, restregado, restrinjo, restriñido	restrenido -> restringido	1780 ? Bnf_361	1780-bnf-361:013024	motzintzacua	Traducción	cólico el que padece esta enfermedad, también quiere decir restrenido
candidate_spelling	restreñir	1	estreñir	estreñir, restriñir, restriñes, restriñera, restriñere, restriñen	restreñir -> estreñir	1780 ? Bnf_361	1780-bnf-361:003816	tzacua	Traducción	restañar o restreñir
candidate_spelling	resucitardar	1	resucitada	resucitada, resucitaría, resucitara, resucitadas, resucitaras, resucitaran	resucitardar -> resucitada	1547 Olmos_V ?	1547-olmos-v:000346	yolitia	Traducción	resucitardar vida
candidate_spelling	resurrectión	1	resurrección	resurrección	resurrectión -> resurrección	1571 Molina 2	1571-molina-2:014917	nezcaliliztli	Traducción	resurrectión, cordura, o aprovechamiento del que va aprovechando en algo
candidate_spelling	resvaladisa	1	resbaladiza	resbaladiza	resvaladisa -> resbaladiza	1780 ? Bnf_361	1780-bnf-361:008376	alaztic	Traducción	cosa resvaladisa
candidate_spelling	resvalarse	1	resbalarse	resbalarse, resbalares	resvalarse -> resbalarse	1780 ? Bnf_361	1780-bnf-361:016992	petzcoa	Traducción	caer resbalando, o yéndoseme los pies; descabullirse de entre otros, o hurtarse; deslizar; o resvalarse, y deleznarse
candidate_spelling	retazón	1	retazos	retazos, retaron, retazo, retozón	retazón -> retazos	153? Trilingüe	153-trilingue:005635	mahuiltiani	Traducción	retazón
candidate_spelling	retesadas	1	retasadas	retasadas, remesadas, revesadas	retesadas -> retasadas	1571 Molina 2	1571-molina-2:005512	chichihualnanatzihui	Traducción	tener retesadas las tetas
candidate_spelling	retesárseme	1	retasárseme	retasárseme, remesárseme	retesárseme -> retasárseme	1571 Molina 2	1571-molina-2:005515	chichihualtomahua	Traducción	retesárseme las tetas
candidate_spelling	retocer	1	retocar	retocar, retorcer, retocare, recocer, retoces, retocen	retocer -> retocar	153? Trilingüe	153-trilingue:011443	tlamalina ^	Traducción	retocer
candidate_spelling	retorsido	1	retorcido	retorcido	retorsido -> retorcido	17?? Bnf_362	17-bnf-362:004871	tlamalintli	Traducción	torzal o cosa torcida; retorsido, así llaman también a las disciplinas
candidate_spelling	retr	1	reto	reto, reta, rete, reír, retro, retó	retr -> reto	1780 ? Bnf_361	1780-bnf-361:004196	tzonquizcayotl	Traducción	cabo, o fin. retr en fruta cosa final, la postrera
candidate_spelling	retratación	1	retractación	retractación	retratación -> retractación	153? Trilingüe	153-trilingue:009957	tetlatolilochtiliztli	Traducción	retratación
candidate_spelling	retrojo	1	retorno	retorno, retrajo	retrojo -> retorno	2021 Wimmer	2021-wimmer:027363	ohuacuauhtlazolli	Traducción (es)	paja de maíz (retrojo)
candidate_spelling	retuerta	1	retreta	retreta, retuerza, retuesta	retuerta -> retreta	1579 Durán	1579-duran:000118	coatzintli	Traducción	cosa retuerta a manera de culebra
candidate_spelling	reuegido	1	retejido	retejido	reuegido -> retejido	2021 Wimmer	2021-wimmer:035650	tetzolihui	Traducción (es)	v.i., estar anudado, desvencijado, no crecer. / v.i., no crecer o estar reuegido. / v.inanim., cerrar, sanar, hablando de una herida
candidate_spelling	reuender	1	revender	revender	reuender -> revender	1571 Molina 2	1571-molina-2:013892	necuiloloni	Traducción	cosa que se compra para, reuender la
candidate_spelling	reuerenciada	1	reverenciada	reverenciada	reuerenciada -> reverenciada	1571 Molina 2	1571-molina-2:022568	tlaixtililli	Traducción	persona respectada y reuerenciada de los otros
candidate_spelling	reuerénciado	1	reverenciado	reverenciado, reverenciada, reverenciados, reverenciando, reverenciad	reuerénciado -> reverenciado	1571 Molina 2	1571-molina-2:014463	nepechteconi	Traducción	digno de ser respectado y reuerénciado
candidate_spelling	reuiesa	1	rehuidas	rehuidas	reuiesa -> rehuidas	1571 Molina 2	1571-molina-2:014814	nexochtiliztli	Traducción	vómito del que reuiesa, o vomito
candidate_spelling	reuocar	1	revocar	revocar, retocar	reuocar -> revocar	1571 Molina 2	1571-molina-2:009709	ilochtia	Traducción	tomar atrás el reloj, o tornar a enviar algo al que me lo envió, o mudar o reuocar la sentencia que se había dado, o vender algo por menos de lo que vale
candidate_spelling	revatada	1	rematada	rematada, relatada, recatada, reatada	revatada -> rematada	1780 ? Bnf_361	1780-bnf-361:026592	tlanamoyalli	Traducción	cosa revatada
candidate_spelling	reventor	1	reventar	reventar, redentor, reventó, reventón	reventor -> reventar	1780 ? Bnf_361	1780-bnf-361:000468	tlatilli	Traducción	altozano, o reventor, cuesta pequeña
candidate_spelling	revitado	1	revisado	revisado, recitado, evitado, revirado	revitado -> revisado	1780 ? Bnf_361	1780-bnf-361:013155	mozcaliqui	Traducción	retornado en si; revitado de muerto
candidate_spelling	reya	1	Freya	Freya, rey, reta, raya, reza, rea	reya -> Freya	153? Trilingüe	153-trilingue:003243	tepoztli cuacuahuequeh imelimiquiya	Traducción	reya de hierro para arar
candidate_spelling	rezadores	1	retadores	retadores, recaderos, regadores, rizadores, remadores, regaderos	rezadores -> retadores	1765 Cortés y Zedeño	1765-cortes-y-zedeno:002900	momachtiani	Traducción	rezadores
candidate_spelling	rezbaladiza	1	resbaladiza	resbaladiza	rezbaladiza -> resbaladiza	17?? Bnf_362	17-bnf-362:002003	alactic	Traducción	lo que está resbalado; cosa que está rezbaladiza
candidate_spelling	rezongones	1	rezongasen	rezongasen, rezonglones	rezongones -> rezongasen	1629 Alarcón	1629-alarcon:000654	huexcatlatlacoa	Traducción	hacer como los mohínos rezongones
candidate_spelling	reíproco	1	recíproco	recíproco	reíproco -> recíproco	1645 Carochi	1645-carochi:001423	maiztlacoa	Traducción	llegar a las manos (reíproco)
candidate_spelling	reñiendo	1	teniendo	teniendo, reuniendo, remiendo, reviendo	reñiendo -> teniendo	1571 Molina 1	1571-molina-1:016857	matetl  +	Traducción	turbarse o alborotarse la gente reñiendo unos con otros mesándose o apedreándose
candidate_spelling	rien	1	bien	bien, rilen, cien, ríen, lien, sien	rien -> bien	1780 ? Bnf_361	1780-bnf-361:027334	tlapachoa	Traducción	(rien)
candidate_spelling	rigendo	1	riendo	riendo, riñendo, rigiendo	rigendo -> riendo	1571 Molina 2	1571-molina-2:020564	teyacanaliztica	Traducción	guiando, rigendo y gouernando
candidate_spelling	rijando	1	fijando	fijando, rimando, lijando, rifando, rizando	rijando -> fijando	1780 ? Bnf_361	1780-bnf-361:019245	teixnamiquiliztli	Traducción	contención rijando; enemistad; encuentro por estar peleando; resistencia
candidate_spelling	rijar	1	rilar	rilar, fijar, rajar, rizar, lijar, rifar	rijar -> rilar	1780 ? Bnf_361	1780-bnf-361:010505	ixnamiqui	Traducción	lidiar en trance de armas: competir o contender con otro: rijar o contender: contradecir a otro: trabar pelea: ser contrario a algo uno: o recistir
candidate_spelling	rije	1	rile	rile, dije, rice, rige, rijo, raje	rije -> rile	1571 Molina 2	1571-molina-2:018014	tehuica temama	Traducción	el que gobierna, o rije a otros
candidate_spelling	rimere	1	riere	riere, rimare, rimero, rimaré, remire	rimere -> riere	1780 ? Bnf_361	1780-bnf-361:023784	tlacentlaliliztli	Traducción	rima o rimere
candidate_spelling	riquesa	1	riqueza	riqueza, requisa	riquesa -> riqueza	1780 ? Bnf_361	1780-bnf-361:013794	necuiltonolli	Traducción	riquesa
candidate_spelling	risable	1	risible	risible	risable -> risible	2021 Wimmer	2021-wimmer:031815	tehuetzquiti	Traducción (es)	risable, que hace reír a la gente
candidate_spelling	riverine	1	reviren	reviren	riverine -> reviren	2021 Wimmer	2021-wimmer:030344	atoyatencatl	Traducción (es)	riverine, que vive cerca de un río
candidate_spelling	roblisa	1	rolliza	rolliza	roblisa -> rolliza	1765 Cortés y Zedeño	1765-cortes-y-zedeno:000983	chicahuac	Traducción	roblisa, cosa recia
candidate_spelling	rodella	1	rodilla	rodilla, rodela	rodella -> rodilla	1629 Alarcón	1629-alarcon:000389	chimalli nauhcampa tzontecome	Traducción	lagarto rodella que tiene cuatro cabezas
candidate_spelling	roelas	1	roles	roles, rolas, roerás, rielas, rodelas	roelas -> roles	1571 Molina 1	1571-molina-1:007632	chiahuitl	Traducción	pulgón que roelas viñas
candidate_spelling	romear	1	momear	momear, rodear, romera, bromear, romea, romeas	romear -> momear	1780 ? Bnf_361	1780-bnf-361:016259	oppacuacua	Traducción	romear el ganado
candidate_spelling	rompidas	1	rompías	rompías	rompidas -> rompías	1571 Molina 2	1571-molina-2:021616	tlacocototzaliztli	Traducción	despedazamiento de mantas rompidas en muchas partes, o desmenuzamiento de algo
candidate_spelling	ronchero	1	roncero	roncero, ranchero	ronchero -> roncero	1780 ? Bnf_361	1780-bnf-361:019849	tencualpol	Traducción	ronchero
candidate_spelling	ropauegero	1	ropavejero	ropavejero	ropauegero -> ropavejero	1571 Molina 1	1571-molina-1:035034	tlanextlatiani	Traducción	ropauegero
candidate_spelling	roselina	1	resolana	resolana, resolvían	roselina -> resolana	2021 Wimmer	2021-wimmer:023531	molotototl	Traducción (es)	ornitología: roselina mexicana
candidate_spelling	roxos	1	rotos	rotos, rojos, romos, royos, rozos, roeos	roxos -> rotos	1571 Molina 2	1571-molina-2:006631	cuacocoztic	Traducción	persona de cabellos ruuios, o roxos
candidate_spelling	rozollo	1	zorollo	zorollo	rozollo -> zorollo	1780 ? Bnf_361	1780-bnf-361:007404	cuauhtlatlaza	Traducción	voltear un palo rozollo con los pies
candidate_spelling	rrana	1	araña	araña, rana, grana, Arana, ruana, roana	rrana -> araña	1598 Tezozomoc	1598-tezozomoc:000762	cueyatzin	Traducción	rrana preciada *ap
candidate_spelling	rraposa	1	raposa	raposa, traposa	rraposa -> raposa	1598 Tezozomoc	1598-tezozomoc:000631	coyotl	Traducción	rraposa
candidate_spelling	rrato	1	trato	trato, rato, trató, grato, reato	rrato -> trato	1598 Tezozomoc	1598-tezozomoc:001526	tenhuitequi	Traducción	dar alarido con boca y mano / dar un alarido de rrato en rrato
candidate_spelling	rrayos	1	rayos	rayos	rrayos -> rayos	1598 Tezozomoc	1598-tezozomoc:000196	tzitzimitl	Traducción	fantasma vivo, bajado de las nubes / dios de los aires [que] traía las lluvias, aguas, truenos, rrelánpagos, rrayos / ángel de aire *d
candidate_spelling	rrebelto	1	rebelo	rebelo, rebeló	rrebelto -> rebelo	1598 Tezozomoc	1598-tezozomoc:001468	tecozahuitl	Traducción	betún como aceite amarillo y negro rrebelto
candidate_spelling	rrecobrar	1	recobrar	recobrar	rrecobrar -> recobrar	1547 Olmos_V ?	1547-olmos-v:000872	inama	Traducción	cobrar o rrecobrar
candidate_spelling	rrecogedor	1	recogedor	recogedor	rrecogedor -> recogedor	1780 ? Bnf_361	1780-bnf-361:026193	tlamaololo	Traducción	arrobañador de algo o juntador y rrecogedor de muchas cosas confusamente
candidate_spelling	rrecoger	1	recoger	recoger	rrecoger -> recoger	1547 Olmos_V ?	1547-olmos-v:001224	nechicoa	Traducción	allegar o rrecoger
candidate_spelling	rregar	1	fregar	fregar, regar, bregar	rregar -> fregar	1547 Olmos_V ?	1547-olmos-v:001475	acelhuia	Traducción	rregar con la mano
candidate_spelling	rrelleno	1	relleno	relleno, rellenó	rrelleno -> relleno	1598 Tezozomoc	1598-tezozomoc:000139	totolquimilli	Traducción	bollo [a] manera de enpanada, rrelleno y revuelto de gallina o gallipabo
candidate_spelling	rrelumbra	1	relumbra	relumbra	rrelumbra -> relumbra	1598 Tezozomoc	1598-tezozomoc:000578	coatezcatl	Traducción	guante medio, con mucha plumería muy menudita que rrelumbra mucho
candidate_spelling	rrelánpagos	1	relámpagos	relámpagos	rrelánpagos -> relámpagos	1598 Tezozomoc	1598-tezozomoc:000196	tzitzimitl	Traducción	fantasma vivo, bajado de las nubes / dios de los aires [que] traía las lluvias, aguas, truenos, rrelánpagos, rrayos / ángel de aire *d
candidate_spelling	rremedial	1	remediar	remediar, remedia, remedar, remeda, remediada, remediado	rremedial -> remediar	1547 Olmos_V ?	1547-olmos-v:001104	manahuia	Traducción	ídem o rremedial
candidate_spelling	rremediar	1	remediar	remediar	rremediar -> remediar	1780 ? Bnf_361	1780-bnf-361:002477	tlayectiliztli	Traducción	remedio por rremediar
candidate_spelling	rresatiendo	1	resumiendo	resumiendo, restando, resistiendo, residiendo, resintiendo, resarciendo	rresatiendo -> resumiendo	1780 ? Bnf_361	1780-bnf-361:026606	tlanananquilia	Traducción	sonar rresatiendo el son
candidate_spelling	rresistencia	1	resistencia	resistencia	rresistencia -> resistencia	1598 Tezozomoc	1598-tezozomoc:000118	tonalayatl	Traducción	manta de henequén delgada para la rresistencia del gran sol y calor
candidate_spelling	rresuena	1	resuena	resuena	rresuena -> resuena	1598 Tezozomoc	1598-tezozomoc:000744	cuechtli	Traducción	sonaxera que rresuena como caxcabel bronco
candidate_spelling	rreyes	1	reyes	reyes, greyes	rreyes -> reyes	1598 Tezozomoc	1598-tezozomoc:001830	calmecac	Traducción	casa antigua de los rreyes / casa principal de los rreyes *t
candidate_spelling	rriquísima	1	riquísima	riquísima	rriquísima -> riquísima	1598 Tezozomoc	1598-tezozomoc:001355	quetzalmanalli	Traducción	plumería muy rriquísima
candidate_spelling	rriñe	1	reine	reine, riñe, trine, ruine	rriñe -> reine	1598 Tezozomoc	1598-tezozomoc:000374	yohualahua	Traducción	sacrificador de los que habían de morir sacrificados *af / [el] que rriñe de noche su nombre *d
candidate_spelling	rrolliso	1	rollizo	rollizo	rrolliso -> rollizo	1598 Tezozomoc	1598-tezozomoc:001615	teponaztli	Traducción	atabal consonante aconpañado [del tlalpanhuehuetl], rrolliso, hendido casi [a] la mitad de por medio, hueco de adentro, como de una vara de largo
candidate_spelling	rromance	1	romance	romance, romancee	rromance -> romance	1598 Tezozomoc	1598-tezozomoc:001097	mitotl	Traducción	mitote / areito / canto / rromance / baile
candidate_spelling	rromca	1	romea	romea	rromca -> romea	1598 Tezozomoc	1598-tezozomoc:000714	cuauhtlapitzalli	Traducción	flauta rromca
candidate_spelling	rromeria	1	romería	romería	rromeria -> romería	1780 ? Bnf_361	1780-bnf-361:025992	tlamacehuanenenqui	Traducción	romero que va en rromeria
candidate_spelling	rrosaa	1	rosa	rosa	rrosaa -> rosa	1598 Tezozomoc	1598-tezozomoc:000896	ichcaxochitl	Traducción	rrosaa blanca como el algodón
candidate_spelling	rroseada	1	rosada	rosada, resonad, resollad	rroseada -> rosada	1598 Tezozomoc	1598-tezozomoc:000300	xochiyaoyotl	Traducción	enemistad y guerra civil / guerra civil / batalla civil y gloriosa, rroseada, con flores, preciada plumería de muerte gloriosa, con alegría, en campo florida
candidate_spelling	rruegan	1	ruegan	ruegan	rruegan -> ruegan	1780 ? Bnf_361	1780-bnf-361:002634	tlayolpapatztililli	Traducción	blandeado, condesendiendo con los que le rruegan o piden algo
candidate_spelling	rrío	1	frío	frío, río, trío, crío, brío, arrío	rrío -> frío	1598 Tezozomoc	1598-tezozomoc:001345	quetzalatl	Traducción	fuente o rrío [de quetzal]
candidate_spelling	ruber	1	Rober	Rober, rubor, púber, Uber, Gruber	ruber -> Rober	2021 Wimmer	2021-wimmer:029892	quecholtototl	Traducción (es)	ornitología: flamenco rosado. phoenicopterus ruber l. michel gilonne 1997, 44
candidate_spelling	rubico	1	rubio	rubio, ubicó, rubricó, ubico, cúbico, rubrico	rubico -> rubio	2021 Wimmer	2021-wimmer:009923	chichiliuhqui	Traducción (es)	rubico, rojo, sonrojado
candidate_spelling	ruibaruo	1	ruibarbo	ruibarbo	ruibaruo -> ruibarbo	1571 Molina 2	1571-molina-2:023292	tlanelhuatl  +	Traducción	ruibaruo, o raíz para purgar,
candidate_spelling	ruma	1	luma	luma, roma, suma, ruta, rusa, rama	ruma -> luma	1571 Molina 1	1571-molina-1:014933	ixcoztic	Traducción	ruma cosa un poco
candidate_spelling	rumear	1	rumbear	rumbear, rumora, rumiar, humear	rumear -> rumbear	1780 ? Bnf_361	1780-bnf-361:016260	oppahuia	Traducción	rumear el ganado
candidate_spelling	ruuios	1	rubios	rubios, rucios	ruuios -> rubios	1571 Molina 2	1571-molina-2:006631	cuacocoztic	Traducción	persona de cabellos ruuios, o roxos
candidate_spelling	ruynes	1	ruines	ruines	ruynes -> ruines	1571 Molina 2	1571-molina-2:003160	xayacatia	Traducción	emmaxcararse con ruynes costumbres
candidate_spelling	ruyseñor	1	ruiseñor	ruiseñor	ruyseñor -> ruiseñor	1571 Molina 1	1571-molina-1:010582	cuicani tototl	Traducción	ruyseñor
candidate_spelling	ráncor	1	rencor	rencor	ráncor -> rencor	1571 Molina 2	1571-molina-2:019683	tetech ninoyolcocoa	Traducción	tener émbidia, enojo, pena, o ráncor contra alguno
candidate_spelling	sabeindas	1	sabiendas	sabiendas	sabeindas -> sabiendas	1780 ? Bnf_361	1780-bnf-361:021972	tetlatlacolnextiliztli	Traducción	descubrimiento de la culpa de otro a sabeindas
candidate_spelling	sabidores	1	sabedores	sabedores, salidores	sabidores -> sabedores	1571 Molina 2	1571-molina-2:011499	machiceque	Traducción	sabidores tales
candidate_spelling	sacantierra	1	sacantherra	sacantherra	sacantierra -> sacantherra	1571 Molina 2	1571-molina-2:022650	tlalcuihuayan	Traducción	lugar donde sacantierra
candidate_spelling	saciante	1	saciaste	saciaste, sacian, vaciante	saciante -> saciaste	2021 Wimmer	2021-wimmer:028415	papachihui	Traducción (es)	v.inanim., ser saciante, dar satisfacción
candidate_spelling	sacomanos	1	sazonamos	sazonamos, samoanos	sacomanos -> sazonamos	153? Trilingüe	153-trilingue:011585	tlanamoializtli	Traducción	robo de sacomanos
candidate_spelling	sacrada	1	sagrada	sagrada, sacada, sacaría, sacara, saciada, lacrada	sacrada -> sagrada	2021 Wimmer	2021-wimmer:033557	teopixcatlalia	Traducción (es)	ordenar a otro de orden sacrada
candidate_spelling	sacrifactor	1	sacrificador	sacrificador	sacrifactor -> sacrificador	2021 Wimmer	2021-wimmer:040341	tlamicti	Traducción (es)	sacrifactor
candidate_spelling	sacristanía	1	sacristía	sacristía, sacristanes	sacristanía -> sacristía	153? Trilingüe	153-trilingue:000956	tlentlatquitlatiloyan	Traducción	sacristanía lugar de lo sagrado
candidate_spelling	salareado	1	salariado	salariado	salareado -> salariado	17?? Bnf_362	17-bnf-362:005102	tlaquehualli	Traducción	mozo salareado; criada que sirve a jornal
candidate_spelling	salegado	1	alegado	alegado, Salgado	salegado -> alegado	1551-95 Documentos nahuas de la Ciudad de México	1551-95-documentos-nahuas-de-la-ciudad-de-mexico:001514	ixnamictica	Traducción	estar salegado
candidate_spelling	salia	1	Talía	Talía, salir, sabia, salía, salí, salta	salia -> Talía	17?? Bnf_362	17-bnf-362:001952	ezquiza	Traducción	salia sangre de cualquiera parte
candidate_spelling	salicet	1	saliste	saliste	salicet -> saliste	1780 ? Bnf_361	1780-bnf-361:016491	oztocayotl	Traducción	mineral cosa de minero; salicet, de cualquiera cosa que se saca debajo de la tierra
candidate_spelling	salinoso	1	salinos	salinos, salivoso, calinoso, salinos o	salinoso -> salinos	153? Trilingüe	153-trilingue:002619	chichiyo	Traducción	salinoso lleno de salina
candidate_spelling	salrise	1	salirse	salirse, salaries	salrise -> salirse	1547 Olmos_V ?	1547-olmos-v:001473	petoni	Traducción	salrise o desliciarse
candidate_spelling	saltación	1	salvación	salvación, salutación	saltación -> salvación	1780 ? Bnf_361	1780-bnf-361:014279	nenepantlapaloliztli	Traducción	saltación de uno a otro
candidate_spelling	saltero	1	soltero	soltero, salsero, santero, salero, salteó, salteo	saltero -> soltero	153? Trilingüe	153-trilingue:009778	tetlacuicuiliani	Traducción	saltero o montaraz
candidate_spelling	saltimbanque	1	saltimbanqui	saltimbanqui	saltimbanque -> saltimbanqui	2021 Wimmer	2021-wimmer:039609	tlallaxochiti	Traducción (es)	saltimbanque, malabarista
candidate_spelling	saluia	1	saluda	saluda, salía, salvia	saluia -> saluda	1571 Molina 1	1571-molina-1:016213	lo mismo	Traducción	saluia hierba conocida
candidate_spelling	salvage	1	salvaje	salvaje, salvare, salvaré, salvase	salvage -> salvaje	1780 ? Bnf_361	1780-bnf-361:007393	cuauhtlanenqui	Traducción	salvage
candidate_spelling	sambullo	1	zambullo	zambullo, zambulló	sambullo -> zambullo	1692 Guerra	1692-guerra:000664	popolaqui	Traducción	yo me hundo o sambullo
candidate_spelling	sambuyirse	1	zambulleres	zambulleres	sambuyirse -> zambulleres	17?? Bnf_362	17-bnf-362:003665	polactia	Traducción	hundirse o sambuyirse en lo hondo
candidate_spelling	sanctamente	1	santamente	santamente	sanctamente -> santamente	1571 Molina 2	1571-molina-2:004105	yecnemiliztica	Traducción	sanctamente
candidate_spelling	sanctiguar	1	santiguar	santiguar	sanctiguar -> santiguar	1571 Molina 1	1571-molina-1:027577	teochihua	Traducción	sanctiguar o echar bendición
candidate_spelling	sancudo	1	zancudo	zancudo, sacudo	sancudo -> zancudo	1765 Cortés y Zedeño	1765-cortes-y-zedeno:002944	moyotl	Traducción	mosquito sancudo
candidate_spelling	sanjas	1	sajas	sajas, santas, sanas, zanjas, saneas	sanjas -> sajas	17?? Bnf_362	17-bnf-362:004793	tlalana	Traducción	abrir sanjas
candidate_spelling	sans	1	san	san, fans, sana, sane, sano, sanas	sans -> san	1780 ? Bnf_361	1780-bnf-361:028241		Traducción	[sans traduction]
candidate_spelling	sarpollido	1	sarpullido	sarpullido	sarpollido -> sarpullido	1571 Molina 1	1571-molina-1:008218	chochopoca	Traducción	sarpollido estar
candidate_spelling	sasonar	1	asonar	asonar, sazonar	sasonar -> asonar	17?? Bnf_362	17-bnf-362:004992	camilihuia	Traducción	comenzar a madurar, o sasonar algún fruto; sazonarse las frutas
candidate_spelling	satia	1	satis	satis, tasia, sabia, sabía, salía, savia	satia -> satis	1780 ? Bnf_361	1780-bnf-361:026436	tlaminaliztli	Traducción	tiro de flecha o satia (?)
candidate_spelling	satisfecerse	1	satisfacerse	satisfacerse, satisficieres	satisfecerse -> satisfacerse	17?? Bnf_362	17-bnf-362:004449	teyolmaxiltia	Traducción	satisfecerse en materia de negocio
candidate_spelling	satyrico	1	satírico	satírico	satyrico -> satírico	1571 Molina 2	1571-molina-2:017739	tecococatlatoani	Traducción	hombre satyrico y desmandado en hablar
candidate_spelling	saumerio	1	sahumerio	sahumerio	saumerio -> sahumerio	17?? Bnf_362	17-bnf-362:003674	popochtli	Traducción	el perfumen o sahumerio; saumerio
candidate_spelling	save	1	sabe	sabe, saje, sale, nave, suave, cave	save -> sabe	1547 Olmos_V ?	1547-olmos-v:001054	machitoca	Traducción	confesar lo que save
candidate_spelling	saver	1	Sever	Sever, saber	saver -> Sever	2021 Wimmer	2021-wimmer:036420	cactlamamaniliani	Traducción (es)	saver, que repara el zapato
candidate_spelling	saviendas	1	sabiendas	sabiendas	saviendas -> sabiendas	1780 ? Bnf_361	1780-bnf-361:015520	noyollo iuh yauh	Traducción	a saviendas y de voluntad hacer algo
candidate_spelling	sebrepujar	1	sobrepuja	sobrepuja, sobrepujar, sobrepujan, sobrepujas, sobrepujare, sobrepujara	sebrepujar -> sobrepuja	1547 Olmos_V ?	1547-olmos-v:001417	panahuia	Traducción	sebrepujar [sobrepujar] a otro
candidate_spelling	secómpone	1	recompone	recompone	secómpone -> recompone	1571 Molina 2	1571-molina-2:013768	nechichihualiztli	Traducción	aparejo o aderezo del que secómpone y atavía
candidate_spelling	sedazo	1	pedazo	pedazo, dedazo, sedado, cedazo	sedazo -> pedazo	1692 Guerra	1692-guerra:000023	tlatzetzeloloni	Traducción	el sedazo
candidate_spelling	segazón	1	segaron	segaron, segasen	segazón -> segaron	153? Trilingüe	153-trilingue:007925	pipixquizpa	Traducción	segazón tiempo de segar
candidate_spelling	segdo	1	seudo	seudo, segó, sedó, segado, sedo	segdo -> seudo	1780 ? Bnf_361	1780-bnf-361:008856	ic occan quiza tlaxcalli	Traducción	segdo: pan
candidate_spelling	seguidro	1	seguidor	seguidor, seguido	seguidro -> seguidor	1780 ? Bnf_361	1780-bnf-361:018986	tehuihuitequilizmachiyotl	Traducción	seguidro de golpe, o de azolte
candidate_spelling	seguiudo	1	seguido	seguido	seguiudo -> seguido	1780 ? Bnf_361	1780-bnf-361:018955	tehuicani	Traducción	acompañador de otro que va caminando; seguiudo de el; acompañándolo
candidate_spelling	seguron	1	seguro	seguro, seguros, segaron	seguron -> seguro	153? Trilingüe	153-trilingue:012064	tlateconi	Traducción	hacha o seguron para cortar leña
candidate_spelling	seistear	1	sestear	sestear	seistear -> sestear	1780 ? Bnf_361	1780-bnf-361:007832	ellelquixtia	Traducción	seistear tener la siesta en algún lugar
candidate_spelling	selauo	1	sellado	sellado	selauo -> sellado	1571 Molina 2	1571-molina-2:012821	mohuahuatzqui	Traducción	el que se enxugo con lienzo después que selauo
candidate_spelling	semantera	1	sementera	sementera, sementare, semanera, sementara	semantera -> sementera	1629 Alarcón	1629-alarcon:000634	hueltiuh iztaccihuatl	Traducción	mi hermana blanca mujer (la semantera)
candidate_spelling	semble	1	sembré	sembré, temblé	semble -> sembré	153? Trilingüe	153-trilingue:002208	cen	Traducción	semble adverbio
candidate_spelling	semejansa	1	semejanza	semejanza	semejansa -> semejanza	17?? Bnf_362	17-bnf-362:002162	ichcatl	Traducción	algodón, esto también es la lana por la semejansa, y también el animal que la tiene; oveja
candidate_spelling	senbrada	1	sembrada	sembrada	senbrada -> sembrada	1780 ? Bnf_361	1780-bnf-361:001355	tlatoctli	Traducción	senbrada cosa como maíz, habas, o cosas semejantes
candidate_spelling	senbrar	1	sembrar	sembrar	senbrar -> sembrar	1547 Olmos_V ?	1547-olmos-v:000120	toca	Traducción	soterrar o senbrar
candidate_spelling	sencilles	1	sencillas	sencillas, sencillos, sencillez	sencilles -> sencillas	1780 ? Bnf_361	1780-bnf-361:005393	cemmaniliztli	Traducción	sencilles no dobladura
candidate_spelling	senogil	1	señoril	señoril, cenojil	senogil -> señoril	1571 Molina 2	1571-molina-2:014668	netlancuailpiloni	Traducción	senogil
candidate_spelling	sens	1	seis	seis, gens, seas, sets, seno, sena	sens -> seis	2021 Wimmer	2021-wimmer:034618	tequipachoa	Traducción (es)	v.t. tē-., entristecer a alguien, deprimirlo. / v.t. tla-., atormentar algo (propio de alguien). / v.impers., estamos en dolor, angustia. / v.refl., estar triste, preocupado. / v.refl., estar preocupado, sens pena, descontento
candidate_spelling	sentellar	1	dentellar	dentellar, centellar	sentellar -> dentellar	1780 ? Bnf_361	1780-bnf-361:002950	tlemoyotlchichitoca	Traducción	sentellar el fuego
candidate_spelling	sentible	1	sentidle	sentidle, sensible	sentible -> sentidle	1571 Molina 1	1571-molina-1:008944	com matini	Traducción	sentible cosa
candidate_spelling	sentiendo	1	entiendo	entiendo, sentido, sintiendo, sentando	sentiendo -> entiendo	153? Trilingüe	153-trilingue:010481	tlacaquiliztli	Traducción	oído sentiendo para oír
candidate_spelling	sentine	1	sentiré	sentiré, sentina, entine	sentine -> sentiré	2021 Wimmer	2021-wimmer:017904	acallaihyayaliztli	Traducción (es)	sentine, basura del barco
candidate_spelling	seraza	1	serrana	serrana, serrada, serraba, serrara	seraza -> serrana	1571 Molina 2	1571-molina-2:023155	camahuac	Traducción	cosa seraza de esta manera
candidate_spelling	serazo	1	serrano	serrano, serrado	serazo -> serrano	1571 Molina 2	1571-molina-2:023149	camahua	Traducción	pararse el maíz serazo, o casi del todo sazonado
candidate_spelling	serca	1	cerca	cerca, será, seria, sería, seca, terca	serca -> cerca	17?? Bnf_362	17-bnf-362:001354	chinamitl	Traducción	serco, o serca de cañas; vallado
candidate_spelling	sercado	1	mercado	mercado, cercado, secado, surcado, serrado, seriado	sercado -> mercado	17?? Bnf_362	17-bnf-362:001355	chinampan	Traducción	sercado de cañas
candidate_spelling	serco	1	serio	serio, cerco, terco, seco, serlo, surco	serco -> serio	17?? Bnf_362	17-bnf-362:001354	chinamitl	Traducción	serco, o serca de cañas; vallado
candidate_spelling	serda	1	Gerda	Gerda, será, seria, sería, senda, sorda	serda -> Gerda	1780 ? Bnf_361	1780-bnf-361:004145	tzomitl	Traducción	serda como de puerco, o de caballo lana de ovejas
candidate_spelling	serdas	1	serias	serias, serás, sendas, serías, cerdas, sedas	serdas -> serias	153? Trilingüe	153-trilingue:010197	textzetzelhuazoiloni	Traducción	cedazo de serdas
candidate_spelling	serrauia	1	serranía	serranía, serraría	serrauia -> serranía	153? Trilingüe	153-trilingue:009328	tepetla	Traducción	serrauia dieara montañesa
candidate_spelling	serrejantes	1	serenatas	serenatas, serenases, serenares	serrejantes -> serenatas	1780 ? Bnf_361	1780-bnf-361:021189	ca	Traducción	sembrar como maíz o havas o cosas serrejantes
candidate_spelling	serro	1	ferro	ferro, cerro, perro, serio, cerró, ferró	serro -> ferro	1692 Guerra	1692-guerra:000771	tepetl	Traducción	el serro
candidate_spelling	seruian	1	serían	serían, seguían, serian, servían, seruiano	seruian -> serían	1571 Molina 1	1571-molina-1:034006	tlamacazque	Traducción	ministros de satanás que seruian en los templos de los ídolos
candidate_spelling	sesas	1	Sebas	Sebas, esas, serás, seas, setas, sepas	sesas -> Sebas	153? Trilingüe	153-trilingue:003406	cuatetexquixtia ^	Traducción	desmeollar sacar las sesas
candidate_spelling	sesentalios	1	sesentavos	sesentavos	sesentalios -> sesentavos	1571 Molina 2	1571-molina-2:004283	yequimilli	Traducción	sesentalios o cargas de mantas, o sesenta mantas
candidate_spelling	setena	1	serena	serena, setenta, Selena, septena	setena -> serena	153? Trilingüe	153-trilingue:004449	icchicotlamantli	Traducción	setena parte
candidate_spelling	setenas	1	serenas	serenas, setentas, septenas	setenas -> serenas	1571 Molina 1	1571-molina-1:007905	chicopa ixquich tetlaxtlahuiltiliztli	Traducción	setenas penas del hurto
candidate_spelling	seteno	1	eteno	eteno, sereno, serenó, septeno	seteno -> eteno	1598 Tezozomoc	1598-tezozomoc:000247	ximmohuayan	Traducción	lugar y paraxe donde nadie sabe, en eterno olvido / valle eterno del olvido / seteno infierno *t
candidate_spelling	seulo	1	suelo	suelo, sello, serlo, selló, seudo, selo	seulo -> suelo	1780 ? Bnf_361	1780-bnf-361:025029	tlahuelmantli	Traducción	igual cosa como seulo, pared, o tabla
candidate_spelling	seve	1	sede	sede, leve, sele, sete, seme, reve	seve -> sede	17?? Bnf_362	17-bnf-362:005092	tlapopolhuiliztli	Traducción	perdón; indulgencia, ya seve que no tiene nombre propio, y ellos lo entienden castellanisado
candidate_spelling	sextón	1	sexto	sexto, sextos	sextón -> sexto	2021 Wimmer	2021-wimmer:033654	teotlatquipixqui	Traducción (es)	sextón
candidate_spelling	sexui	1	seguí	seguí	sexui -> seguí	17?? Bnf_362	17-bnf-362:003522	patlachhuia	Traducción	hacer pecado contra natura e jus dez sexui femines
candidate_spelling	señar	1	señor	señor, señal, soñar, señora, cenar, sonar	señar -> señor	1780 ? Bnf_361	1780-bnf-361:022899	titiquilnezcayotl	Traducción	señar de herida después de sana, o señales de hoyos de viruelas
candidate_spelling	sicilio	1	Sicilia	Sicilia, silicio	sicilio -> Sicilia	1571 Molina 2	1571-molina-2:022853	tlamacehualiztilmatli	Traducción	saco o sicilio, o otros vestidos para hacer penitencia
candidate_spelling	siergo	1	sirgo	sirgo, riesgo, siervo, siego, sierro, Siero	siergo -> sirgo	153? Trilingüe	153-trilingue:000535	castilla tochomitl	Traducción	siergo o seda
candidate_spelling	sierno	1	tierno	tierno, siervo, sierro, cierno, Siero	sierno -> tierno	1692 Guerra	1692-guerra:000083	tzetzeloa	Traducción	yo sierno
candidate_spelling	silicet	1	solicite	solicite, sílice	silicet -> solicite	1780 ? Bnf_361	1780-bnf-361:028109	achto nocihuauh	Traducción	primera mujer silicet, mía
candidate_spelling	silogisar	1	silogizar	silogizar	silogisar -> silogizar	1780 ? Bnf_361	1780-bnf-361:014121	nemilia	Traducción	imaginar; procurar; fabricar hacer por artificio; conciderar o tratar lo que se ha de hacer o decir; premeditar, y pensar lo que se ha de hacer; acordar o deliberar algo; tratar algún negocio; silogisar o discurrir con el pensamiento; especular; industrioso ser; inquirir o discurrir con el pensamient
candidate_spelling	similibus	1	similitud	similitud	similibus -> similitud	1571 Molina 1	1571-molina-1:017174	mazanacatl	Traducción	carne de venado; et sic de similibus
candidate_spelling	simons	1	sinos	sinos, Simons	simons -> sinos	2021 Wimmer	2021-wimmer:007938	yohuatlicue	Traducción (es)	b.bittmann simons cia 1972,234 da a yohuatlīcue como esposa de mixcōātl (el sexto día de quecholli)
candidate_spelling	sincelada	1	pincelada	pincelada, cincelada, sincerada	sincelada -> pincelada	1780 ? Bnf_361	1780-bnf-361:020212	teocuitlatlacuicuilolli	Traducción	cosa sincelada
candidate_spelling	sinsonte	1	sinsonete	sinsonete	sinsonte -> sinsonete	2021 Wimmer	2021-wimmer:014950	cuitlacochin	Traducción (es)	mazorca de maíz dañada por un hongo que vuelve las ganancias de color gris oscuro y deformes.sin embargo. / ornitología: sinsonte de pico curvo
candidate_spelling	sinstiento	1	sintiendo	sintiendo	sinstiento -> sintiendo	1571 Molina 2	1571-molina-2:009689	ilihuiz  +	Traducción	sinstiento, sin consideración sin estimación, o por ahí como quiera. adverbio
candidate_spelling	sintir	1	sentir	sentir, sintió	sintir -> sentir	1547 Olmos_V ?	1547-olmos-v:001365	ommati	Traducción	sintir algo
candidate_spelling	sintura	1	pintura	pintura, cintura, tintura	sintura -> pintura	1692 Guerra	1692-guerra:000909	tlapitzahuayan	Traducción	la sintura
candidate_spelling	sniff	1	sin	sin, snif, sino	sniff -> sin	2021 Wimmer	2021-wimmer:001860	tlatzomia	Traducción (es)	v.i., sniff. / v.t. tla-., soplar, maullar, hablar del gato, etc. gato, o cosa semejante
candidate_spelling	snooze	1	sonde	sonde	snooze -> sonde	2021 Wimmer	2021-wimmer:011616	cocochtica	Traducción (es)	v.i., snooze, doze. / v.i., dormitar, o cabecear de sueño
candidate_spelling	soberadar	1	sobrenadar	sobrenadar	soberadar -> sobrenadar	153? Trilingüe	153-trilingue:011173	calnepanolchihua	Traducción	soberadar
candidate_spelling	soberado	1	soberano	soberano, sobrado, sobrenado	soberado -> soberano	153? Trilingüe	153-trilingue:011179	calnepanolli	Traducción	soberado
candidate_spelling	sobina	1	sobran	sobran, sobrina, Sabina, bobina, lobina	sobina -> sobran	153? Trilingüe	153-trilingue:010820	tlacuamintli	Traducción	sobina clavo de madera
candidate_spelling	sobir	1	subir	subir, sobrio, sobria	sobir -> subir	1547 Olmos_V ?	1547-olmos-v:000102	tlecahuia	Traducción	sobir algo en alto
candidate_spelling	sobrepujal	1	sobrepuja	sobrepuja, sobrepujan, sobrepujas, sobrepujar, sobrepujad	sobrepujal -> sobrepuja	1547 Olmos_V ?	1547-olmos-v:001416	panahuia	Traducción	sobrepujal a otro
candidate_spelling	sobrepujanolo	1	sobrepujando	sobrepujando	sobrepujanolo -> sobrepujando	1780 ? Bnf_361	1780-bnf-361:016633	panhuetztica	Traducción	estar encima sobrepujanolo a otros
candidate_spelling	sobrevia	1	soberbia	soberbia, sobreviva	sobrevia -> soberbia	1780 ? Bnf_361	1780-bnf-361:014458	nepouhcatlatoliztli	Traducción	sobrevia en la habla
candidate_spelling	sobstituto	1	substituto	substituto, substitutos, substituyo, substituta	sobstituto -> substituto	1780 ? Bnf_361	1780-bnf-361:025645	calpixcatilia	Traducción	sobstituto ser de alguno, o puesto en su lugar, conforme al oficio que tiene, como de tlatoani
candidate_spelling	socarena	1	socarrena	socarrena	socarena -> socarrena	1780 ? Bnf_361	1780-bnf-361:006603	acoyoctli	Traducción	socarena de agua
candidate_spelling	sociego	1	sosiego	sosiego	sociego -> sosiego	1780 ? Bnf_361	1780-bnf-361:025735	tlalia, acan	Traducción	no tener sociego ni reposo andando de acá para allá
candidate_spelling	socrourou	1	socorro	socorro, socorros	socrourou -> socorro	2021 Wimmer	2021-wimmer:022490	metzcanauhtli	Traducción (es)	ornitología: cerceta socrourou
candidate_spelling	sofrir	1	sufrir	sufrir, sofreír, sofrío, sofrió, sofríe, sofría	sofrir -> sufrir	1547 Olmos_V ?	1547-olmos-v:001389	paccaihiyohuia	Traducción	sofrir paciente
candidate_spelling	sojusgar	1	sojuzgar	sojuzgar	sojusgar -> sojuzgar	1780 ? Bnf_361	1780-bnf-361:016606	panahuia	Traducción	sobrar sobre pujando; aventajar, o sobre pujar a otro; vencer; pasar a los delanteros que caminan; pasarse de largo; sojusgar; pasar a otro en barca, o a cuestas de la otra parte del río; sojusgar a otro venciéndolo, y sobrepujarlo. *
candidate_spelling	soladada	1	soldada	soldada, soldadas, solapada, solazada, solidada	soladada -> soldada	1780 ? Bnf_361	1780-bnf-361:002342	tlaxtlahuilli	Traducción	acortamiento o soladada, estipendio, salario
candidate_spelling	solitamente	1	solamente	solamente, sólidamente, solícitamente	solitamente -> solamente	153? Trilingüe	153-trilingue:001499	ūzaiehyo	Traducción	solitamente
candidate_spelling	sollosando	1	sollozando	sollozando	sollosando -> sollozando	1780 ? Bnf_361	1780-bnf-361:004104	tzitzicunoliztica	Traducción	sollosando. adverbio
candidate_spelling	sollosar	1	sollozar	sollozar	sollosar -> sollozar	1780 ? Bnf_361	1780-bnf-361:004102	tzitzicunoa	Traducción	sollosar llorando
candidate_spelling	soltarsele	1	soltares	soltares, soltárselo	soltarsele -> soltares	2021 Wimmer	2021-wimmer:040273	camacahua	Traducción (es)	v.t. tla-., con pref.obj.definido. / v.t. tla-., dejar escapar (una palabra), dejar escapar alguna palabra que a uno no le gustaría haber dicho. / v.t. tla-., soltarsele alguna palabra la cual no quisiera haber dicho
candidate_spelling	soman	1	toman	toman, suman, coman, doman, Román, soma	soman -> toman	17?? Bnf_362bis	17-bnf-362bis:000022	cauh	Traducción	terminación, (compuesta de la ligatura ca, y de la terminación uh), que los verbos en qui, y en ni soman cuando se juntan con los semipronombres posesivos no, mo, i etc
candidate_spelling	sometico	1	sometido	sometido, sometió, somático	sometico -> sometido	1571 Molina 1	1571-molina-1:010646	cuilompole	Traducción	llamar a alguno de sometico
candidate_spelling	somptuosa	1	somptuosya	somptuosya	somptuosa -> somptuosya	1780 ? Bnf_361	1780-bnf-361:005539	yeyecquetza	Traducción	ataviarse somptuosa y vanamente
candidate_spelling	sonaxera	1	sonadera	sonadera	sonaxera -> sonadera	1598 Tezozomoc	1598-tezozomoc:000744	cuechtli	Traducción	sonaxera que rresuena como caxcabel bronco
candidate_spelling	sonbrero	1	sobrero	sobrero, sombrero	sonbrero -> sobrero	1598 Tezozomoc	1598-tezozomoc:000636	cuaapaz	Traducción	sonbrero grande
candidate_spelling	sortílegos	1	sortilegios	sortilegios	sortílegos -> sortilegios	1579 Durán	1579-duran:000355	tequitque	Traducción	"hechiceros, sortílegos. ""los del venerable oficio"""
candidate_spelling	soruida	1	sórdida	sórdida, sorbida	soruida -> sórdida	1571 Molina 2	1571-molina-2:022785	tlaltectli	Traducción	cosa soruida
candidate_spelling	soterar	1	soterrar	soterrar	soterar -> soterrar	1547 Olmos_V ?	1547-olmos-v:000121	toca	Traducción	sembrar o soterar
candidate_spelling	souajadas	1	sobajadas	sobajadas	souajadas -> sobajadas	1571 Molina 2	1571-molina-2:023034	tlamatzohualli	Traducción	tortillas dobladas, plegadas o souajadas
candidate_spelling	sovervia	1	soberbia	soberbia	sovervia -> soberbia	17?? Bnf_362	17-bnf-362:003048	nechachamahualiztli	Traducción	vana gloria, y sovervia
candidate_spelling	sovervio	1	soberbio	soberbio	sovervio -> soberbio	17?? Bnf_362	17-bnf-362:001246	chachamahua	Traducción	ser vano, o sovervio
candidate_spelling	sovo	1	solo	solo, soto, soso, sobo, Novo, ovo	sovo -> solo	1780 ? Bnf_361	1780-bnf-361:025913	tlaltequiliztontli	Traducción	sorvito sovo pequeño
candidate_spelling	soñable	1	sonarle	sonarle, sondable	soñable -> sonarle	1780 ? Bnf_361	1780-bnf-361:013368	nahuatini	Traducción	soñable cosa
candidate_spelling	soñolento	1	soñoliento	soñoliento	soñolento -> soñoliento	1571 Molina 1	1571-molina-1:008656	cochmiquini	Traducción	soñolento
candidate_spelling	statim	1	static	static	statim -> static	17?? Bnf_362bis	17-bnf-362bis:000598	niman	Traducción	luego, al punto. statim, illico
candidate_spelling	stein	1	siete	siete, Stein	stein -> siete	2021 Wimmer	2021-wimmer:036167	tezcatzintli	Traducción (es)	nombre de un instrumento musical de percusión. (klangplatte aus stein). sga ii 1102. / honorífico sobre tezcatl, espejo. / diminutivo de tezcatl, espejito
candidate_spelling	stio	1	sito	sito, sitio	stio -> sito	1765 Cortés y Zedeño	1765-cortes-y-zedeno:002361	iuhqui  +	Traducción	stio poner así
candidate_spelling	studioso	1	estudioso	estudioso, studios, studios o	studioso -> estudioso	1595 Rincón	1595-rincon:000440	nemachtile	Traducción	studioso de alguna cosa
candidate_spelling	subbase	1	súbase	súbase, subtes	subbase -> súbase	2021 Wimmer	2021-wimmer:010080	chico	Traducción (es)	por un lado. / expresión: uno al lado del otro; déjala a un lado; torcidamente, al revés, mal, irregularmente, desigualmente, de mala gana; en numeración, o mejor, subbase
candidate_spelling	subditamente	1	súbitamente	súbitamente, subidamente	subditamente -> súbitamente	153? Trilingüe	153-trilingue:001395	tzomoctica	Traducción	subditamente
candidate_spelling	subjection	1	sujeción	sujeción	subjection -> sujeción	1571 Molina 2	1571-molina-2:020068	tetlancalaquiliztli	Traducción	sometimiento, o subjection tal
candidate_spelling	subjetos	1	sujetos	sujetos	subjetos -> sujetos	1571 Molina 2	1571-molina-2:023680	tlapacholtin	Traducción	subditos, subjetos, regidos y gouernados
candidate_spelling	subsequente	1	subsecuente	subsecuente	subsequente -> subsecuente	17?? Bnf_362bis	17-bnf-362bis:000636	oc ye	Traducción	mas, comparativo. vide achi mas comparativo el yê aviva mucho la comparación, porque es adversivo o otra cosa antecedente, o subsequente
candidate_spelling	substansía	1	substancia	substancia	substansía -> substancia	17?? Bnf_362	17-bnf-362:000937	yeliztli	Traducción	substansía o esencia de la cosa
candidate_spelling	substener	1	substraer	substraer	substener -> substraer	1780 ? Bnf_361	1780-bnf-361:028048	tlaquetzalmimilli	Traducción	pilar de madera para substener
candidate_spelling	subtil	1	sutil	sutil	subtil -> sutil	1780 ? Bnf_361	1780-bnf-361:003327	tomitl	Traducción	pelo como bello subtil
candidate_spelling	succeciva	1	sucesiva	sucesiva	succeciva -> sucesiva	1780 ? Bnf_361	1780-bnf-361:022230	tetoquili	Traducción	succeciva cosa que sucede
candidate_spelling	succesor	1	sucesor	sucesor	succesor -> sucesor	1780 ? Bnf_361	1780-bnf-361:016164	ontetoquiliani	Traducción	succesor de otro
candidate_spelling	succesores	1	sucesores	sucesores	succesores -> sucesores	1565 Sahagún Escolios	1565-sahagun-escolios:000727	izte	Traducción	cosa que tiene uñas o persona que tiene succesores
candidate_spelling	suno	1	uno	uno, sino, puno, subo, sumo, seno	suno -> uno	1780 ? Bnf_361	1780-bnf-361:011065	iztactolin	Traducción	suno* gordo y largo
candidate_spelling	sunplemente	1	suplemento	suplemento	sunplemente -> suplemento	1780 ? Bnf_361	1780-bnf-361:011902	melahuaca	Traducción	a derechas, sunplemente sin dobles; justamente; o derechamente
candidate_spelling	suparte	1	sumarte	sumarte, sudarte	suparte -> sumarte	1571 Molina 2	1571-molina-2:003201	ceceyaca totechaciz intotlaxtlahuil	Traducción	a cada uno cabra suparte, o cada cual recibirá su premio
candidate_spelling	superfativo	1	superlativo	superlativo	superfativo -> superlativo	17?? Bnf_362bis	17-bnf-362bis:000053	cemaci	Traducción	verbo. ser cabal y perfecto, y sirve de superfativo
candidate_spelling	suplimento	1	suplemento	suplemento	suplimento -> suplemento	1780 ? Bnf_361	1780-bnf-361:020558	tepantlayecoliztli	Traducción	suplimento de lo que falta
candidate_spelling	surianos	1	súrtanos	súrtanos, súrcanos	surianos -> súrtanos	1580 Sahagún/Máynez	1580-sahagun-maynez:000510	centzontotochtin inteopan	Traducción	su templo de los cuatrocientos surianos
candidate_spelling	sursir	1	surgir	surgir, surtir	sursir -> surgir	1765 Cortés y Zedeño	1765-cortes-y-zedeno:002339	itzoma	Traducción	sursir, o coser
candidate_spelling	susceder	1	suceder	suceder	susceder -> suceder	1629 Alarcón	1629-alarcon:000723	icxihuia	Traducción	susceder alguna desgracia con los lazos
candidate_spelling	susios	1	sustos	sustos, subíos, sumíos	susios -> sustos	17?? Bnf_362	17-bnf-362:000249	tlazolnacatl	Traducción	hongo, los susios
candidate_spelling	sustener	1	sostener	sostener	sustener -> sostener	1571 Molina 1	1571-molina-1:036060	tlaquetzalmimilli	Traducción	pilar de madera para sustener
candidate_spelling	sustenes	1	sostenes	sostenes, suspense, sustentes	sustenes -> sostenes	1571 Molina 2	1571-molina-2:020446	tetzontia	Traducción	atesorar o guardar hacienda para adelante o poner sustenes a la tinaja o botija, para que no se derrame, o poner cimiento de piedra y cal a la pared, que sobre el se ha de edificar
candidate_spelling	sustentora	1	sustentar	sustentar, sustentara, sustentará, sustentaron	sustentora -> sustentar	1629 Alarcón	1629-alarcon:000639	hueltiuh tonacacihuatl	Traducción	hermana nuestro mantenimiento / hermana que es el mantenimiento de / hermana, la diosa xochiquetzal, la diosa del sustento / hermana, mujer sustentora
candidate_spelling	suzia	1	suiza	suiza, sucia, Suiza, subía, sumía	suzia -> suiza	2021 Wimmer	2021-wimmer:020014	ixtetzocuitlaihui	Traducción (es)	v.i., tener la cara sucia. / v.i., tener suzia la cara
candidate_spelling	svplir	1	suplir	suplir	svplir -> suplir	1571 Molina 2	1571-molina-2:023331	tlanemachililoni	Traducción	cosa para cumplir, o svplir faltas
candidate_spelling	swell	1	selle	selle, well	swell -> selle	2021 Wimmer	2021-wimmer:003589	tomolihui	Traducción (es)	v.inanim., swell
candidate_spelling	sálvanse	1	salvajes	salvajes, salvase, salvases, salvares	sálvanse -> salvajes	1571 Molina 2	1571-molina-2:014111	nemaquixtilo	Traducción	libranse, o sálvanse todos
candidate_spelling	súbditamente	1	súbitamente	súbitamente	súbditamente -> súbitamente	153? Trilingüe	153-trilingue:001380	tzomactica	Traducción	súbditamente
candidate_spelling	tabernerar	1	tabernera	tabernera, taberneras	tabernerar -> tabernera	1780 ? Bnf_361	1780-bnf-361:015669	ocnamaca	Traducción	tabernerar; tabernero, o tavernera
candidate_spelling	tacatia	1	tacita	tacita, tacitas	tacatia -> tacita	2021 Wimmer	2021-wimmer:026061	netacatilo	Traducción (es)	pasivo, on tacatia (?), ser dejado a un lado
candidate_spelling	tahtia	1	Tahití	Tahití	tahtia -> Tahití	2021 Wimmer	2021-wimmer:026063	netatilo	Traducción (es)	v.impers., en tahtia, lo tomamos por padre
candidate_spelling	tallustre	1	talaste	talaste, tallaste	tallustre -> talaste	1571 Molina 2	1571-molina-2:001815	tlaztaliani	Traducción	el que da el tallustre, o hace blanco algo
candidate_spelling	talparte	1	taparte	taparte, tallarte	talparte -> taparte	1571 Molina 2	1571-molina-2:017051	quexquichca?	Traducción	que tanto trecho aura hasta talparte? preguntando. adverbio
candidate_spelling	tamale	1	tamales	tamales, tamal, ámale, Tamale, tamal e	tamale -> tamales	2021 Wimmer	2021-wimmer:009561	chalchiuhtamalli	Traducción (es)	tamale 'jade', también llamado huauhquiltamalli
candidate_spelling	tanboril	1	tamboril	tamboril	tanboril -> tamboril	1598 Tezozomoc	1598-tezozomoc:000389	yopihuehuetl	Traducción	tamborcillo / tanboril de alegría *ap
candidate_spelling	tantalus	1	tantalum	tantalum	tantalus -> tantalum	2021 Wimmer	2021-wimmer:013136	cuapetlahuac	Traducción (es)	ornitología: tantalus americano
candidate_spelling	tantisper	1	transitare	transitare	tantisper -> transitare	17?? Bnf_362bis	17-bnf-362bis:000628	oc	Traducción	por ahora, entretanto, en el interin, un poquito latin. tantisper
candidate_spelling	tarazón	1	tararon	tararon, tarasen	tarazón -> tararon	1571 Molina 2	1571-molina-2:005195	centlatectli tocino	Traducción	un jamón de tocino, o un pedazo de alguna cosa, una rebanada de algo, o una rueda o tarazón de pescado
candidate_spelling	tardadro	1	tardado	tardado	tardadro -> tardado	1780 ? Bnf_361	1780-bnf-361:022305	tetzicoani	Traducción	detenedor de otro; õ tardadro de otro
candidate_spelling	tarreñas	1	tareas	tareas, terrenas, barrenas	tarreñas -> tareas	153? Trilingüe	153-trilingue:008370	castillan ayacochtli	Traducción	tarreñas chapas para tañer
candidate_spelling	tartaleta	1	tartajea	tartajea	tartaleta -> tartajea	2021 Wimmer	2021-wimmer:019428	ixcuecuechtic	Traducción (es)	tomado, coagulado, cuajado, cuya superficie se recubre con una tartaleta
candidate_spelling	tartaroso	1	tártaros	tártaros, tartajoso	tartaroso -> tártaros	17?? Bnf_362	17-bnf-362:001384	chochen	Traducción	tartaroso (con tártaro)
candidate_spelling	tasadose	1	tasado	tasado, tasados, tasados e	tasadose -> tasado	1780 ? Bnf_361	1780-bnf-361:001327	tlatocayotiani	Traducción	estidose tasadose
candidate_spelling	tasechar	1	asechar	asechar, trasechar	tasechar -> asechar	1780 ? Bnf_361	1780-bnf-361:013309	nahuallacaqui	Traducción	tasechar escuchando
candidate_spelling	tassar	1	tasar	tasar, tascar	tassar -> tasar	2021 Wimmer	2021-wimmer:028634	patiyotlalia	Traducción (es)	v.i., impuesto, arancel, fijar el precio de una cosa. / v.i., poner precio a lo que se vende, o tassar precio. / v.t. tla-., fijar el precio de una cosa
candidate_spelling	tatado	1	tratado	tratado, tapado, matado, atado, tasado, catado	tatado -> tratado	1780 ? Bnf_361	1780-bnf-361:025217	tlaihiopacholli	Traducción	el tatado el huelgo, el que tiene por otro tapado el huelgo, el aliento
candidate_spelling	tavano	1	tamaño	tamaño, tacaño, tábano	tavano -> tamaño	1780 ? Bnf_361	1780-bnf-361:019652	teminaliztli	Traducción	picada como avispa, o tavano
candidate_spelling	tavernera	1	tabernera	tabernera	tavernera -> tabernera	1780 ? Bnf_361	1780-bnf-361:015669	ocnamaca	Traducción	tabernerar; tabernero, o tavernera
candidate_spelling	taón	1	gaón	gaón, tan, tapón, talón, tazón, tacón	taón -> gaón	2021 Wimmer	2021-wimmer:027501	oltetzcan	Traducción (es)	taón. finca de pasto 1903,290
candidate_spelling	tecaneua	1	tenacea	tenacea	tecaneua -> tenacea	1571 Molina 2	1571-molina-2:007868	ehua, tehuicn	Traducción	lo mismo es que tecaneua
candidate_spelling	tecanman	1	tenacean	tenacean	tecanman -> tenacean	1580 Sahagún/Máynez	1580-sahagun-maynez:001677	tecamman teohua	Traducción	"""el sacerdote de tecanman"" (en la boca)"
candidate_spelling	tecelh	1	tecleo	tecleo, teclea, tecleó, tecleen, teclees, teclee	tecelh -> tecleo	1547 Olmos_G	1547-olmos-g:000107	cel	Traducción	yo solo; tecelh no se dice
candidate_spelling	techi	1	tech	tech, Bechí, techo, teche, techa, techó	techi -> tech	1759 Paredes	1759-paredes:000510	chihua	Traducción	engendrar / concebir / dañar / techchihualtizque se debe pronunciar techi
candidate_spelling	techpan	1	techan	techan	techpan -> techan	17?? Bnf_362bis	17-bnf-362bis:000675	pan	Traducción	vide cuitlapan. icpac techpan
candidate_spelling	telo	1	Otelo	Otelo, Gelo, tela, pelo, tele, temo	telo -> Otelo	1571 Molina 2	1571-molina-2:004291	yeteticmati	Traducción	allá telo ha, mira tu lo que conviene
candidate_spelling	temoa	1	tema	tema, temor, temo, temía, temo a	temoa -> tema	2021 Wimmer	2021-wimmer:032476	temolo	Traducción (es)	v. pasivo sobre temoa, buscarse
candidate_spelling	temocate	1	tecomate	tecomate, tecomates	temocate -> tecomate	1598 Tezozomoc	1598-tezozomoc:001461	tecomatillo	Traducción	"tecomatillo / ""pequeño temocate"""
candidate_spelling	tempestadd	1	tempestad	tempestad	tempestadd -> tempestad	1780 ? Bnf_361	1780-bnf-361:006561	acomana	Traducción	alterarse, o alborotarse la gente que está ayuntada, o turbarse el agua con tempestadd de viento
candidate_spelling	templnza	1	templanza	templanza	templnza -> templanza	1780 ? Bnf_361	1780-bnf-361:024397	tlacualizcahualtia	Traducción	dieta o templnza tener en el comer
candidate_spelling	tempus	1	tempos	tempos	tempus -> tempos	153? Trilingüe	153-trilingue:005790	matlacilhuicayotl	Traducción	diez días tempus
candidate_spelling	tenanca	1	enanca	enanca	tenanca -> enanca	2021 Wimmer	2021-wimmer:032633	tenancayotl	Traducción (es)	la nación tenanca
candidate_spelling	tenaxa	1	tenaza	tenaza, texana	tenaxa -> tenaza	17?? Bnf_362	17-bnf-362:001527	comitl	Traducción	olla; jarro, mas usan corrompido el castellano diciendo xallo; tinaja, esto es cántaro, y ya corruptamente llaman tenaxa
candidate_spelling	tenazar	1	tenazas	tenazas, tenaza, atenazar	tenazar -> tenazas	153? Trilingüe	153-trilingue:009424	tepozcacalohuia	Traducción	tenazar con tenazas
candidate_spelling	tenbrar	1	temblar	temblar	tenbrar -> temblar	1547 Olmos_V ?	1547-olmos-v:001948	tlantzitzilitza	Traducción	tenbrar [temblar] de frío los dientes
candidate_spelling	tendidura	1	tendida	tendida, hendidura, tendiera, tendedera, tundidura	tendidura -> tendida	1780 ? Bnf_361	1780-bnf-361:000318	tlatetehuanaliztli	Traducción	tendidura de lo encogido
candidate_spelling	tenebregosa	1	tenebrosa	tenebrosa	tenebregosa -> tenebrosa	1780 ? Bnf_361	1780-bnf-361:012324	mixtecomacyo	Traducción	nublosa cosa; tenebregosa
candidate_spelling	tenera	1	tener	tener, tendrá, genera, ternera, tetera, tentar	tenera -> tener	1780 ? Bnf_361	1780-bnf-361:026030	tlamachiyotilli	Traducción	señalado de esta tenera(!) yo(!)ataduras en la carne
candidate_spelling	tenermala	1	tenérmela	tenérmela, tenermaíla	tenermala -> tenérmela	1571 Molina 2	1571-molina-2:017538	teca  +	Traducción	echarse sobre otros, o tenermala fama
candidate_spelling	tenesmo	1	tensemos	tensemos	tenesmo -> tensemos	2021 Wimmer	2021-wimmer:026172	netititzaliztli	Traducción (es)	tenesmo; cansancio, deseo doloroso de defecar
candidate_spelling	teneua	1	tenue	tenue, tenues	teneua -> tenue	1780 ? Bnf_361	1780-bnf-361:019877	tenehuilia	Traducción	applic. teneua 3ª. relación p.83
candidate_spelling	tenientie	1	teniente	teniente	tenientie -> teniente	1780 ? Bnf_361	1780-bnf-361:005193	yaocallapixqui	Traducción	tenientie de fortaleza
candidate_spelling	tenplo	1	templo	templo, tenlo, templó	tenplo -> templo	1598 Tezozomoc	1598-tezozomoc:000573	coatcocalli	Traducción	tenplo de dios nuevo
candidate_spelling	tenta	1	tenia	tenia, tanta, tenía, tenga, venta, renta	tenta -> tenia	17?? Bnf_362	17-bnf-362:004465	tiamicoyan	Traducción	feria plaza, o mercado, aquí suelen decir tenta
candidate_spelling	tento	1	tengo	tengo, tanto, Trento, lento, texto, tinto	tento -> tengo	1571 Molina 2	1571-molina-2:004166	yehuailhuia	Traducción	estar a tento
candidate_spelling	tepanecs	1	tenaces	tenaces	tepanecs -> tenaces	2021 Wimmer	2021-wimmer:009076	centepanecaitoa	Traducción (es)	v.refl., a todos se les llama tepanecs juntos
candidate_spelling	tepicme	1	Tepic	Tepic	tepicme -> Tepic	2021 Wimmer	2021-wimmer:034098	tepiccuica	Traducción (es)	v.i., cantan en honor del tepicme
candidate_spelling	tepisque	1	tapisque	tapisque, tapisqué	tepisque -> tapisque	1551-95 Documentos nahuas de la Ciudad de México	1551-95-documentos-nahuas-de-la-ciudad-de-mexico:002659	tepixqui	Traducción	mayoral de barrio / tepisque
candidate_spelling	tepotz	1	topes	topes, topete, topetes, topeta, topetas, topetee	tepotz -> topes	1645 Carochi	1645-carochi:002328	tepotzotecatl	Traducción	natural de tepotzòtlän
candidate_spelling	teregoso	1	terregoso	terregoso	teregoso -> terregoso	1780 ? Bnf_361	1780-bnf-361:025928	tlalteyo	Traducción	teregoso lleno de terrones
candidate_spelling	ternecica	1	tercena	tercena, tercenista	ternecica -> tercena	1579 Durán	1579-duran:000045	xilonen	Traducción	la que anduvo y permaneció como jilote, ternecica. la que permaneció doncella y sin pecado. la que anduvo delicadita y tierna, como mazorca ternecita y fresca
candidate_spelling	ternillosa	1	tornillos	tornillos, treintas, trencillas, tresillos, trencillos, trefilas	ternillosa -> tornillos	1571 Molina 2	1571-molina-2:002625	cecelicayo	Traducción	cosa ternillosa
candidate_spelling	terrezno	1	terreno	terreno, torrezno, perrezno	terrezno -> terreno	153? Trilingüe	153-trilingue:001261	tozinochiahuacayotl	Traducción	pingüe de terrezno
candidate_spelling	tesorar	1	atesorar	atesorar, tesorera	tesorar -> atesorar	153? Trilingüe	153-trilingue:010100	teuchuitlatetzontia	Traducción	tesorar
candidate_spelling	testamente	1	testamento	testamento	testamente -> testamento	1780 ? Bnf_361	1780-bnf-361:013426	nanahuatia	Traducción	mancha, hacer testamente
candidate_spelling	teucalli	1	tecali	tecali	teucalli -> tecali	1571 Molina 1	1571-molina-1:027708	teopan	Traducción	perrochia, teucalli
candidate_spelling	texerla	1	tenerla	tenerla, temerla	texerla -> tenerla	1571 Molina 2	1571-molina-2:003283	xiotl	Traducción	empeine, o sarna, o lizo para urdir tela y texerla
candidate_spelling	texidas	1	tenidas	tenidas, tejidas, temidas, teñidas, tedias	texidas -> tenidas	1571 Molina 2	1571-molina-2:016446	petlacalli	Traducción	petaca a manera de arca que hacen de cañas texidas
candidate_spelling	texo	1	tex	tex, texto, temo, nexo, teso, tejo	texo -> tex	1547 Olmos_G	1547-olmos-g:000433	iquiti	Traducción	yo texo
candidate_spelling	three	1	tire	tire, tare, toree, toreé	three -> tire	2021 Wimmer	2021-wimmer:015951	exiuhtia	Traducción (es)	v.i., be three years old. / v.i., tardar o detenerse tres años en alguna parte. / v.i., este niño ya tiene tres años
candidate_spelling	ticto	1	tinto	tinto, tacto, Tito, dictó, tico, dicto	ticto -> tinto	2021 Wimmer	2021-wimmer:007550	yayahualhuitimani	Traducción (es)	v.bitrans. ticto-., ser numerosos en torno a una persona de calidad, rodearla, acompañarla
candidate_spelling	tiem	1	time	time	tiem -> time	1645 Carochi	1645-carochi:000385	ye	Traducción	ya / çan ~ nö ihui, de la misma manera / (çan ~) nö iuh, de la misma manera / ca ~, ya / çan ~ nö iuhqui, de la misma manera / çan ~ nö, mismo / (in) ~ nechca, tiempos pasados / (in) ~ nëpa, tiempos pasados / ~ huècauh, antiguo / ~ imman, ya es hora / ~ imman, ya es tiempo / ~ imonequiän, ya es tiem
candidate_spelling	tiemo	1	tiempo	tiempo, temo, tieso, timó, fiemo, ciemo	tiemo -> tiempo	17?? Bnf_362bis	17-bnf-362bis:000834	ca huel immam	Traducción	ya es buena hora, tiemo, ocasión
candidate_spelling	tiempla	1	tiembla	tiembla, templa	tiempla -> tiembla	1565 Sahagún Escolios	1565-sahagun-escolios:000528	huihuixcani	Traducción	persona que tiempla de viejo
candidate_spelling	tieneen	1	tienen	tienen, tienden, tienten	tieneen -> tienen	1571 Molina 2	1571-molina-2:016292	atle ipam motta	Traducción	cosa vil, que nose estima ni tieneen nada
candidate_spelling	tienso	1	pienso	pienso, tiendo, tenso, tiento, tiernos, tensó	tienso -> pienso	17?? Bnf_362bis	17-bnf-362bis:000875	tlamach  +	Traducción	poco a poco, despacio, con tienso, quedito, mansa y pacíficamente
candidate_spelling	tientio	1	tiento	tiento	tientio -> tiento	1780 ? Bnf_361	1780-bnf-361:006029	iyolicniauh	Traducción	andar con tientio
candidate_spelling	tiera	1	Piera	Piera, tierra, tira, diera, riera, viera	tiera -> Piera	1780 ? Bnf_361	1780-bnf-361:026337	tlamayahuiliztli	Traducción	tiro el acto de tiera
candidate_spelling	tigueres	1	Figueres	Figueres	tigueres -> Figueres	1598 Tezozomoc	1598-tezozomoc:001618	tepotzoicpalli	Traducción	asentadero labrado y espaldar / asentadero grande galano y por estrado a los pies cueros de tigueres muy galanos / silla baja aforrado de cuero de tigre, y estrado de otro cuero de tigre / silla real
candidate_spelling	tinaia	1	tinaja	tinaja, tinada	tinaia -> tinaja	1571 Molina 1	1571-molina-1:024381	quechpiyaztli	Traducción	cañilla de tinaia
candidate_spelling	tinar	1	tirar	tirar, tina, pinar, dinar, minar, tiran	tinar -> tirar	2021 Wimmer	2021-wimmer:007536	cemixcuepa	Traducción (es)	v.i., perderse, no encontrar el camino. / v.i., perderse, no tornando a tinar al camino
candidate_spelling	tine	1	tiene	tiene, cine, vine, tina, time, tire	tine -> tiene	1780 ? Bnf_361	1780-bnf-361:028076	tlaquittli	Traducción	tejida cosa, tine?
candidate_spelling	tiraua	1	tirada	tirada, tirana, tiraba, tirara, tirará	tiraua -> tirada	1571 Molina 2	1571-molina-2:014385	nenquixtia	Traducción	desperdiciar y gastar algo sin provecho, o en vano, o no acertar a la que tiraua
candidate_spelling	tirter	1	tirare	tirare	tirter -> tirare	1780 ? Bnf_361	1780-bnf-361:019384	telicza	Traducción	acocear a otro o tirar coz o coces; tirter, õ dar de coces a otro
candidate_spelling	tiseras	1	tijeras	tijeras, viseras, tiesas, toserás, tiñeras, tiesuras	tiseras -> tijeras	1571 Molina 1	1571-molina-1:016182	lo mismo	Traducción	tiseras
candidate_spelling	tivia	1	Livia	Livia, tibia, vivía, trivia	tivia -> Livia	17?? Bnf_362	17-bnf-362:000862	yamancatl	Traducción	agua tivia, en algunas partes
candidate_spelling	tizic	1	tisis	tisis	tizic -> tisis	2021 Wimmer	2021-wimmer:035782	teuhcatl	Traducción (es)	nombre divino: deidad venerada en tizic y tenochtitlan
candidate_spelling	tizoc	1	tico	tico, tizón	tizoc -> tico	2021 Wimmer	2021-wimmer:036609	tizocicatzin	Traducción (es)	honorario. en tizoc
candidate_spelling	tiñido	1	tenido	tenido, teñido, tímido, tañido	tiñido -> tenido	1598 Tezozomoc	1598-tezozomoc:000996	malacaquetzalli	Traducción	plumaxe delgado sutil, de madera tiñido
candidate_spelling	tlacop	1	talco	talco, talcos	tlacop -> talco	1629 Alarcón	1629-alarcon:001418	tlacopatli	Traducción	bebedizo que es de la raíz llaman tlacopàtli, aunque tal vez se valen de la cola del tlaquatzi / raíz
candidate_spelling	tlah	1	tal	tal, talla, tala, talle, tallo, tale	tlah -> tal	2021 Wimmer	2021-wimmer:038849	tlahyelitta	Traducción (es)	cf. tlahëlitta
candidate_spelling	tlap	1	trap	trap, tal, talla, tala, talle, tallo	tlap -> trap	1645 Carochi	1645-carochi:000497	zan	Traducción	sólo / (excluyente) / sino / solamente / mä nel ~, siquiera / ~ cémi, de una vez / àmo ~ tlapohualpa, innumerables veces / ~ cánâ, en cual parte / ~ nö cuël, otra vez / ~ ye oncän, en el mismo lugar / àmo ~ miecpa, pocas veces / àmo ~ quën amî, no como quiera / àmo ~ tlapöhualli, infinita(s) / intlä
candidate_spelling	tobajas	1	sobajas	sobajas	tobajas -> sobajas	153? Trilingüe	153-trilingue:000007	canahuac	Traducción	tobajas
candidate_spelling	toder	1	poder	poder, toser	toder -> poder	2021 Wimmer	2021-wimmer:021673	matelina	Traducción (es)	v.refl., se toder
candidate_spelling	tohi	1	tshi	tshi	tohi -> tshi	2021 Wimmer	2021-wimmer:018417	ilamatototl	Traducción (es)	ornitología: tohi
candidate_spelling	toloa	1	tolva	tolva, tolda, tollos	toloa -> tolva	2021 Wimmer	2021-wimmer:003406	tolhuia	Traducción (es)	aplicación sobre toloa
candidate_spelling	tolocah	1	topocha	topocha	tolocah -> topocha	2021 Wimmer	2021-wimmer:003464	tolotepetl	Traducción (es)	montaña en el valle de toluca, de donde tomaron su nombre los tolocah
candidate_spelling	toloniron	1	tolondro	tolondro, tolondros, tolondrona, tolondrón	toloniron -> tolondro	1780 ? Bnf_361	1780-bnf-361:018754	tecuaxittomoniani	Traducción	hacedor de toloniron en la cabeza a otro
candidate_spelling	toloque	1	coloque	coloque, coloqué	toloque -> coloque	2021 Wimmer	2021-wimmer:011969	coltzin	Traducción (es)	nombre divino, dios del toloque
candidate_spelling	tomarvno	1	tomaron	tomaron	tomarvno -> tomaron	1571 Molina 2	1571-molina-2:023285	tlanehuia	Traducción	tomarvno por otro por inadvertencia, o no mirando bien lo que hace
candidate_spelling	tomayo	1	tomado	tomado, tocayo, Tamayo	tomayo -> tomado	2021 Wimmer	2021-wimmer:034028	tepetomatl	Traducción (es)	este término parece designar dos plantas diferentes: / botánicamente, un madroño. / botánico, tomate silvestre cuyos frutos (ìtomayo) no son comestibles. pero cuya raíz tiene propiedades medicinales y laxantes
candidate_spelling	tomur	1	tomar	tomar, tour, tumor	tomur -> tomar	1780 ? Bnf_361	1780-bnf-361:012190	millanehuia	Traducción	arrendar tomur a renta
candidate_spelling	tonner	1	tones	tones, tonel, tornen	tonner -> tones	2021 Wimmer	2021-wimmer:001572	tlatoponi	Traducción (es)	v.impers., tonner
candidate_spelling	torciendole	1	torciendo	torciendo, torciéndole	torciendole -> torciendo	2021 Wimmer	2021-wimmer:007229	yacapiloa	Traducción (es)	v.t. tla-., le adelgazo la punta, torciendole
candidate_spelling	tordu	1	tordo	tordo, torda	tordu -> tordo	2021 Wimmer	2021-wimmer:010116	chicoltic	Traducción (es)	tordu, tors, crochuque, recurvé. / cubierta de ala grande con plumas hacia la parte superior del ala
candidate_spelling	tormarse	1	torrase	torrase, torrares, tornares, toreares	tormarse -> torrase	1780 ? Bnf_361	1780-bnf-361:020741	tepitonihui	Traducción	tormarse pequeño
candidate_spelling	torniza	1	tronza	tronza	torniza -> tronza	1780 ? Bnf_361	1780-bnf-361:006078	zacamecatl	Traducción	soga, cuerda de esparto, torniza cuerda de esparto
candidate_spelling	tors	1	tory	tory, torás, toro, toros, tos, toas	tors -> tory	2021 Wimmer	2021-wimmer:010116	chicoltic	Traducción (es)	tordu, tors, crochuque, recurvé. / cubierta de ala grande con plumas hacia la parte superior del ala
candidate_spelling	tosedor	1	cosedor	cosedor, tesoro	tosedor -> cosedor	1571 Molina 2	1571-molina-2:000785	tlatlaztinemi	Traducción	tosedor que siempre anda tosiendo
candidate_spelling	tote	1	cote	cote, note, tome, vote, tope, tate	tote -> cote	2021 Wimmer	2021-wimmer:008874	zoyatanatli	Traducción (es)	tote hoja de palma
candidate_spelling	toto	1	todo	todo, foto, soto, toro, roto, tono	toto -> todo	153? Trilingüe	153-trilingue:011950	tlapoctlantililli	Traducción	muerto del toto
candidate_spelling	totolan	1	totola	totola	totolan -> totola	1580 Sahagún/Máynez	1580-sahagun-maynez:000187	totoltecatl	Traducción	el de totolan
candidate_spelling	totonac	1	totonaco	totonaco, totonaca	totonac -> totonaco	2021 Wimmer	2021-wimmer:004070	totonaque	Traducción (es)	pl. en totonac
candidate_spelling	trabieso	1	travieso	travieso	trabieso -> travieso	1765 Cortés y Zedeño	1765-cortes-y-zedeno:003592	quetziqui	Traducción	revesado, trabieso
candidate_spelling	trabuquetes	1	traquetees	traquetees, trabuques, trabuquemos	trabuquetes -> traquetees	2021 Wimmer	2021-wimmer:035247	tetlapehuiani	Traducción (es)	cazador de trabuquetes. / el que hábilmente le quita la silla a alguien para hacerlo caer
candidate_spelling	tracea	1	trocea	trocea, traca, tracen, traces, trace, trapea	tracea -> trocea	2021 Wimmer	2021-wimmer:029994	quenamicantlalia	Traducción (es)	v.t. tla-., dar forma a una cosa, disponerla de cierta manera. / v.t. tla-., dar forma o tracea a alguna cosa
candidate_spelling	tracería	1	traería	traería, trapería	tracería -> traería	2021 Wimmer	2021-wimmer:011397	coapetlatl	Traducción (es)	tracería de serpientes
candidate_spelling	tractado	1	tratado	tratado	tractado -> tratado	1571 Molina 2	1571-molina-2:000460	tlatlalia	Traducción	poner algo por orden, poner recaudo para decir misa, o poner algo en diversas partes, o poner la mesa con sus manteles, pan, cuchillo, salero. etc. o componer canto, o hacer tractado de escritura
candidate_spelling	tradition	1	tradición	tradición	tradition -> tradición	17?? Bnf_362	17-bnf-362:000065	tlatlalilli	Traducción	costumbre o tradition antihua; uso, o constumbre; cosa que está puesta en orden así
candidate_spelling	traduction	1	traducción	traducción, traductor	traduction -> traducción	1780 ? Bnf_361	1780-bnf-361:028241		Traducción	[sans traduction]
candidate_spelling	tragonía	1	tragona	tragona	tragonía -> tragona	153? Trilingüe	153-trilingue:009586	tequitlachualiztli	Traducción	tragonía
candidate_spelling	trampetas	1	trompetas	trompetas, tramperas, trampeas	trampetas -> trompetas	153? Trilingüe	153-trilingue:001910	yaoyoticanitlapitza	Traducción	tocar trampetas acometiendo
candidate_spelling	trapala	1	trágala	trágala, trápala, trapaza, trápalas, traspala, trapalea	trapala -> trágala	153? Trilingüe	153-trilingue:002476	chachalaquiliztli	Traducción	trapala estruendo
candidate_spelling	trasar	1	tratar	tratar, trazar, tragar, atrasar, transar, tramar	trasar -> tratar	1780 ? Bnf_361	1780-bnf-361:021133	tequitlalilia	Traducción	trasar tributo
candidate_spelling	trascasa	1	traspasa	traspasa, trasvasa	trascasa -> traspasa	1571 Molina 1	1571-molina-1:032529	calcuitlacoyoctli	Traducción	postigo, puerta trascasa
candidate_spelling	trasmontañas	1	tramontanas	tramontanas, tramontabas, tramontaras	trasmontañas -> tramontanas	1598 Tezozomoc	1598-tezozomoc:001604	tepetlatepotzcatl	Traducción	señor de las trasmontañas *al
candidate_spelling	trastor	1	tractor	tractor, trastero	trastor -> tractor	1780 ? Bnf_361	1780-bnf-361:027515	tlapapatililli	Traducción	trastor(n)ada cosa
candidate_spelling	trastornaua	1	trastornada	trastornada, trastornaba, trastornara, trastornará	trastornaua -> trastornada	1598 Tezozomoc	1598-tezozomoc:001494	teixcuepani	Traducción	[brujo] que mirando alguno le trastornaua la vista, que le hacía entender ver algún gran animal o árboles y otras visiones de espanto *af
candidate_spelling	trasuinar	1	trasminar	trasminar	trasuinar -> trasminar	1595 Rincón	1595-rincon:000356	ixitza	Traducción	hacer gotear o trasuinar
candidate_spelling	trasuinarse	1	trasminares	trasminares, trasminarse	trasuinarse -> trasminares	1595 Rincón	1595-rincon:000354	ixica	Traducción	gotear o trasuinarse algo
candidate_spelling	trasumto	1	trasunto	trasunto, trasuntó, trasmuto, trasmutó	trasumto -> trasunto	1598 Tezozomoc	1598-tezozomoc:000217	tzoncoztli	Traducción	figura / trasumto *af
candidate_spelling	trataronle	1	trataron	trataron	trataronle -> trataron	1571 Molina 2	1571-molina-2:011024	amo zan quenin quimopolhuique	Traducción	trataronle inhumanamente y cruelmente
candidate_spelling	tratornada	1	trastornada	trastornada	tratornada -> trastornada	1780 ? Bnf_361	1780-bnf-361:025570	tlaixtlapachmantli	Traducción	tratornada escudilla u otra cosa
candidate_spelling	trauesura	1	travesura	travesura	trauesura -> travesura	1571 Molina 2	1571-molina-2:014785	aquen tlattaliztli	Traducción	trauesura, o desvergüenza
candidate_spelling	trauesuras	1	travesuras	travesuras	trauesuras -> travesuras	1571 Molina 2	1571-molina-2:011090	ixtlaza	Traducción	confundir a otro, o afrentar el hijo a sus padres con sus trauesuras
candidate_spelling	travail	1	trivial	trivial	travail -> trivial	2021 Wimmer	2021-wimmer:025877	nentequiti	Traducción (es)	v.i., travail en vano. / v.i., trabaja en balde, en vano
candidate_spelling	travajan	1	trabajan	trabajan	travajan -> trabajan	17?? Bnf_362	17-bnf-362:005100	tlaquehua	Traducción	salariar a alguno; alquilar; lamar los peones que travajan a jornal
candidate_spelling	travesado	1	travesaño	travesaño, atravesado, traveseado	travesado -> travesaño	1780 ? Bnf_361	1780-bnf-361:002358	tlaxtlapalteca	Traducción	atravesar o poner algo de través, o travesado
candidate_spelling	trayan	1	tratan	tratan, tragan, traían, rayan, trazan, traban	trayan -> tratan	1571 Molina 2	1571-molina-2:004107	yecnonotza	Traducción	concertarse pacíficamente los que trayan pleito
candidate_spelling	trecientas	1	trescientas	trescientas, recientas	trecientas -> trescientas	153? Trilingüe	153-trilingue:001044	caxtolpohualpa	Traducción	trecientas veces
candidate_spelling	trensa	1	prensa	prensa, tensa, transa, trenza, trenca, ternas	trensa -> prensa	1780 ? Bnf_361	1780-bnf-361:002276	tlaxochpitzacti	Traducción	trena, o trensa
candidate_spelling	trez	1	tres	tres, tren, prez, tez	trez -> tres	1571 Molina 2	1571-molina-2:015622	olpia  +	Traducción	término de tiempo que tenían y contaban de cincuenta en cincuenta y trez años
candidate_spelling	trezientos	1	trescientos	trescientos	trezientos -> trescientos	2021 Wimmer	2021-wimmer:021758	matlactzonxiquipilli	Traducción (es)	trezientos mil, y mas dos mil
candidate_spelling	tribotar	1	tributar	tributar, tricotar	tribotar -> tributar	1547 Olmos_V ?	1547-olmos-v:001840	calaquia	Traducción	meter o tribotar
candidate_spelling	tribulario	1	tributario	tributario	tribulario -> tributario	1579 Durán	1579-duran:000008	tlenamacaque	Traducción	"turíbulos. incensarios. tribulario. incensador. ""incensadores"""
candidate_spelling	trigazo	1	trigaza	trigaza	trigazo -> trigaza	153? Trilingüe	153-trilingue:000528	castilla tlaollo	Traducción	trigazo cosa de trigo
candidate_spelling	trin	1	trie	trie, tren, trio, tris, brin, trina	trin -> trie	2021 Wimmer	2021-wimmer:026046	acatl	Traducción (es)	caña. phragmites communis trin. / una de las salidas del gran templo de tenochtitlan. / flecha. / caña designa la uretra
candidate_spelling	tristesa	1	tristeza	tristeza, tristes, tristes a	tristesa -> tristeza	1598 Tezozomoc	1598-tezozomoc:001831	calmecatitlan	Traducción	casa de tristesa *t
candidate_spelling	trivutos	1	tributos	tributos	trivutos -> tributos	1780 ? Bnf_361	1780-bnf-361:023789	tlacentlalilli	Traducción	masa de trivutos
candidate_spelling	triyan	1	trinan	trinan, trillan, trían	triyan -> trinan	1780 ? Bnf_361	1780-bnf-361:025123	tlahuitecoyan	Traducción	era donde triyan?
candidate_spelling	triúmfo	1	triunfo	triunfo	triúmfo -> triunfo	1571 Molina 1	1571-molina-1:022813	oquichyotica tiacauhyoticamahuizzotl	Traducción	triúmfo
candidate_spelling	trnace	1	trance	trance, trace, tracé	trnace -> trance	1780 ? Bnf_361	1780-bnf-361:014618	netlahuelcuitiliztli	Traducción	lio en trnace de armas; lid en el pleito
candidate_spelling	tronan	1	tornan	tornan, trinan, tronar, trotan, troncan, trovan	tronan -> tornan	2021 Wimmer	2021-wimmer:016094	huahualaca	Traducción (es)	gruñen, tronan
candidate_spelling	tropesando	1	tropezando	tropezando	tropesando -> tropezando	1780 ? Bnf_361	1780-bnf-361:025126	tlahuitequi	Traducción	caer tropesando
candidate_spelling	tropesar	1	tropezar	tropezar	tropesar -> tropezar	1780 ? Bnf_361	1780-bnf-361:020810	tepotlamia	Traducción	estropera o tropesar
candidate_spelling	tropezas	1	tropezar	tropezar, torpezas, tropiezas, tropezad, tropezase, tropezáis	tropezas -> tropezar	1759 Paredes	1759-paredes:000625	ahuilnemilizzotl	Traducción	lujuria / tropezas
candidate_spelling	tropillar	1	trompillar	trompillar	tropillar -> trompillar	153? Trilingüe	153-trilingue:008113	quequeza	Traducción	tropillar
candidate_spelling	tros	1	tras	tras, taos, tres, trol, trols, otros	tros -> tras	1571 Molina 2	1571-molina-2:023376	tlanentlamachtilli	Traducción	afligido y maltratado de tros
candidate_spelling	troupiales	1	tropicales	tropicales, trompilles, trompillase	troupiales -> tropicales	2021 Wimmer	2021-wimmer:008568	zacuantonatiuh	Traducción (es)	adorno honorífico, sol en plumas troupiales
candidate_spelling	trrrones	1	terrenos	terrenos, terrones, turrones	trrrones -> terrenos	1780 ? Bnf_361	1780-bnf-361:027525	tlapapayanaliztli	Traducción	desmenuzamiento, o quebrantamiento de trrrones
candidate_spelling	truan	1	trucan	trucan, trufan, trían, truhán	truan -> trucan	1780 ? Bnf_361	1780-bnf-361:004977	xoxochtia	Traducción	truanecia a queste truan
candidate_spelling	truanecia	1	turgencia	turgencia	truanecia -> turgencia	1780 ? Bnf_361	1780-bnf-361:004977	xoxochtia	Traducción	truanecia a queste truan
candidate_spelling	trumpeta	1	trompeta	trompeta	trumpeta -> trompeta	1780 ? Bnf_361	1780-bnf-361:027806	tlapitzqui	Traducción	tañedor de flautas trumpeta, o cosa semejante
candidate_spelling	tubar	1	tumbar	tumbar, tuba, tubas, turbar, tusar	tubar -> tumbar	153? Trilingüe	153-trilingue:009900	tetlapololtia ^	Traducción	tubar o turbar
candidate_spelling	tulares	1	telares	telares, fulares, talares, tulleras, tusares	tulares -> telares	1598 Tezozomoc	1598-tezozomoc:000102	tolcimatl	Traducción	raíz de los tulares
candidate_spelling	turbal	1	turbas	turbas, turba, turban, turbar, turraba, turbad	turbal -> turbas	1547 Olmos_V ?	1547-olmos-v:000545	comonia	Traducción	alborotar o turbal
candidate_spelling	turbiarse	1	turbares	turbares, turbarse	turbiarse -> turbares	1571 Molina 2	1571-molina-2:013210	moyahua	Traducción	pasarse el papel, o cundir la máncha, o en turbiarse el agua
candidate_spelling	turor	1	Teror	Teror, turro, tutor, furor, tumor, turró	turor -> Teror	1780 ? Bnf_361	1780-bnf-361:023336	tlacahuapauhqui	Traducción	turor
candidate_spelling	turpe	1	tupé	tupé, turbe, tupe, turre, turne, turné	turpe -> tupé	1595 Rincón	1595-rincon:000606	tepiltzin	Traducción	verbum turpe (breve en la primera)
candidate_spelling	turquezado	1	aturquesado	aturquesado	turquezado -> aturquesado	1780 ? Bnf_361	1780-bnf-361:004541	xippalli	Traducción	color turquezado
candidate_spelling	turto	1	turno	turno, turco, turro, turbo, hurto, curto	turto -> turno	1780 ? Bnf_361	1780-bnf-361:000167	tlateochihualpanichtequiliztli	Traducción	turto, velo sagrado
candidate_spelling	turvios	1	turbios	turbios, turnios	turvios -> turbios	1780 ? Bnf_361	1780-bnf-361:010357	ixcuelhuia	Traducción	mirar a otro con enojo, o andar con el rostrituerto, mirándole con ojos turvios, y ceñudos; o poner cejo contra alguno
candidate_spelling	tuue	1	tus	tus, tuve, tute, tul, tupe, tunee	tuue -> tus	1571 Molina 2	1571-molina-2:016580	pinahuilizcopa;  +	Traducción	por la vergüenza que yo tenia o tuue. s. no lo hice
candidate_spelling	tuuiesemos	1	tuviésemos	tuviésemos, tuviéremos, tupiésemos, tupiéremos	tuuiesemos -> tuviésemos	1571 Molina 2	1571-molina-2:009921	inayatitleme	Traducción	antes que tuuiesemos ser, o antes que fuésemos
candidate_spelling	tuuiesen	1	tuviesen	tuviesen, tupiesen	tuuiesen -> tuviesen	1571 Molina 2	1571-molina-2:009922	inayayaque	Traducción	antes que tuuiesen ser, o antes que fuesen
candidate_spelling	tyempo	1	tiempo	tiempo, tempo	tyempo -> tiempo	153? Trilingüe	153-trilingue:005035	ixihuitl ipanticate	Traducción	hogaño adverbio de tyempo
candidate_spelling	tyrania	1	tiranía	tiranía	tyrania -> tiranía	1571 Molina 2	1571-molina-2:013941	neelehuiliztli	Traducción	tyrania
candidate_spelling	tyranizar	1	tiranizar	tiranizar, tiranizan, tiranizaré, tiraniza, tiranizad, tiranizas	tyranizar -> tiranizar	1571 Molina 2	1571-molina-2:009591	iicoltia	Traducción	tyranizar
candidate_spelling	tyrano	1	tirano	tirano	tyrano -> tirano	1571 Molina 2	1571-molina-2:009485	ihicoltia	Traducción	tyrano
candidate_spelling	tyrar	1	tirar	tirar, tarar	tyrar -> tirar	1571 Molina 2	1571-molina-2:016031	atlatica nitlamina	Traducción	tyrar vara con amiento
candidate_spelling	témporas	1	temporal	temporal, temperas	témporas -> temporal	1571 Molina 2	1571-molina-2:022851	tlamacehualizpan	Traducción	tiempo de penitencia o de merecer. s. la cuaresma, o cuatro témporas. etc.
candidate_spelling	tíbar	1	Tíber	Tíber, Eibar, tirar, libar, tibiar, gibar	tíbar -> Tíber	153? Trilingüe	153-trilingue:009141	teocuitlacenquiztica	Traducción	oro de tíbar
candidate_spelling	tírselo	1	oírselo	oírselo, tíraselo	tírselo -> oírselo	2021 Wimmer	2021-wimmer:019648	ixmotla	Traducción (es)	v.t. tē-., tirarle algo a la cara a alguien, tírselo a la cara
candidate_spelling	uaso	1	caso	caso, paso, uso, laso, aso, vaso	uaso -> caso	1595 Rincón	1595-rincon:000566	tecomatl	Traducción	uaso de calabaza
candidate_spelling	ubra	1	obra	obra, abra, cubra, rubra	ubra -> obra	1765 Cortés y Zedeño	1765-cortes-y-zedeno:000363	ce  +	Traducción	ubra, u obra de un día
candidate_spelling	ueica	1	única	única, ubica	ueica -> única	2021 Wimmer	2021-wimmer:016895	hueyica	Traducción (es)	superiormente, mucho (s - ueica)
candidate_spelling	uida	1	vida	vida, cuida, ida, pida, unida, huida	uida -> vida	1595 Rincón	1595-rincon:000443	nemiliztli	Traducción	la uida
candidate_spelling	ulle	1	lule	lule, elle, tulle, bulle, mulle, ulule	ulle -> lule	17?? Bnf_362	17-bnf-362:000610	ullamaloni	Traducción	pelota que hacen de ulle
candidate_spelling	umanal	1	humana	humana, humanas, humanan, humanar, humanad	umanal -> humana	153? Trilingüe	153-trilingue:010520	tlacayo	Traducción	humana o umanal cosa
candidate_spelling	umanos	1	humanos	humanos, manos, rumanos, amaños, unamos, ufanos	umanos -> humanos	1598 Tezozomoc	1598-tezozomoc:000737	cuauhxicalli	Traducción	piedra redonda / batea grande de piedra aguxerada en medio/ vaso o brasero de piedra a figura del sol para la adoración del templo de huitzilopochtli adonde echan corazones umanos / piedra o degolladero o piedra carnicera o taxón de carnicero / vaso y brasero de piedra y degolladero de inocente
candidate_spelling	umillandolo	1	humillándolo	humillándolo	umillandolo -> humillándolo	1780 ? Bnf_361	1780-bnf-361:025681	tlalchitlaza	Traducción	abatir a otro umillandolo
candidate_spelling	umillar	1	millar	millar, humillar	umillar -> millar	1765 Cortés y Zedeño	1765-cortes-y-zedeno:003302	pachoa	Traducción	umillar así
candidate_spelling	umillarse	1	humillarse	humillarse, humillares	umillarse -> humillarse	1765 Cortés y Zedeño	1765-cortes-y-zedeno:004122	achihuei  +	Traducción	umillarse el mayor
candidate_spelling	undefinido	1	indefinido	indefinido	undefinido -> indefinido	2021 Wimmer	2021-wimmer:038756	tlahuilotlehua	Traducción (es)	imperes. con pref.obj.undefinido tla-., aparece la luz
candidate_spelling	universamente	1	universalmente	universalmente	universamente -> universalmente	153? Trilingüe	153-trilingue:008456	tecempouhca	Traducción	universamente así
candidate_spelling	urin	1	ruin	ruin, brin, unir, crin, Turin	urin -> ruin	1765 Cortés y Zedeño	1765-cortes-y-zedeno:003662	axixtli	Traducción	urin, u orín
candidate_spelling	urina	1	ruina	ruina, trina, urna, Irina, riña, Urbina	urina -> ruina	1765 Cortés y Zedeño	1765-cortes-y-zedeno:003664	axixtli  +	Traducción	urina, u orina
candidate_spelling	urinar	1	trinar	trinar	urinar -> trinar	1765 Cortés y Zedeño	1765-cortes-y-zedeno:003658	axixa	Traducción	urinar, u orinar
candidate_spelling	urinas	1	ruinas	ruinas, urnas, orinas, riñas, trinas, erinas	urinas -> ruinas	1765 Cortés y Zedeño	1765-cortes-y-zedeno:003661	axixtin	Traducción	urinas, u orinas
candidate_spelling	usano	1	usado	usado, usando, usan, usaron, sano, gusano	usano -> usado	153? Trilingüe	153-trilingue:003172	coyayahual	Traducción	revoltón o usano
candidate_spelling	ususra	1	usura	usura	ususra -> usura	1780 ? Bnf_361	1780-bnf-361:021980	tetlatlacuiltiliztli	Traducción	renueba, ususra, logro
candidate_spelling	uulgar	1	pulgar	pulgar, vulgar, ulular	uulgar -> pulgar	153? Trilingüe	153-trilingue:008445	tecemaxca	Traducción	uulgar cosa común
candidate_spelling	vabar	1	babar	babar, vagar, varar, vacar	vabar -> babar	1780 ? Bnf_361	1780-bnf-361:007376	cuauhtlacuiloa	Traducción	esculpir, vabar en duro, como piedra, o en madera
candidate_spelling	vacal	1	jacal	jacal, vacas, vocal, vaca, vacila, vacan	vacal -> jacal	1571 Molina 1	1571-molina-1:011437	huacalhuia	Traducción	llevar algo en vacal
candidate_spelling	vacijas	1	vasijas	vasijas, vacías, valijas, vacilas, yacijas	vacijas -> vasijas	1780 ? Bnf_361	1780-bnf-361:005842	yomexti	Traducción	ambos a dos, esteras, tablas, vacijas, mantas, o cosas semejantes
candidate_spelling	valitudinario	1	valetudinario	valetudinario	valitudinario -> valetudinario	2021 Wimmer	2021-wimmer:008922	zozotlactontli	Traducción (es)	valitudinario, débil, agotado
candidate_spelling	vallestas	1	ballestas	ballestas	vallestas -> ballestas	1780 ? Bnf_361	1780-bnf-361:020984	tepoztlahuitolchiuhqui	Traducción	ballestero que hace las vallestas
candidate_spelling	vanado	1	ganado	ganado, venado, añado, varado, bañado, dañado	vanado -> ganado	1780 ? Bnf_361	1780-bnf-361:012862	motenqui	Traducción	vanado otro en vano
candidate_spelling	varanda	1	baranda	baranda, Aranda, varada, varando, veranda, zaranda	varanda -> baranda	1571 Molina 2	1571-molina-2:019398	tepozcuauhtzatzapictli	Traducción	reja, o varanda de hierro
candidate_spelling	vardascas	1	varadas	varadas, varaduras	vardascas -> varadas	1571 Molina 2	1571-molina-2:021659	tlacopitzacuia	Traducción	herir, o azotar a otro con mimbres, o vardascas
candidate_spelling	varde	1	tarde	tarde, verde, arde, tardé, barde, carde	varde -> tarde	1547 Olmos_V ?	1547-olmos-v:000981	ixquia	Traducción	tostar cosa varde [verde]
candidate_spelling	varon	1	parón	parón, varón, barón, vagón, Aaron, varo	varon -> parón	2021 Wimmer	2021-wimmer:034260	tepolli	Traducción (es)	miembro viril. / miembro de varon
candidate_spelling	varro	1	carro	carro, barro, narró, tarro, narro, varo	varro -> carro	1547 Olmos_G	1547-olmos-g:000218	chapantoc	Traducción	se dice de mantas arrebujadas, o mal puestas, o de varro extendido, o verdura; o quiere decir: estar mojada la manta, o persona sentada en el suelo
candidate_spelling	varuda	1	varada	varada, variad, varad, varead	varuda -> varada	1580 Sahagún/Máynez	1580-sahagun-maynez:000008	tlatlacotic	Traducción	muy varuda
candidate_spelling	varudo	1	varado	varado	varudo -> varado	2021 Wimmer	2021-wimmer:037794	tlacotic	Traducción (es)	varudo, talludo
candidate_spelling	vaxali	1	vasallo	vasallo, vasalla	vaxali -> vasallo	17?? Bnf_362	17-bnf-362:002758	matlacuahuitl	Traducción	palo largo como vaxali, así llaman propiamente a los remos de las canoas
candidate_spelling	vaynicas	1	vainicas	vainicas	vaynicas -> vainicas	1571 Molina 2	1571-molina-2:001998	tlilxochitl	Traducción	ciertas vaynicas de olores
candidate_spelling	vazos	1	vamos	vamos, vasos, lazos, vanos, vagos, cazos	vazos -> vamos	1780 ? Bnf_361	1780-bnf-361:027499	tlapantli	Traducción	cosa quebrada como ollas, vazos, piedras, tablas vide tlapana
candidate_spelling	vañado	1	ganado	ganado, bañado, añado, dañado, venado, varado	vañado -> ganado	1571 Molina 1	1571-molina-1:018506	motenqui	Traducción	vañado en esta manera
candidate_spelling	vañarse	1	bañarse	bañarse, bañares	vañarse -> bañarse	1571 Molina 1	1571-molina-1:026696	tema	Traducción	vañarse en baño
candidate_spelling	vecez	1	veces	veces, vejez	vecez -> veces	1780 ? Bnf_361	1780-bnf-361:004604	xiuhtlatla	Traducción	hambrear, comer muchas vecez sin poder hartarse, tener ganas de comer
candidate_spelling	vedoja	1	vedija	vedija	vedoja -> vedija	1780 ? Bnf_361	1780-bnf-361:016672	papachtli	Traducción	guedeja de cabellos o vedoja
candidate_spelling	vedriar	1	verdura	verdura, vidriar, verdear	vedriar -> verdura	1571 Molina 1	1571-molina-1:004314	tzotlania	Traducción	vedriar
candidate_spelling	vees	1	ves	ves, veis, veces, veas, lees, veos	vees -> ves	1571 Molina 2	1571-molina-2:023656	cammach intixtepetla	Traducción	como eres tan ciego. s. que no vees lo que te conviene
candidate_spelling	veffa	1	befa	befa	veffa -> befa	1780 ? Bnf_361	1780-bnf-361:028139	tlatatactli	Traducción	veffa? para enterrar
candidate_spelling	veges	1	veces	veces, vegas, vejez, vejes, veles, vetes	veges -> veces	17?? Bnf_362	17-bnf-362:002006	huehuetiliztli	Traducción	veges en hombre
candidate_spelling	vehemencioso	1	vehemencias	vehemencias	vehemencioso -> vehemencias	153? Trilingüe	153-trilingue:004754	ihitzqui	Traducción	vehemencioso
candidate_spelling	veintiquatro	1	veinticuatro	veinticuatro	veintiquatro -> veinticuatro	1571 Molina 2	1571-molina-2:004705	cempohualpa onnappa	Traducción	veintiquatro veces
candidate_spelling	vejarrón	1	viejarrón	viejarrón, vejaron	vejarrón -> viejarrón	1571 Molina 2	1571-molina-2:008343	huehuepol	Traducción	vejarrón, o viejo ruin
candidate_spelling	vejetable	1	vegetales	vegetales, vegetal, venerable, vegetaba, vegetase, vegetaban	vejetable -> vegetales	1765 Cortés y Zedeño	1765-cortes-y-zedeno:001979	huihuitla	Traducción	arrancar cosas vejetable
candidate_spelling	velación	1	relación	relación, delación, vejación, gelación	velación -> relación	1580 Sahagún/Máynez	1580-sahagun-maynez:000215	tozohualiztli	Traducción	velación
candidate_spelling	vellaquería	1	bellaquería	bellaquería	vellaquería -> bellaquería	153? Trilingüe	153-trilingue:010994	tlahuelilocayotl	Traducción	vellaquería
candidate_spelling	veloa	1	Velia	Velia, vela, veloz, velo, velos, vellos	veloa -> Velia	1571 Molina 2	1571-molina-2:008533	huelonia	Traducción	lo mismo es que veloa
candidate_spelling	venaas	1	ventas	ventas, vengas, venias, vendas, venas, venías	venaas -> ventas	1629 Alarcón	1629-alarcon:000147	cecoatl omecoatl yeicoatl nahuicoatl	Traducción	una culebra (a las venaas), dos culebras, tres culebras, cuatro culebras
candidate_spelling	venada	1	venado	venado, velada, venida, venda, vendan, nevada	venada -> venado	1780 ? Bnf_361	1780-bnf-361:027612	tlapehualli	Traducción	venada cosa
candidate_spelling	vencim	1	venció	venció, vencía, vencí	vencim -> venció	1780 ? Bnf_361	1780-bnf-361:020794	tepololiztli	Traducción	victoria si(n( vencim(ien(to; apartamento de la compañia por lo haber perdido.*
candidate_spelling	vendanger	1	vendare	vendare	vendanger -> vendare	2021 Wimmer	2021-wimmer:006549	xocomecapixca	Traducción (es)	v.i., vendanger
candidate_spelling	venedizo	1	venidero	venidero	venedizo -> venidero	1598 Tezozomoc	1598-tezozomoc:000481	chichimecatl	Traducción	serrano, montañés / venedizo, temido [por] todo el mundo presente / gente serrana *AL
candidate_spelling	venino	1	vecino	vecino, veneno, venido	venino -> vecino	1571 Molina 1	1571-molina-1:017526	micoani patli	Traducción	venino ponzoña
candidate_spelling	venter	1	vender	vender, vencer, vente, verter, venteo, center	venter -> vender	2021 Wimmer	2021-wimmer:015423	eheca	Traducción (es)	v.impers., venter
candidate_spelling	ventosaque	1	ventisque	ventisque, ventisquee	ventosaque -> ventisque	1571 Molina 1	1571-molina-1:025603	techichinqui tehuilotl	Traducción	ventosaque echan al enfermo
candidate_spelling	verbemente	1	verbalmente	verbalmente	verbemente -> verbalmente	17?? Bnf_362	17-bnf-362:002189	iciuhca chihualoni	Traducción	aunque el padre molina dice fácil cosa, lo que quiere decir es cosa que se hace verbemente
candidate_spelling	verbogracia	1	verbigracia	verbigracia	verbogracia -> verbigracia	17?? Bnf_362	17-bnf-362:000933	yeixquich	Traducción	tanto, si no es preguntando, esto es también bastar algo verbogracia: ya basta
candidate_spelling	verdeante	1	verdean	verdean, verdeaste	verdeante -> verdean	2021 Wimmer	2021-wimmer:007093	xoxouhque	Traducción (es)	¡oh verdeante', invocación a tláloc
candidate_spelling	verderias	1	perderías	perderías, venderías, verterías, verdearías, verdearais, verserías	verderias -> perderías	1629 Alarcón	1629-alarcon:000761	ipan  +	Traducción	en los grandes cenadales (en las lindas verderias)
candidate_spelling	verdeser	1	verdecer	verdecer	verdeser -> verdecer	1780 ? Bnf_361	1780-bnf-361:004987	xoxohuia	Traducción	verdeser pararse verde
candidate_spelling	verdugoy	1	verdugo	verdugo, verdugos, verdugón, verdugo y	verdugoy -> verdugo	1571 Molina 2	1571-molina-2:019864	tetetequini	Traducción	sajador, despedazador, o verdugoy desquartizador
candidate_spelling	vergoncozo	1	vergonzoso	vergonzoso	vergoncozo -> vergonzoso	1571 Molina 2	1571-molina-2:018403	temamatqui	Traducción	empachoso y vergoncozo
candidate_spelling	verra	1	Vedra	Vedra, verla, vera, perra, berra, verá	verra -> Vedra	17?? Bnf_362	17-bnf-362:001944	exotl	Traducción	frijol: los que están aun en verra
candidate_spelling	versano	1	verano	verano, versan, versado, versaron, versando, versan o	versano -> verano	1765 Cortés y Zedeño	1765-cortes-y-zedeno:002937	motoliniani	Traducción	versano, o huérfano con pobreza
candidate_spelling	vertex	1	verte	verte, verter, verted	vertex -> verte	1571 Molina 2	1571-molina-2:006752	cuaitl	Traducción	estremidad de algo, o la cabeza. s. lo alto de ella como es la superficie del casco, vertex
candidate_spelling	verto	1	Berto	Berto, verbo, Vero, verte, verlo, verso	verto -> Berto	1780 ? Bnf_361	1780-bnf-361:004716	xochitla	Traducción	verto como vergel (huerto)
candidate_spelling	vestado	1	estado	estado, vestido, restado, vetado, gestado, testado	vestado -> estado	1780 ? Bnf_361	1780-bnf-361:013164	moztacaquetza	Traducción	vestado de blanco
candidate_spelling	vestias	1	bestias	bestias, vestidas, vestías, vestíos, vestían, vestís	vestias -> bestias	17?? Bnf_362	17-bnf-362:003555	pepechia	Traducción	hacer la cama, esto es también aparejar vestias
candidate_spelling	vestiduaras	1	vestiduras	vestiduras	vestiduaras -> vestiduras	1780 ? Bnf_361	1780-bnf-361:018392	teceltica	Traducción	fresco lugar de vestiduaras y árboles
candidate_spelling	vevida	1	vivida	vivida, venida, vívida	vevida -> vivida	1780 ? Bnf_361	1780-bnf-361:017126	pinolhuia	Traducción	hacer cierta vevida, hachando en ella pinolli de chia
candidate_spelling	victuallas	1	vituallas	vituallas	victuallas -> vituallas	1571 Molina 2	1571-molina-2:003969	yaoitacatl	Traducción	victuallas, o mantenimiento para la guerra
candidate_spelling	vidrosa	1	vidorra	vidorra, vidorras, vidrias, vidriosa	vidrosa -> vidorra	1780 Clavijero	1780-clavijero:001379	itztli	Traducción	cierta piedra mineral, y vidrosa, de que hacían antiguamente navajas, y otros instrumentos
candidate_spelling	vienton	1	vientos	vientos, viento	vienton -> vientos	1780 ? Bnf_361	1780-bnf-361:025700	tlalhuacpan ehecatl	Traducción	vienton de tierra en la mar
candidate_spelling	vientosur	1	vientos	vientos	vientosur -> vientos	1571 Molina 2	1571-molina-2:007835	ehecatl  +	Traducción	vientosur, o ábrego
candidate_spelling	villaia	1	Villava	Villava, villanía	villaia -> Villava	1780 ? Bnf_361	1780-bnf-361:005003	xoxolopinemiliztli	Traducción	villaia en la crianza
candidate_spelling	vinada	1	vianda	vianda, minada, visada, virada, finada, binada	vinada -> vianda	1547 Olmos_G	1547-olmos-g:000599	ocyo	Traducción	cosa vinada
candidate_spelling	vinagera	1	vinatera	vinatera, vinagrera, vinajera	vinagera -> vinatera	153? Trilingüe	153-trilingue:003128	vino itlacciuhca comitl	Traducción	vinagera vaso para el
candidate_spelling	vinando	1	minando	minando, virando, finando, binando, visando	vinando -> minando	153? Trilingüe	153-trilingue:007559	oppanicaielimiqui	Traducción	barbechar vinando
candidate_spelling	vindimia	1	vendimia	vendimia	vindimia -> vendimia	1571 Molina 2	1571-molina-2:020895	titixia	Traducción	rebuscar después de la vindimia, o cosecha
candidate_spelling	violelncia	1	violencia	violencia	violelncia -> violencia	1780 ? Bnf_361	1780-bnf-361:024663	tlacuitlahuiltia	Traducción	fuerza hacer a otro o violelncia
candidate_spelling	visios	1	vistos	vistos, visión, vicios, visos, vivíos, viscos	visios -> vistos	1780 ? Bnf_361	1780-bnf-361:003584	totocatocintlahuelilocayotl	Traducción	andar los visios a banderas desplegadas
candidate_spelling	visioso	1	vistoso	vistoso, viscoso	visioso -> vistoso	1780 ? Bnf_361	1780-bnf-361:024790	tlaelpaquini	Traducción	carnal y visioso
candidate_spelling	visitation	1	visitaron	visitaron, visitación	visitation -> visitaron	1780 ? Bnf_361	1780-bnf-361:016162	ontetlapaloliztli	Traducción	visitation por ir a ver
candidate_spelling	visiva	1	visita	visita, misiva	visiva -> visita	1759 Paredes	1759-paredes:001884	tlachiaya	Traducción	potencia visiva. es la voz más propia
candidate_spelling	visorrey	1	visores	visores	visorrey -> visores	1571 Molina 2	1571-molina-2:000857	tlatocateixiptla	Traducción	visorrey, presidente. etc.
candidate_spelling	viudar	1	viudas	viudas, viuda, liudar, viudal	viudar -> viudas	153? Trilingüe	153-trilingue:004623	teicnocihuatilia	Traducción	viudar hacer viuda de marido
candidate_spelling	viudes	1	viudas	viudas, viudez, vides, viudos, liudes	viudes -> viudas	1780 ? Bnf_361	1780-bnf-361:009080	icnocihuayotl	Traducción	viudes matando al marido de la mujer
candidate_spelling	vivela	1	Videla	Videla, viveza, nivela, vitela, vivales	vivela -> Videla	1780 ? Bnf_361	1780-bnf-361:011852	mecahuehuetl	Traducción	vihuela instrumento musico; laúd; harpa, vivela, músico instrumento
candidate_spelling	vivio	1	Livio	Livio, Vivi, vivir, vivo, vivió, viví	vivio -> Livio	1780 ? Bnf_361	1780-bnf-361:014149	nemini	Traducción	viandante, vivio; morador
candidate_spelling	vivora	1	vivirá	vivirá, víbora, vivar, vigora	vivora -> vivirá	1780 ? Bnf_361	1780-bnf-361:025630	tlaiztlacmintli	Traducción	emponsoñado por mordedura de la vivora
candidate_spelling	vivre	1	vive	vive, viviré, vibre, vire, vibré, viré	vivre -> vive	2021 Wimmer	2021-wimmer:018129	ihinaxtinemi	Traducción (es)	v.refl., vivre escondido
candidate_spelling	vizcar	1	bizcar	bizcar, pizcar	vizcar -> bizcar	1571 Molina 2	1571-molina-2:010570	ixcopitzoa	Traducción	guiñar el ojo o vizcar
candidate_spelling	vnas	1	bnas	bnas, unas, vas, veas, vías, vanas	vnas -> bnas	2021 Wimmer	2021-wimmer:019681	ixneloa	Traducción (es)	v.t. tē-., dispersar, poner en desorden, mezclar a la gente. / v.t. tla-., mezclar, confundir cosas. / v.t. tla-., mezclar vnas ​​cosas con otras
candidate_spelling	vocasionado	1	ocasionado	ocasionado, vocalizando	vocasionado -> ocasionado	1571 Molina 2	1571-molina-2:013021	anotech ninaxitlani	Traducción	ser mohíno o inconversable, vocasionado
candidate_spelling	vocedal	1	voceado	voceado, voceada, vocead	vocedal -> voceado	153? Trilingüe	153-trilingue:003380	ahuapicilli	Traducción	vocedal lugar de voces
candidate_spelling	voluerse	1	volverse	volverse	voluerse -> volverse	1595 Rincón	1595-rincon:000254	cuepi	Traducción	voluerse
candidate_spelling	volunta	1	voluntad	voluntad, voluta	volunta -> voluntad	1571 Molina 2	1571-molina-2:005117	centetilia	Traducción	hacerse muchas cosas una, como la pella de nieve, de muchos granos de ella o de diversas volunta des una. etc.
candidate_spelling	volvir	1	volver	volver, volvió, volví, volvía	volvir -> volver	1547 Olmos_V ?	1547-olmos-v:000611	cuepa	Traducción	volvir generaliter
candidate_spelling	vsar	1	usar	usar, asar, osar, visar	vsar -> usar	2021 Wimmer	2021-wimmer:002066	tlaxcaliucxitia	Traducción (es)	v.i., hornear vsar este oficio
candidate_spelling	wean	1	jean	jean, sean, vean, lean	wean -> jean	2021 Wimmer	2021-wimmer:009867	chichihualcahualtia	Traducción (es)	v.t. tē-., wean a child. / v.t. tē-., destetar al niño
candidate_spelling	xacal	1	jacal	jacal	xacal -> jacal	2021 Wimmer	2021-wimmer:005313	xacalco	Traducción (es)	en xacal-li, en una cabaña
candidate_spelling	xacope	1	acope	acope, acopé	xacope -> acope	153? Trilingüe	153-trilingue:005000	patliioani	Traducción	julepeo xacope
candidate_spelling	xalas	1	zalás	zalás, salas, malas, balas, calas, alas	xalas -> zalás	1780 ? Bnf_361	1780-bnf-361:000426	tlatexotl	Traducción	adobo de maíz molido con que aderezan las mantas xalas
candidate_spelling	xallo	1	callo	callo, fallo, gallo, falló, halló, hallo	xallo -> callo	17?? Bnf_362	17-bnf-362:001527	comitl	Traducción	olla; jarro, mas usan corrompido el castellano diciendo xallo; tinaja, esto es cántaro, y ya corruptamente llaman tenaxa
candidate_spelling	xarave	1	jarabe	jarabe, jarabee	xarave -> jarabe	1780 ? Bnf_361	1780-bnf-361:023868	tlachichihualnecupatli	Traducción	xarave
candidate_spelling	xayac	1	kayac	kayac	xayac -> kayac	17?? Bnf_362	17-bnf-362:000642	xayacatl	Traducción	rostro o cara, esto es también se dijo que es la máscara; máscara, esta es también cara natural [xayac]
candidate_spelling	xemejar	1	semejar	semejar	xemejar -> semejar	1780 ? Bnf_361	1780-bnf-361:014235	nenehuilia	Traducción	igualar lo desigual; comparar una cosa con otra; cotejar, xemejar comparando uno a otro; igualando cosas largas; pesar en balanza; emparejar algo; parear o hermanar una cosa con otra, o conchabar aglo
candidate_spelling	xerga	1	Berga	Berga, jerga, yerga	xerga -> Berga	1571 Molina 1	1571-molina-1:007577	chamahuaca tilmahua	Traducción	venido de xerga o de sayal
candidate_spelling	xeta	1	feta	feta, neta, meta, zeta, seta, reta	xeta -> feta	1571 Molina 2	1571-molina-2:003869	yacatomoliuhcayotl	Traducción	lo alto de las ventanas de la nariz, o la xeta de ellas
candidate_spelling	xicalli	1	xicclli	xicclli, xicilli	xicalli -> xicclli	1571 Molina 1	1571-molina-1:004564	xicalhuia	Traducción	echar agua o hacer algo con xicalli
candidate_spelling	xicote	1	jicote	jicote	xicote -> jicote	1780 ? Bnf_361	1780-bnf-361:004478	xicotli	Traducción	el xicote. una abeja grande de miel que horada los árboles
candidate_spelling	xilote	1	pilote	pilote, jilote	xilote -> pilote	1780 ? Bnf_361	1780-bnf-361:004507	xilotla	Traducción	tiempo del xilote
candidate_spelling	xocoa	1	Cocoa	Cocoa, cocoa	xocoa -> Cocoa	2021 Wimmer	2021-wimmer:006926	xoquihua	Traducción (es)	v.impers., en xocoa
candidate_spelling	xolo	1	solo	solo, polo, dolo, bolo, Lolo, molo	xolo -> solo	1571 Molina 2	1571-molina-2:003657	xolotl	Traducción	busca xolo
candidate_spelling	xuiles	1	guilles	guilles, xiles	xuiles -> guilles	1780 ? Bnf_361	1780-bnf-361:004852	xohuilin	Traducción	pescados pintados que parecen truchas y tienen muchos huevos. xuiles
candidate_spelling	xunco	1	hunco	hunco, junco, tunco	xunco -> hunco	1598 Tezozomoc	1598-tezozomoc:001279	otlatl	Traducción	escoba / xunco
candidate_spelling	yaborrecimiénto	1	aborrecimiento	aborrecimiento	yaborrecimiénto -> aborrecimiento	1571 Molina 2	1571-molina-2:022117	tlahueha	Traducción	tener enojo con otro yaborrecimiénto
candidate_spelling	yacinto	1	jacinto	jacinto	yacinto -> jacinto	1780 ? Bnf_361	1780-bnf-361:027420	tlapaltehuilotl	Traducción	yacinto piedra preciosa
candidate_spelling	yancha	1	cancha	cancha, lancha, mancha, ancha, pancha, Sancha	yancha -> cancha	1571 Molina 2	1571-molina-2:010589	ixcuapatlahuac	Traducción	hombre de grande yancha frente
candidate_spelling	yanchas	1	lanchas	lanchas, canchas, manchas, anchas, panchas, y anchas	yanchas -> lanchas	1571 Molina 2	1571-molina-2:003818	yacahuictic	Traducción	narigudo de largas yanchas narices
candidate_spelling	yaqué	1	laqué	laqué, laque, saque, saqué, jaque, raque	yaqué -> laqué	17?? Bnf_362bis	17-bnf-362bis:000332	in oquic	Traducción	pues que. yaqué. latin siquidem, cuando quidem
candidate_spelling	yarder	1	arder	arder, y arder	yarder -> arder	1780 ? Bnf_361	1780-bnf-361:021335	tetecuica	Traducción	latidos dar el pulso del brazo, o la llaga muy encendida, y enconada; encenderse mucha paja junta, õ montón de leña, yarder con gran furia y ruido; ir recio el río; atronar, o tronar; latidos que da el incordio õ el pulso; reteñir el metal.*
candidate_spelling	yavi	1	Mavi	Mavi, llave, Javi, Xavi, llavín, avi	yavi -> Mavi	1780 ? Bnf_361	1780-bnf-361:020772	tepocehuatl	Traducción	plancha de fierro. yavi de las demás planchas de los otros metales
candidate_spelling	yavisando	1	avisando	avisando, y avisando	yavisando -> avisando	1780 ? Bnf_361	1780-bnf-361:010784	ixtlamachtia	Traducción	doctrinar; criar a otro en buenas costumbres: enseñar doctrinando yavisando con amor, y con paciencia; disciplinar o doctrinar
candidate_spelling	yblánca	1	blanca	blanca	yblánca -> blanca	1571 Molina 2	1571-molina-2:018826	tentzoniztaya	Traducción	parárseme cana yblánca la barba
candidate_spelling	ycinco	1	cinco	cinco, y cinco	ycinco -> cinco	1571 Molina 2	1571-molina-2:015702	ommacuilli  +	Traducción	veinte ycinco mazorcas. etc.
candidate_spelling	ycleméncia	1	clemencia	clemencia	ycleméncia -> clemencia	1571 Molina 2	1571-molina-2:004423	yolceuhcayotica	Traducción	con mansedumbre ycleméncia
candidate_spelling	ycongregarse	1	congregarse	congregarse, y congregarse	ycongregarse -> congregarse	1571 Molina 2	1571-molina-2:005080	cenquiza	Traducción	salir todos, o ayuntarse ycongregarse en algún lugar
candidate_spelling	ycrudo	1	crudo	crudo, y crudo	ycrudo -> crudo	1571 Molina 2	1571-molina-2:004414	yolatl	Traducción	bebida de maíz molido ycrudo, para los que se desmayan
candidate_spelling	ycóncierto	1	concierto	concierto	ycóncierto -> concierto	1571 Molina 2	1571-molina-2:011521	machiyotlalilia	Traducción	ejemplificar, o poner orden ycóncierto en la republica
candidate_spelling	ydolo	1	ídolo	ídolo, dolo, yodo, y dolo	ydolo -> ídolo	2021 Wimmer	2021-wimmer:031648	tecuacuilli	Traducción (es)	estatua, imagen, ídolo. / estatua, imagen de bulto, o ydolo. / ministro responsable de supervisar la educación de las jóvenes que estaban destinadas a servir en los templos
candidate_spelling	ydolos	1	ídolos	ídolos, dolos, y dolos	ydolos -> ídolos	2021 Wimmer	2021-wimmer:008483	zacaquixtia	Traducción (es)	v.i., introducir pajitas en el cuerpo, en señal de humillación, penitencia, retirarlas y ofrecerlas en sacrificio. ofrecer sacrificios a los ydolos )
candidate_spelling	years	1	yedras	yedras, yerras	years -> yedras	2021 Wimmer	2021-wimmer:015951	exiuhtia	Traducción (es)	v.i., be three years old. / v.i., tardar o detenerse tres años en alguna parte. / v.i., este niño ya tiene tres años
candidate_spelling	yechar	1	echar	echar, mechar, techar, pechar, fechar, lechar	yechar -> echar	1571 Molina 2	1571-molina-2:000350	tlatlacoa	Traducción	pecar, hacer mal, o dañar yechar a perder alguna cosa
candidate_spelling	yentonada	1	entonada	entonada, y entonada	yentonada -> entonada	1571 Molina 2	1571-molina-2:002623	tozcayamanqui	Traducción	persona de suave voz yentonada
candidate_spelling	yentonces	1	entonces	entonces, y entonces	yentonces -> entonces	17?? Bnf_362bis	17-bnf-362bis:000067	yan	Traducción	prepos. esta se suele posponer a la voz delpreterito perfecto cuando acaba en h, o en otra consonante, yentonces se anteponen los semipronombres no, mo, i, etc.
candidate_spelling	yepa	1	Pepa	Pepa, sepa, epa, yema, yapa, cepa	yepa -> Pepa	2021 Wimmer	2021-wimmer:000794	canyepa	Traducción (es)	ver can yepa debajo de can
candidate_spelling	yepal	1	Nepal	Nepal	yepal -> Nepal	1598 Tezozomoc	1598-tezozomoc:000363	yepalli	Traducción	yepal / [tipo de] asentadero
candidate_spelling	yescandalosas	1	escandalosas	escandalosas, y escandalosas	yescandalosas -> escandalosas	1571 Molina 1	1571-molina-1:030080	tetzauhtlatoa	Traducción	hablar cosas espantosas yescandalosas, o revolviera otros descubriendo algúnsecreto
candidate_spelling	yesforzarse	1	esforzarse	esforzarse, y esforzarse	yesforzarse -> esforzarse	1571 Molina 2	1571-molina-2:004544	yollotepitztilia	Traducción	animarse, yesforzarse
candidate_spelling	yezca	1	yesca	yesca, yazca	yezca -> yesca	17?? Bnf_362	17-bnf-362:000309	tlexotlatilani	Traducción	yezca, aunque ya todos les dan el nombre castellano
candidate_spelling	yiel	1	fiel	fiel, piel, miel, niel, hiel, riel	yiel -> fiel	1565 Sahagún Escolios	1565-sahagun-escolios:001395	tlaceliani	Traducción	[cosa diligente ] ídem [yiel]
candidate_spelling	yocox	1	Yoco	Yoco	yocox -> Yoco	1551-95 Documentos nahuas de la Ciudad de México	1551-95-documentos-nahuas-de-la-ciudad-de-mexico:000391	yocoya	Traducción	[crear] (pft. yocox)
candidate_spelling	yolloa	1	yola	yola	yolloa -> yola	1645 Carochi	1645-carochi:000631	chico	Traducción	a un lado / al revés (en composición) / ~yolloa, o, ~tlamati, sospechar / mal (en composición)
candidate_spelling	yoportuna	1	oportuna	oportuna, y oportuna	yoportuna -> oportuna	1571 Molina 1	1571-molina-1:009487	cualcan	Traducción	coyuntura buena yoportuna
candidate_spelling	yorensar	1	lloreras	lloreras	yorensar -> lloreras	1780 ? Bnf_361	1780-bnf-361:021050	teppachoa	Traducción	apergar, õ apretar algo con las manos; yorensar
candidate_spelling	yotros	1	otros	otros, potros, y otros	yotros -> otros	1571 Molina 2	1571-molina-2:015406	oce	Traducción	yotros tres
candidate_spelling	ytech	1	tech	tech, y tech	ytech -> tech	1571 Molina 2	1571-molina-2:010226	itech  +	Traducción	busca ytech nopiloa
candidate_spelling	yuamos	1	puamos	puamos, guamos	yuamos -> puamos	1571 Molina 2	1571-molina-2:020869	titemachtitihuia	Traducción	yuamos o fuimos enseñando
candidate_spelling	yuan	1	Juan	Juan, cuan, Yuan	yuan -> Juan	1780 ? Bnf_361	1780-bnf-361:001443	achtopa tlacaxinachtin	Traducción	hombre y mujer primeros, adan yuan eva
candidate_spelling	yubon	1	jubón	jubón, bubón	yubon -> jubón	1780 ? Bnf_361	1780-bnf-361:024649	tlacuipilli	Traducción	yubon
candidate_spelling	yudicial	1	judicial	judicial	yudicial -> judicial	1780 ? Bnf_361	1780-bnf-361:001906	tlatzontequililiztliitechpohui	Traducción	yudicial cosa
candidate_spelling	yuego	1	luego	luego, juego, ruego, fuego, yugo	yuego -> luego	1780 ? Bnf_361	1780-bnf-361:024006	tlachtli	Traducción	yuego de pelota así el lugar
candidate_spelling	yuegos	1	juegos	juegos, fuegos, ruegos, yugos	yuegos -> juegos	1780 ? Bnf_361	1780-bnf-361:002531	tlayeyecoliztli	Traducción	yuegos de mirar
candidate_spelling	yugar	1	lugar	lugar, jugar, fugar, yaguar	yugar -> lugar	1780 ? Bnf_361	1780-bnf-361:022935	titotlatlal cualtia	Traducción	yugar a dar a comer tierra, hinchiendo la boca de dicha tierra al que pierde el juego
candidate_spelling	yuicio	1	juicio	juicio, quicio	yuicio -> juicio	1780 ? Bnf_361	1780-bnf-361:023502	tlacaquiliztli	Traducción	yuicio, entendim(ien)to
candidate_spelling	yuncia	1	uncía	uncía, juncia	yuncia -> uncía	1780 ? Bnf_361	1780-bnf-361:010198	itztolin	Traducción	yuncia, o espadaña
candidate_spelling	yusticia	1	justicia	justicia	yusticia -> justicia	1780 ? Bnf_361	1780-bnf-361:025227	tlaihiyohuiltia	Traducción	yusticia
candidate_spelling	yuza	1	yuca	yuca, buza, tuza	yuza -> yuca	2021 Wimmer	2021-wimmer:013277	acahua	Traducción (es)	v.i., cubrirse de yuza
candidate_spelling	yyuca	1	yuca	yuca, y yuca	yyuca -> yuca	1780 ? Bnf_361	1780-bnf-361:006193	zan inyoca	Traducción	singular o particularmente a fulanos (plural de zan yyuca)
candidate_spelling	yzca	1	yuca	yuca, yazca	yzca -> yuca	1571 Molina 2	1571-molina-2:011259	izcatqui	Traducción	lo mismo es que yzca
candidate_spelling	zabullidura	1	zambullidura	zambullidura	zabullidura -> zambullidura	153? Trilingüe	153-trilingue:008000	polaquilizqui	Traducción	zabullidura así
candidate_spelling	zacamoa	1	sacamos	sacamos	zacamoa -> sacamos	2021 Wimmer	2021-wimmer:014774	cuicazacamolo	Traducción (es)	v.impers. en zacamoa, morph.incorp. cuīcatl, rompemos la canción (??)
candidate_spelling	zain	1	zaina	zaina, zaino, main	zain -> zaina	17?? Bnf_362bis	17-bnf-362bis:000901	cana	Traducción	vide azoyê cana ix. zain cana
candidate_spelling	zajar	1	sajar	sajar, Cájar, bajar, zanjar, rajar, zafar	zajar -> sajar	1780 ? Bnf_361	1780-bnf-361:021490	tetequi	Traducción	sajar sangre sajando; zajar o despedazar
candidate_spelling	zamarrón	1	zamarro	zamarro, zamarros, zamarreen	zamarrón -> zamarro	153? Trilingüe	153-trilingue:003661	cuetlaxtlaquemitl tlani tomio	Traducción	zamarra o zamarrón
candidate_spelling	zangada	1	zancada	zancada, mangada, zanjada, jangada	zangada -> zancada	1780 ? Bnf_361	1780-bnf-361:000434	tlatextililli	Traducción	destrozada, o zangada ropa a otro
candidate_spelling	zapotille	1	zapatilla	zapatilla, zapotal, zapotales	zapotille -> zapatilla	2021 Wimmer	2021-wimmer:009368	ceyotzapotl	Traducción (es)	variedad de zapotille
candidate_spelling	zargo	1	largo	largo, cargo, zarco, cargó, zarpó, largó	zargo -> largo	153? Trilingüe	153-trilingue:005373	ixtexexoctic	Traducción	zargo o garzo de ojos
candidate_spelling	zarida	1	árida	árida, marida, zarina, zarpad, parida	zarida -> árida	1780 ? Bnf_361	1780-bnf-361:002501	tlayehualtililli	Traducción	cosa zarida a otro beneficio recibido
candidate_spelling	zarzar	1	zarpar	zarpar, zarza, zarzas, zaraza, zarzal	zarzar -> zarpar	153? Trilingüe	153-trilingue:003544	cuauhhuitzmecatla	Traducción	zarzar lugar de zarzas
candidate_spelling	zason	1	Jasón	Jasón, masón, sazón, casón	zason -> Jasón	17?? Bnf_362	17-bnf-362:003302	ochicahuac	Traducción	cosa que está ya en zason para madurarse
candidate_spelling	zazan	1	tazan	tazan, cazan, zafan, zapan, mazan, Bazán	zazan -> tazan	17?? Bnf_362bis	17-bnf-362bis:000705	quenin	Traducción	vide in quenin. zazan quenin
candidate_spelling	zazonan	1	razonan	razonan, sazonan	zazonan -> razonan	17?? Bnf_362	17-bnf-362:003533	patzcamolli	Traducción	pepita con que zazonan el manjar
candidate_spelling	zombar	1	sombra	sombra, zumbar, combar	zombar -> sombra	1547 Olmos_V ?	1547-olmos-v:001608	quiquinaca	Traducción	gemir o zombar
candidate_spelling	zongorrear	1	zangotear	zangotear, zangarrear	zongorrear -> zangotear	1780 ? Bnf_361	1780-bnf-361:006762	coxoni	Traducción	zongorrear la vasija o cuero que no está lleno
candidate_spelling	zquipa	1	equipa	equipa	zquipa -> equipa	1645 Carochi	1645-carochi:001207	amo	Traducción	no / ~ çän quëzquipa, innumerables veces / ~ çan tlapohualpa, innumerables veces / ~ cän(pa), en ninguna parte / ~ nö, ni / in ~ (mach) yuh(qui), que (término de comparación) / niman ~, de ninguna manera / noçan ~, aún no
candidate_spelling	zunzones	1	punzones	punzones	zunzones -> punzones	1579 Durán	1579-duran:000182	huitzitzilin	Traducción	"zunzones. ""colibríes"""
candidate_spelling	çolli	1	Coeli	Coeli	çolli -> Coeli	1645 Carochi	1645-carochi:002399	teuhtli	Traducción	polvo / ~, tlàçolli, vicio
candidate_spelling	émbeuida	1	embebida	embebida	émbeuida -> embebida	1571 Molina 2	1571-molina-2:019707	tetechacqui	Traducción	cosa empleada, o cosa émbeuida en algo
candidate_spelling	émbiado	1	embijado	embijado	émbiado -> embijado	1571 Molina 2	1571-molina-2:023137	tlanahualihualli	Traducción	émbiado a alguna parte con cautela
candidate_spelling	émbixar	1	embijar	embijar	émbixar -> embijar	1571 Molina 2	1571-molina-2:023003	tlamatiloliztli	Traducción	fregadura, o desmenuzamiento de algo entre las manos, o el acto de ungir, o émbixar a otro
candidate_spelling	émpuxones	1	empujones	empujones	émpuxones -> empujones	1571 Molina 2	1571-molina-2:008806	huilantiquixtia	Traducción	echar, o sacar a otro de casa a émpuxones, o arrastrandolo
candidate_spelling	éncañionarse	1	encañonares	encañonares	éncañionarse -> encañonares	1571 Molina 2	1571-molina-2:009576	ihuiyotia	Traducción	emplumecer, o éncañionarse las aves
candidate_spelling	énhetrada	1	enhebrada	enhebrada	énhetrada -> enhebrada	1571 Molina 2	1571-molina-2:002913	tzompazolli	Traducción	guedeja énhetrada
candidate_spelling	énlos	1	ellos	ellos, enlosé, enlose, enloza, enlozo, enlozó	énlos -> ellos	1571 Molina 2	1571-molina-2:008028	eltepinia	Traducción	herirse odarse golpes énlos pechos
candidate_spelling	éntodo	1	entono	entono, entoldo	éntodo -> entono	1571 Molina 2	1571-molina-2:021389	tlacentelchihualiztli	Traducción	maldición perpetua, o menosprecio entero de alguna cosa, o el acto de despedir y desechar de todo éntodo alguna cosa
candidate_spelling	éntomecido	1	entumecido	entumecido	éntomecido -> entumecido	1571 Molina 2	1571-molina-2:005249	cepohua	Traducción	estar yerto y aterido de mucho frío, o estar éntomecido algún miembro del cuerpo, o adormecido
candidate_spelling	énxalzado	1	ensalzado	ensalzado	énxalzado -> ensalzado	1571 Molina 2	1571-molina-2:008310	huecapanoloni	Traducción	digno de ser sublimado y énxalzado
candidate_spelling	ínsrumento	1	instrumento	instrumento	ínsrumento -> instrumento	1571 Molina 2	1571-molina-2:023934	tlapitzaliztli	Traducción	el acto de tañer flauta, o otro ínsrumento semejante, o el acto de fundir y derretir metales
candidate_spelling	ítech	1	tech	tech	ítech -> tech	1759 Paredes	1759-paredes:000900	itechquizcayotzin	Traducción	que mana, o sale del. como si dijera in ítech quiza
candidate_spelling	ódetener	1	detener	detener	ódetener -> detener	1780 ? Bnf_361	1780-bnf-361:006130	zaloa	Traducción	detener, tardar a otro; estorbar; impedir al que se quiere ir, ódetener al que anda o camina; retener
candidate_spelling	ónis	1	ónix	ónix	ónis -> ónix	1780 ? Bnf_361	1780-bnf-361:012204	miltepiton	Traducción	quiñon de heredad. portio ónis
candidate_spelling	ópor	1	por	por	ópor -> por	1780 ? Bnf_361	1780-bnf-361:006099	zacaquixtia	Traducción	varillas o pajas sacar por la lengua, ópor otra parte del cuerpo o, ensangrentándolas para ofrecerlas en sacrificio a los ídolos
candidate_spelling	óresbalar	1	resbalar	resbalar	óresbalar -> resbalar	1780 ? Bnf_361	1780-bnf-361:005026	xtlacalahua	Traducción	deslizar óresbalar
review_no_guess	neguijón	16			spellchecker flags token without suggestion	17?? Bnf_362	17-bnf-362:004906	tlampalanaliztli	Traducción	neguijón de dientes
review_no_guess	semipronombre	15			spellchecker flags token without suggestion	1780 Clavijero	1780-clavijero:001145	i	Traducción	semipronombre (prefijo posesivo de tercera persona)
review_no_guess	otomí	14			spellchecker flags token without suggestion	1598 Tezozomoc	1598-tezozomoc:000482	chichimeco	Traducción	serrano otomí / pasado mexicano *al
review_no_guess	otomíes	14			spellchecker flags token without suggestion	1598 Tezozomoc	1598-tezozomoc:000245	xilotepecatl	Traducción	pueblo de otomíes *al
review_no_guess	temazcal	14			spellchecker flags token without suggestion	2021 Wimmer	2021-wimmer:006285	xochicalli	Traducción (es)	baño de temazcal. / lugar de concursos de poetas. / casa de flores
review_no_guess	viborezno	9			spellchecker flags token without suggestion	1571 Molina 1	1571-molina-1:008542	coaconetl  +	Traducción	viborezno
review_no_guess	desperdiciadamente	8			spellchecker flags token without suggestion	1571 Molina 2	1571-molina-2:022539	tlaixpololiztica	Traducción	desperdiciadamente
review_no_guess	diligentísimo	8			spellchecker flags token without suggestion	1571 Molina 1	1571-molina-1:003997	tzicuictic	Traducción	diligentísimo y presto en lo que hace
review_no_guess	viboreznos	8			spellchecker flags token without suggestion	1571 Molina 1	1571-molina-1:008540	coacocone  +	Traducción	viboreznos
review_no_guess	patihendido	7			spellchecker flags token without suggestion	1571 Molina 1	1571-molina-1:005173	xomaxaltic	Traducción	patihendido
review_no_guess	vardasca	7			spellchecker flags token without suggestion	1571 Molina 2	1571-molina-2:019943	tetlacohuitequiliztli	Traducción	herida de vardasca
review_no_guess	opinativo	6			spellchecker flags token without suggestion	1571 Molina 1	1571-molina-1:027264	tenematilizcuini	Traducción	opinativo seguidor de opinión
review_no_guess	oxalis	6			spellchecker flags token without suggestion	2021 Wimmer	2021-wimmer:006638	xocoyotl	Traducción (es)	cadete. / plural: sólo las más jóvenes; oxalis, acedera
review_no_guess	albórbolas	5			spellchecker flags token without suggestion	153? Trilingüe	153-trilingue:003020	ahahuia ^	Traducción	albórbolas hacer
review_no_guess	anteantier	5			spellchecker flags token without suggestion	1571 Molina 1	1571-molina-1:005862	yehueyupan	Traducción	anteantier
review_no_guess	cariaguileño	5			spellchecker flags token without suggestion	1571 Molina 1	1571-molina-1:015296	ixpiyaztic	Traducción	cariaguileño
review_no_guess	caritriste	5			spellchecker flags token without suggestion	1571 Molina 1	1571-molina-1:014323	amo huetzcani	Traducción	caritriste
review_no_guess	empachadamente	5			spellchecker flags token without suggestion	153? Trilingüe	153-trilingue:008618	teeleltica	Traducción	empachadamente
review_no_guess	emplumecido	5			spellchecker flags token without suggestion	1571 Molina 1	1571-molina-1:006616	yuiyoquizqui	Traducción	emplumecido
review_no_guess	karttunen	5			spellchecker flags token without suggestion	2021 Wimmer	2021-wimmer:005555	xayactli	Traducción (es)	xāyactli, sin. de xāyacatl reportado por f.karttunen
review_no_guess	moteuczoma	5			spellchecker flags token without suggestion	1598 Tezozomoc	1598-tezozomoc:000826	huehue motecçuma	Traducción	cf. huehue moteuczoma
review_no_guess	quackgrass	5			spellchecker flags token without suggestion	2021 Wimmer	2021-wimmer:008421	zacahuitztli	Traducción (es)	quackgrass
review_no_guess	tiricia	5			spellchecker flags token without suggestion	1571 Molina 1	1571-molina-1:024943	axixcozahuiliztli	Traducción	tiricia enfermedad
review_no_guess	carienjuto	4			spellchecker flags token without suggestion	1571 Molina 1	1571-molina-1:014923	ixcomoltic	Traducción	carienjuto
review_no_guess	chamolín	4			spellchecker flags token without suggestion	2021 Wimmer	2021-wimmer:009619	chamolcoyotl	Traducción (es)	adorno que representa un coyote elaborado con las plumas de color rojo oscuro del ave llamada chamolín
review_no_guess	chamoux	4			spellchecker flags token without suggestion	2021 Wimmer	2021-wimmer:004349	tzahualcaxitl	Traducción (es)	pequeño cuenco trípode de terracota en el que se hace girar el huso que se utiliza para hilar algodón o lana.marie noëlle chamoux 1981
review_no_guess	chimalpahin	4			spellchecker flags token without suggestion	2021 Wimmer	2021-wimmer:006836	xonecuiltzin	Traducción (es)	nombre personal, hijo de tziuhtēcatzin y su esposa matlaltzin, señor (tlahtoāni) de tzompahuahcān. chimalpahin 1950.36
review_no_guess	chiragre	4			spellchecker flags token without suggestion	2021 Wimmer	2021-wimmer:021014	macoacihuiztli	Traducción (es)	chiragre, gota en las manos
review_no_guess	derecudida	4			spellchecker flags token without suggestion	1571 Molina 1	1571-molina-1:008240	chololiztica  +	Traducción	derecudida
review_no_guess	examinación	4			spellchecker flags token without suggestion	1571 Molina 1	1571-molina-1:029618	tetlatemoliliztli	Traducción	examinación
review_no_guess	incorp	4			spellchecker flags token without suggestion	2021 Wimmer	2021-wimmer:004907	tzocuiloa	Traducción (es)	manchar algo. morf. incorp. tzo-tl
review_no_guess	ingratísimo	4			spellchecker flags token without suggestion	1571 Molina 1	1571-molina-1:013040	icnopilcuata	Traducción	ingratísimo
review_no_guess	inobediencia	4			spellchecker flags token without suggestion	1780 ? Bnf_361	1780-bnf-361:004219	tzonteyotl	Traducción	contumacia, inobediencia y rebeldía
review_no_guess	lippu	4			spellchecker flags token without suggestion	2021 Wimmer	2021-wimmer:032687	tenchimalli	Traducción (es)	lippu, que tiene el labio superior muy grueso
review_no_guess	metaph	4			spellchecker flags token without suggestion	2021 Wimmer	2021-wimmer:004569	tzicuehuallo	Traducción (es)	que tiene astillas. / metaph., que tiene descendencia
review_no_guess	mimixcoah	4			spellchecker flags token without suggestion	2021 Wimmer	2021-wimmer:003185	tlotepetl	Traducción (es)	personaje que participa en la lucha contra el centzon mimixcoah junto a cuāuhtli īcōauh, mixcōātl, apantēuctli y cuētlachcihuātl
review_no_guess	mopani	4			spellchecker flags token without suggestion	17?? Bnf_362bis	17-bnf-362bis:000229	huel ipani	Traducción	para decir que el vestido, sombrero, zapatos etc. le viene, o le ajusta bien a uno, se dice. huel nopani. me viene, me ajusta muy bien. huel mopani. te viene muy bien. si fueren dos, o mas las cosas que vienen y ajustan bien, se dobla el pâ con saltillo
review_no_guess	ofensión	4			spellchecker flags token without suggestion	1765 Cortés y Zedeño	1765-cortes-y-zedeno:002298	itlacoliz	Traducción	ofensión
review_no_guess	tezcoco	4			spellchecker flags token without suggestion	2021 Wimmer	2021-wimmer:001163	tlatlauhquitezcatl	Traducción (es)	relación de tezcoco 16
review_no_guess	alfayate	3			spellchecker flags token without suggestion	153? Trilingüe	153-trilingue:000629	tlatzomani	Traducción	alfayate en arábigo
review_no_guess	antonomásticamente	3			spellchecker flags token without suggestion	17?? Bnf_362	17-bnf-362:003909	techihuani	Traducción	lo criado, o criador, así llaman antonomásticamente, a dios
review_no_guess	capsicum	3			spellchecker flags token without suggestion	2021 Wimmer	2021-wimmer:010338	chilli	Traducción (es)	ají (capsicum annuum l.)
review_no_guess	chaufournier	3			spellchecker flags token without suggestion	2021 Wimmer	2021-wimmer:032894	tenextlati	Traducción (es)	chaufournier, el que hace cal
review_no_guess	chichiconanaui	3			spellchecker flags token without suggestion	2021 Wimmer	2021-wimmer:010054	chichiucnanahui	Traducción (es)	de nuevo a nuevo (s - chichiconanaui o chichicunanaui)
review_no_guess	chiciconaui	3			spellchecker flags token without suggestion	2021 Wimmer	2021-wimmer:010053	chichiucnahui	Traducción (es)	de nuevo a nuevo (s - chiciconaui)
review_no_guess	chihcopilia	3			spellchecker flags token without suggestion	2021 Wimmer	2021-wimmer:009818	chichicopilia	Traducción (es)	chihchihcopilia, redupl. sobre chihcopilia
review_no_guess	desemejantemente	3			spellchecker flags token without suggestion	1571 Molina 1	1571-molina-1:015014	amo tenenehuiliztica	Traducción	desemejantemente
review_no_guess	gasajosa	3			spellchecker flags token without suggestion	1565 Sahagún Escolios	1565-sahagun-escolios:000359	ahahuile	Traducción	persona gasajosa y regocijada
review_no_guess	grafter	3			spellchecker flags token without suggestion	2021 Wimmer	2021-wimmer:014174	cuauhzalo	Traducción (es)	grafter, que entra, que injerta
review_no_guess	gusanienta	3			spellchecker flags token without suggestion	1565 Sahagún Escolios	1565-sahagun-escolios:001000	ocuillo	Traducción	cosa gusanienta
review_no_guess	houacho	3			spellchecker flags token without suggestion	1571 Molina 2	1571-molina-2:009981	ininacayo  +	Traducción	houacho
review_no_guess	ihtoa	3			spellchecker flags token without suggestion	2021 Wimmer	2021-wimmer:001479	tlatolo	Traducción (es)	v.pasivo- impers., en ihtoa, para decir, decimos algo
review_no_guess	ipalnemoani	3			spellchecker flags token without suggestion	1759 Paredes	1759-paredes:000110	tloque	Traducción	dios, por quien, con quien, y en quien vivimos. (cenhuelitini, ipalnemoani, tloquê, nahuaquê) son nombres propios de dios
review_no_guess	ixcomaca	3			spellchecker flags token without suggestion	1571 Molina 2	1571-molina-2:008934	ic niteixmotla	Traducción	lo mismo es que ixcomaca
review_no_guess	iyexi	3			spellchecker flags token without suggestion	2021 Wimmer	2021-wimmer:007810	yexi	Traducción (es)	v.refl., pedo. vea la variante yexi pero la forma correcta debe ser iyexi. / v.t. tē-., tirarse un pedo, una incongruencia delante de alguien
review_no_guess	malhecha	3			spellchecker flags token without suggestion	1645 Carochi	1645-carochi:000933	aiuhcayotl	Traducción	cosa malhecha
review_no_guess	mujerilmente	3			spellchecker flags token without suggestion	153? Trilingüe	153-trilingue:002892	cihuatca	Traducción	mujerilmente
review_no_guess	neltoca	3			spellchecker flags token without suggestion	2021 Wimmer	2021-wimmer:025332	neltocalo	Traducción (es)	v.impers., en neltoca
review_no_guess	nemontemi	3			spellchecker flags token without suggestion	2021 Wimmer	2021-wimmer:025578	nemo	Traducción (es)	nombre que reciben los nacidos durante los cinco días adicionales llamados nemontemi o nenontemi
review_no_guess	nieller	3			spellchecker flags token without suggestion	2021 Wimmer	2021-wimmer:004893	tzoacati	Traducción (es)	v.inanim., nieller, embrollar, quemar, secar, hablando de fruta
review_no_guess	nouveau	3			spellchecker flags token without suggestion	2021 Wimmer	2021-wimmer:017320	huitzyecolo	Traducción (es)	v.impers., probamos, pulque nouveau. / v.impers., probamos pulque nouveau
review_no_guess	papazgo	3			spellchecker flags token without suggestion	1780 ? Bnf_361	1780-bnf-361:008339	hueiteopixcatlatocayotl	Traducción	papazgo dignidad del papa
review_no_guess	quenin	3			spellchecker flags token without suggestion	1780 Clavijero	1780-clavijero:001296	immach	Traducción	con itla, aquin, quenin, después de alguna negación sirve para aumentarla
review_no_guess	sortílega	3			spellchecker flags token without suggestion	1629 Alarcón	1629-alarcon:001348	tetonaltiqui	Traducción	curandera, sortílega, embustera y muchas veces hechicera de las que tornan el hado o la fortuna a su lugar
review_no_guess	teixpanuia	3			spellchecker flags token without suggestion	1571 Molina 2	1571-molina-2:014996	ninquin  +	Traducción	lo mismo es que teixpanuia
review_no_guess	trampantojos	3			spellchecker flags token without suggestion	1571 Molina 2	1571-molina-2:001376	tlaxiccuilia	Traducción	tomar algo a otro, engañandolo con trampantojos. etc.
review_no_guess	yollochico	3			spellchecker flags token without suggestion	1565 Sahagún Escolios	1565-sahagun-escolios:000247	yollotlahueliloc	Traducción	[cosa loca ] ídem [yollochico] / loco
review_no_guess	acahmeh	2			spellchecker flags token without suggestion	2021 Wimmer	2021-wimmer:010098	aca	Traducción (es)	pronombre indefinido, alguien. / plural., acahmeh, algunos, se dice de personas - algunos, dizese de personas (c - acàmē)
review_no_guess	achtopa	2			spellchecker flags token without suggestion	1571 Molina 2	1571-molina-2:001622	achtotipa	Traducción	lo mismo es que achtopa
review_no_guess	alactic	2			spellchecker flags token without suggestion	1571 Molina 2	1571-molina-2:008354	alahuac	Traducción	lo mismo es que alactic
review_no_guess	alasvides	2			spellchecker flags token without suggestion	2021 Wimmer	2021-wimmer:013759	cuauhquechilia	Traducción (es)	v.t. tla-., apuntalar una casa, estacar plantas. / v.t. tla-., apoyar o apuntalar, casa o poner rodrigones alasvides o plantas pequeñas. pre
review_no_guess	amplexus	2			spellchecker flags token without suggestion	1780 ? Bnf_361	1780-bnf-361:026526	tlanahuatectli	Traducción	abrazada cosa, amplexus.a.um
review_no_guess	antepié	2			spellchecker flags token without suggestion	1780 ? Bnf_361	1780-bnf-361:005963	yuian	Traducción	pie, o antepié, o paso a paso
review_no_guess	antiscorbútica	2			spellchecker flags token without suggestion	1780 Clavijero	1780-clavijero:000101	xocohuitztli	Traducción	fruta que se da en racimos, agridulce, y antiscorbútica
review_no_guess	apozoniloni	2			spellchecker flags token without suggestion	1571 Molina 2	1571-molina-2:011409	amoloniloni	Traducción	lo mismo es que apozoniloni
review_no_guess	auiac	2			spellchecker flags token without suggestion	1571 Molina 2	1571-molina-2:007272	ahuiacamachoni	Traducción	lo mismo es que auiac
review_no_guess	azayac	2			spellchecker flags token without suggestion	17?? Bnf_362bis	17-bnf-362bis:000643	acazayac	Traducción	lo mismo que azayac
review_no_guess	aztecismo	2			spellchecker flags token without suggestion	2021 Wimmer	2021-wimmer:029126	pinacatl	Traducción (es)	escarabajo, aztecismo, pinacate
review_no_guess	botánicamente	2			spellchecker flags token without suggestion	2021 Wimmer	2021-wimmer:017113	huiloicxitl	Traducción (es)	botánicamente, sería una variedad del frangipani cacaloxōchitl
review_no_guess	bruiner	2			spellchecker flags token without suggestion	2021 Wimmer	2021-wimmer:023178	mixquiyahui	Traducción (es)	v.impers., bruiner
review_no_guess	calpixqueh	2			spellchecker flags token without suggestion	2021 Wimmer	2021-wimmer:039415	calpixque	Traducción (es)	calpixqueh, pl. por calpixqui
review_no_guess	cecepoca	2			spellchecker flags token without suggestion	2021 Wimmer	2021-wimmer:005439	cecepocalo	Traducción (es)	v. pasivo-impers. en cecepoca
review_no_guess	cehcelia	2			spellchecker flags token without suggestion	2021 Wimmer	2021-wimmer:004285	cecelilia	Traducción (es)	cehcelilia, aplicación sobre cehcelia
review_no_guess	cejonco	2			spellchecker flags token without suggestion	153? Trilingüe	153-trilingue:005244	ixcuamoltzompiqui	Traducción	cejonco
review_no_guess	cemaxcatia	2			spellchecker flags token without suggestion	1551-95 Documentos nahuas de la Ciudad de México	1551-95-documentos-nahuas-de-la-ciudad-de-mexico:000324	cemaxcatilia	Traducción	(dar) para que (alguien) tenga e posea (algo) para siempre / dar posesión / dar posesión (de alguna cosa a otro) para siempre (rev. de cemaxcatia) / meter en posesión de / tener (rev. de cemaxcatia)
review_no_guess	cemmactia	2			spellchecker flags token without suggestion	2021 Wimmer	2021-wimmer:007645	cemmactilia	Traducción (es)	aplicado a cemmactia
review_no_guess	centetia	2			spellchecker flags token without suggestion	1571 Molina 2	1571-molina-2:003485	celia in totlatol	Traducción	lo mismo es que centetia in totlatol
review_no_guess	chacamel	2			spellchecker flags token without suggestion	2021 Wimmer	2021-wimmer:009407	chachalaca	Traducción (es)	v.i., habla mucho. / v.impers. con el pref.obj.indefinido, inanimado tla-., hablamos mucho, charlamos. / ornitología, 'chachalacah', designaría también a un ave, el ortálido chacamel
review_no_guess	chichimeque	2			spellchecker flags token without suggestion	2021 Wimmer	2021-wimmer:009955	chichimecatl	Traducción (es)	chichimeque. / plural: los chichimèques, significados simbólicos, título
review_no_guess	chimalcaltia	2			spellchecker flags token without suggestion	1571 Molina 2	1571-molina-2:005808	chimallapachoa	Traducción	lo mismo es que chimalcaltia
review_no_guess	chohcholli	2			spellchecker flags token without suggestion	2021 Wimmer	2021-wimmer:010786	chochol	Traducción (es)	quizás apócope del chohcholli
review_no_guess	chrét	2			spellchecker flags token without suggestion	2021 Wimmer	2021-wimmer:040793	tlaneltocac	Traducción (es)	theol.chrét., creyente, fiel
review_no_guess	claustración	2			spellchecker flags token without suggestion	2021 Wimmer	2021-wimmer:026386	netzacualiztli	Traducción (es)	claustración, secuestro voluntario
review_no_guess	cotoloa	2			spellchecker flags token without suggestion	2021 Wimmer	2021-wimmer:012183	cotolhuia	Traducción (es)	aplicación sobre cotoloa
review_no_guess	cuamaño	2			spellchecker flags token without suggestion	153? Trilingüe	153-trilingue:004972	inquexquichhuey	Traducción	tamaño cuamaño
review_no_guess	cuepilia	2			spellchecker flags token without suggestion	2021 Wimmer	2021-wimmer:014498	cuepililia	Traducción (es)	en cuepilia
review_no_guess	cuexpalli	2			spellchecker flags token without suggestion	2021 Wimmer	2021-wimmer:014646	cuexpallaza	Traducción (es)	v.refl., cortando el candado llamado “cuexpalli”, sanciona el primer acto de valentía
review_no_guess	cuezalin	2			spellchecker flags token without suggestion	2021 Wimmer	2021-wimmer:002817	tlecocomoctli	Traducción (es)	llama, espada de fuego. / nombre de un adorno, penacho de plumas de guacamaya roja (cuezalin) que imita un crepitar de fuego
review_no_guess	cuicuinaca	2			spellchecker flags token without suggestion	2021 Wimmer	2021-wimmer:014840	cuicuinacaltia	Traducción (es)	causante de cuicuinaca
review_no_guess	dasypus	2			spellchecker flags token without suggestion	2021 Wimmer	2021-wimmer:032942	ayotochtli	Traducción (es)	dasypus novemcinctus mexicanus peters. en villa r. 'mamíferos silvestres' 349
candidate_accent	demasia	2	demasía	demasía, demasías, desasía	demasia -> demasía	1571 Molina 1	1571-molina-1:004776	xiuhcaltic	Traducción	verde cosa en demasia
review_no_guess	desatravesado	2			spellchecker flags token without suggestion	1571 Molina 1	1571-molina-1:000846	tlatlamelauhcatectli	Traducción	desatravesado
review_no_guess	desempulgado	2			spellchecker flags token without suggestion	1571 Molina 1	1571-molina-1:033138	tlahuitolli  +	Traducción	desempulgado arco
review_no_guess	desencabestrada	2			spellchecker flags token without suggestion	1571 Molina 1	1571-molina-1:002327	tlaxotemecayotontli	Traducción	desencabestrada bestia
review_no_guess	engl	2			spellchecker flags token without suggestion	2021 Wimmer	2021-wimmer:005588	xexeloa	Traducción (es)	v.t. tla-., extiendo en varias partes, y de varios montones.engl., esparcir algo en varias direcciones diferentes y en diferentes montones
review_no_guess	enhaspar	2			spellchecker flags token without suggestion	1571 Molina 1	1571-molina-1:009314	cuacuammatia	Traducción	enhaspar
review_no_guess	ensangostado	2			spellchecker flags token without suggestion	1571 Molina 1	1571-molina-1:001861	tlatzololli	Traducción	ensangostado
review_no_guess	escodradolar	2			spellchecker flags token without suggestion	1780 ? Bnf_361	1780-bnf-361:019226	teixmana	Traducción	escodradolar piedra
review_no_guess	etiolado	2			spellchecker flags token without suggestion	2021 Wimmer	2021-wimmer:012209	cototzhuacqui	Traducción (es)	marchito, etiolado, seco
review_no_guess	frentedorada	2			spellchecker flags token without suggestion	2021 Wimmer	2021-wimmer:013517	cuauhchochopitli	Traducción (es)	ornitología: pájaro carpintero frentedorada
review_no_guess	gatopaus	2			spellchecker flags token without suggestion	1571 Molina 1	1571-molina-1:022998	ozomatli	Traducción	gatopaus
review_no_guess	gluer	2			spellchecker flags token without suggestion	2021 Wimmer	2021-wimmer:001700	tlatzauchuapahuani	Traducción (es)	gluer, que se pega
review_no_guess	gualtheria	2			spellchecker flags token without suggestion	2021 Wimmer	2021-wimmer:030749	axocopac	Traducción (es)	pasto (xihuitl) gualtheria acuminata schl. y cham
review_no_guess	haciaca	2			spellchecker flags token without suggestion	1780 ? Bnf_361	1780-bnf-361:010987	izhual	Traducción	aquende de esa parte; o haciaca
review_no_guess	hidropesico	2			spellchecker flags token without suggestion	2021 Wimmer	2021-wimmer:018858	itixihuini	Traducción (es)	hidropesico, glotón (s s itexiuini)
review_no_guess	ihyalilia	2			spellchecker flags token without suggestion	2021 Wimmer	2021-wimmer:018336	ihyalililia	Traducción (es)	aplicación en ihyalilia
review_no_guess	illisible	2			spellchecker flags token without suggestion	1780 ? Bnf_361	1780-bnf-361:016343	?	Traducción	(illisible)
review_no_guess	impsonaliter	2			spellchecker flags token without suggestion	153? Trilingüe	153-trilingue:000565	tlatzatziztlehua	Traducción	impsonaliter
review_no_guess	inanimar	2			spellchecker flags token without suggestion	2021 Wimmer	2021-wimmer:011820	cocoxoca	Traducción (es)	v. inanimar, resonar, hacer ruido al hablar de un jarrón que no está lleno, de un huevo que no está fresco
review_no_guess	ixcuinammeh	2			spellchecker flags token without suggestion	2021 Wimmer	2021-wimmer:019458	ixcuina	Traducción (es)	nombre divino, otro nombre de la diosa tlazōlteōtl. / plural., ixcuinammeh, designa demonios femeninos
review_no_guess	iztapalapan	2			spellchecker flags token without suggestion	2021 Wimmer	2021-wimmer:019081	itztapalapaneca	Traducción (es)	étnicos, habitantes de iztapalapan
review_no_guess	joints	2			spellchecker flags token without suggestion	2021 Wimmer	2021-wimmer:011793	cocototzauhyan	Traducción (es)	our joints en general
review_no_guess	kinkajú	2			spellchecker flags token without suggestion	2021 Wimmer	2021-wimmer:027228	ocotochin	Traducción (es)	término genérico, pequeño animal peludo que vive en el bosque, gato montés, lince, marta o kinkajú
review_no_guess	laudativo	2			spellchecker flags token without suggestion	2021 Wimmer	2021-wimmer:004115	totopal	Traducción (es)	personaje. / laudativo, el que viste magníficamente, elegante, vestido con esmero. / peyorativo, jactancioso, engreído
review_no_guess	lavajal	2			spellchecker flags token without suggestion	1571 Molina 1	1571-molina-1:007081	zoquitla	Traducción	lavajo o lavajal como de puercos
review_no_guess	magreserse	2			spellchecker flags token without suggestion	1780 ? Bnf_361	1780-bnf-361:000690	tlatlalhuati	Traducción	magreserse pararse flaco
review_no_guess	malformadas	2			spellchecker flags token without suggestion	2021 Wimmer	2021-wimmer:011207	cintapayolli	Traducción (es)	mazorcas de maíz malformadas que se forman en bolitas
candidate_accent	manípula	2	manipula	manipula, manipular, manipulan, manipuló, manipule, manipulas	manípula -> manipula	1598 Tezozomoc	1598-tezozomoc:001013	matemecatl	Traducción	colgadero de brazo, ancho como manípula, de colorado cuero y dorado
review_no_guess	medrapormejoria	2			spellchecker flags token without suggestion	1571 Molina 1	1571-molina-1:019810	neicneliliztli	Traducción	medrapormejoria
review_no_guess	miltomate	2			spellchecker flags token without suggestion	1598 Tezozomoc	1598-tezozomoc:001093	miltomatl	Traducción	miltomate / [tipo de] comida
review_no_guess	mpers	2			spellchecker flags token without suggestion	2021 Wimmer	2021-wimmer:007871	yohua	Traducción (es)	v.i. o v.i.mpers., hacer noche
review_no_guess	nechca	2			spellchecker flags token without suggestion	1645 Carochi	1645-carochi:000385	ye	Traducción	ya / çan ~ nö ihui, de la misma manera / (çan ~) nö iuh, de la misma manera / ca ~, ya / çan ~ nö iuhqui, de la misma manera / çan ~ nö, mismo / (in) ~ nechca, tiempos pasados / (in) ~ nëpa, tiempos pasados / ~ huècauh, antiguo / ~ imman, ya es hora / ~ imman, ya es tiempo / ~ imonequiän, ya es tiem
review_no_guess	nenacazteco	2			spellchecker flags token without suggestion	2021 Wimmer	2021-wimmer:024311	nacazteco	Traducción (es)	v.pasivo en nacaztequi. / práctica ritual, nenacazteco, nos cortamos, nos cortamos las orejas
review_no_guess	nenontemi	2			spellchecker flags token without suggestion	2021 Wimmer	2021-wimmer:025578	nemo	Traducción (es)	nombre que reciben los nacidos durante los cinco días adicionales llamados nemontemi o nenontemi
review_no_guess	netechalaniani	2			spellchecker flags token without suggestion	1571 Molina 2	1571-molina-2:018715	tenetechehuani	Traducción	lo mismo es que netechalaniani
review_no_guess	netechaxitia	2			spellchecker flags token without suggestion	1571 Molina 2	1571-molina-2:014542	netechoa	Traducción	lo mismo es que netechaxitia
review_no_guess	ninochicaua	2			spellchecker flags token without suggestion	1571 Molina 2	1571-molina-2:014971	nicuauhyoa  +	Traducción	lo mismo es que tetech ninochicaua
review_no_guess	nitroido	2			spellchecker flags token without suggestion	153? Trilingüe	153-trilingue:006330	nacanahuatilizpatli	Traducción	anmejo o nitroido
review_no_guess	nochvaconeuh	2			spellchecker flags token without suggestion	1565 Sahagún Escolios	1565-sahagun-escolios:000548	ichuaconeuh	Traducción	entenado o entenada, la mujer dice algunas veces mi entenado o entenada nochvaconeuh
review_no_guess	nocommati	2			spellchecker flags token without suggestion	1571 Molina 2	1571-molina-2:014753	aquen nic mati  =	Traducción	cf. aquen nocommati
review_no_guess	nohmah	2			spellchecker flags token without suggestion	2021 Wimmer	2021-wimmer:026891	noma	Traducción (es)	se utiliza sin prefijo en la expresión. oc nohmah, otra vez, otra vez ahora
review_no_guess	novemcinctus	2			spellchecker flags token without suggestion	2021 Wimmer	2021-wimmer:032942	ayotochtli	Traducción (es)	dasypus novemcinctus mexicanus peters. en villa r. 'mamíferos silvestres' 349
review_no_guess	noyacapannemac	2			spellchecker flags token without suggestion	2021 Wimmer	2021-wimmer:007217	yacapannemactli	Traducción (es)	derecho de nacimiento. / a la forma poseída, noyacapannemac, mi derecho de nacimiento
review_no_guess	onacucho	2			spellchecker flags token without suggestion	2021 Wimmer	2021-wimmer:007721	acochoa	Traducción (es)	v.i., estornudar. pre: onacucho
review_no_guess	onicacan	2			spellchecker flags token without suggestion	1565 Sahagún Escolios	1565-sahagun-escolios:000859	acana	Traducción	sacar la a tierra. onicacan
review_no_guess	otomía	2			spellchecker flags token without suggestion	2021 Wimmer	2021-wimmer:028017	otoncihuatl	Traducción (es)	mujer otomía. / plural: mujeres con otomías
review_no_guess	oxomoco	2			spellchecker flags token without suggestion	2021 Wimmer	2021-wimmer:028078	oxomoconti	Traducción (es)	v.i., conviértete en oxomoco
review_no_guess	oztoman	2			spellchecker flags token without suggestion	2021 Wimmer	2021-wimmer:028124	oztomecatl	Traducción (es)	residente de oztoman. comerciante
review_no_guess	palánciano	2			spellchecker flags token without suggestion	1571 Molina 1	1571-molina-1:025801	tecpannenqui	Traducción	palánciano de este palacio
review_no_guess	pantorrilludo	2			spellchecker flags token without suggestion	1571 Molina 2	1571-molina-2:006491	cotztatapayoltic	Traducción	pantorrilludo
review_no_guess	permetaforam	2			spellchecker flags token without suggestion	1780 ? Bnf_361	1780-bnf-361:021293	tetech patlacat	Traducción	generoso de buen linaje. et permetaforam
review_no_guess	picaviento	2			spellchecker flags token without suggestion	1571 Molina 1	1571-molina-1:010967	ehecaixnamiquiliztli	Traducción	picaviento
review_no_guess	pilarcico	2			spellchecker flags token without suggestion	1571 Molina 1	1571-molina-1:028249	tepiyaztli	Traducción	columna o pilarcico de claraboya o de ventaña
review_no_guess	pilarico	2			spellchecker flags token without suggestion	1571 Molina 2	1571-molina-2:019314	tepiyaztli	Traducción	pilarico de claraboya o de ventana, o columna de piedra
review_no_guess	pohpoloa	2			spellchecker flags token without suggestion	2021 Wimmer	2021-wimmer:029569	popolhuia	Traducción (es)	v.bitrans. tētla-., perdonar a alguien. una ofensa; destruir algo. perteneciente a alguien. / v.bitrans. motla-., destruir algo que nos pertenece. / v.bitrans. motē-., honorífico en pohpoloa, destruir a la gente
review_no_guess	possum	2			spellchecker flags token without suggestion	17?? Bnf_362bis	17-bnf-362bis:000217	huel	Traducción	con el se suple el verbo poder, en latin possum. y con el negativo amo huel el verbo no poder, nequeo
review_no_guess	quacecelicapil	2			spellchecker flags token without suggestion	1571 Molina 2	1571-molina-2:006589	cuacecelic	Traducción	lo mismo es que quacecelicapil
review_no_guess	qualcan	2			spellchecker flags token without suggestion	1780 Clavijero	1780-clavijero:000202	yeccan	Traducción	en buen lugar; pero significa también como qualcan, oportunidad
review_no_guess	quamaño	2			spellchecker flags token without suggestion	1571 Molina 1	1571-molina-1:014029	inquexquich  +	Traducción	tamaño quamaño
review_no_guess	quaquata	2			spellchecker flags token without suggestion	2021 Wimmer	2021-wimmer:013254	cuatacuicatl	Traducción (es)	canción de la quaquata
review_no_guess	quaxada	2			spellchecker flags token without suggestion	1571 Molina 1	1571-molina-1:015460	ixtetzahuaca	Traducción	tez de alguna cosa liquida y cuajada como la lapa o nata de leche quaxada o de poleadas, cuando están frías o de almidón o de cosa semejante que tiene tez en la sobre haz
review_no_guess	quemiente	2			spellchecker flags token without suggestion	1571 Molina 2	1571-molina-2:018285	teiztlacahui	Traducción	el quemiente, o engaña a otros
review_no_guess	rectriz	2			spellchecker flags token without suggestion	2021 Wimmer	2021-wimmer:011757	ahahuitztli	Traducción (es)	penne, pluma del ala (remigrar) o de la cola (rectriz) del ave
review_no_guess	reptilia	2			spellchecker flags token without suggestion	153? Trilingüe	153-trilingue:001215	totoltetl	Traducción	huevo de ave o reptilia
review_no_guess	riesgada	2			spellchecker flags token without suggestion	17?? Bnf_362	17-bnf-362:003344	ohui	Traducción	difícil cosa; riesgada, o peligrosa cosa, o difícil
review_no_guess	sacamano	2			spellchecker flags token without suggestion	1780 ? Bnf_361	1780-bnf-361:013420	namoya	Traducción	arrebatar o robar algo; o robar a sacamano; rebatar a sacomano, o dar
review_no_guess	sarigue	2			spellchecker flags token without suggestion	2021 Wimmer	2021-wimmer:037919	tlacuachtli	Traducción (es)	animal marsupial, zarigüeya o sarigue, mexicano
review_no_guess	secuestración	2			spellchecker flags token without suggestion	1571 Molina 1	1571-molina-1:029780	tetlatquipieltiliztli	Traducción	secuestración así
review_no_guess	semaxca	2			spellchecker flags token without suggestion	1571 Molina 1	1571-molina-1:019353	neahuializtli	Traducción	maxcadura de lo que semaxca
review_no_guess	seulement	2			spellchecker flags token without suggestion	1780 ? Bnf_361	1780-bnf-361:006233	zan nen quitoa	Traducción	cumplir de palabra (seulement)
review_no_guess	soportación	2			spellchecker flags token without suggestion	1571 Molina 2	1571-molina-2:000802	tlatlematiliztli	Traducción	sufrimiento, o soportación
review_no_guess	spiritualiter	2			spellchecker flags token without suggestion	1547 Olmos_V ?	1547-olmos-v:001297	nextilia	Traducción	alumbrar spiritualiter
review_no_guess	supracaudal	2			spellchecker flags token without suggestion	2021 Wimmer	2021-wimmer:029734	poyahualli	Traducción (es)	pluma que recubre las plumas de la cola del ave, pluma supracaudal (de color marrón)
review_no_guess	supracola	2			spellchecker flags token without suggestion	2021 Wimmer	2021-wimmer:013246	cuappoyahualli	Traducción (es)	plumas supracola del águila. michel gilonne 1997, 189
review_no_guess	sylvilagus	2			spellchecker flags token without suggestion	2021 Wimmer	2021-wimmer:013380	cuatochin	Traducción (es)	conejo de rabo blanco oriental (sylvilagus floridanus)
review_no_guess	tabaktasche	2			spellchecker flags token without suggestion	2021 Wimmer	2021-wimmer:020394	iyataztli	Traducción (es)	capellán o bolsa de incienso, usada por los sacerdotes, tlamacazqueh. seler traduce tabaktasche
review_no_guess	taxamanil	2			spellchecker flags token without suggestion	17?? Bnf_362	17-bnf-362:000631	xamanilteca	Traducción	entablar el techo o el suelo, si es con taxamanil
review_no_guess	telleriano	2			spellchecker flags token without suggestion	2021 Wimmer	2021-wimmer:009593	chalchiuhtotolin	Traducción (es)	ornitología, el 'pavo de jade'. / nombre divino, divinidad que preside los trece 1 ātl en el códice telleriano-remensis 20v
review_no_guess	temachia	2			spellchecker flags token without suggestion	2021 Wimmer	2021-wimmer:032228	temachhua	Traducción (es)	v.impers., en temachia, estamos esperando
review_no_guess	tochpan	2			spellchecker flags token without suggestion	2021 Wimmer	2021-wimmer:003288	tochpanecatl	Traducción (es)	residente de tochpan. / plural: pueblos del país correspondiente a la provincia de xalisco (bet.)
review_no_guess	totolinpanecah	2			spellchecker flags token without suggestion	2021 Wimmer	2021-wimmer:008491	zacatechpan	Traducción (es)	así designaban los totolinpanecah el lugar donde, instalando una cama de zacate, ofrecían comida a su dios
review_no_guess	toyohyomoc	2			spellchecker flags token without suggestion	2021 Wimmer	2021-wimmer:007958	yohyomoctli	Traducción (es)	los riñones. / en forma posesiva, toyohyomoc, nuestros riñones, los riñones. / los testículos
review_no_guess	troupial	2			spellchecker flags token without suggestion	2021 Wimmer	2021-wimmer:008557	zacuammiztli	Traducción (es)	puma decorado con las plumas del ave troupial
review_no_guess	ueyac	2			spellchecker flags token without suggestion	2021 Wimmer	2021-wimmer:016609	hueiyac	Traducción (es)	largo, alargado (s - ueyac)
review_no_guess	vacalli	2			spellchecker flags token without suggestion	2021 Wimmer	2021-wimmer:016059	huacalhuia	Traducción (es)	llevar algo acuestas en vacalli
review_no_guess	vidueño	2			spellchecker flags token without suggestion	1571 Molina 1	1571-molina-1:014555	itlatlamanca xocomecatl	Traducción	vidueño de vides
review_no_guess	wisp	2			spellchecker flags token without suggestion	2021 Wimmer	2021-wimmer:030447	quimichtomitl	Traducción (es)	wisp
review_no_guess	works	2			spellchecker flags token without suggestion	2021 Wimmer	2021-wimmer:011411	coatequiti	Traducción (es)	v.i., work on public, community works. / v.i., trabajar en obras publicas, o de comunidad
review_no_guess	xacalli	2			spellchecker flags token without suggestion	1571 Molina 1	1571-molina-1:009356	cuahuimoloa	Traducción	poner algo en la cumbre del xacalli
review_no_guess	xocvicolli	2			spellchecker flags token without suggestion	1565 Sahagún Escolios	1565-sahagun-escolios:000189	xocuicolli	Traducción	olla con asa, rec. xocvicolli
review_no_guess	xoxocoyolin	2			spellchecker flags token without suggestion	2021 Wimmer	2021-wimmer:022674	miccaxoxocoyolin	Traducción (es)	probablemente una variedad de acedera (xoxocoyolin)
review_no_guess	yacachtli	2			spellchecker flags token without suggestion	1645 Carochi	1645-carochi:002146	ayacachilhuia	Traducción	tañer las sonajas äyacachtli a otros
review_no_guess	yayoca	2			spellchecker flags token without suggestion	2021 Wimmer	2021-wimmer:007376	yahyoca	Traducción (es)	incorrecto, reprobable (s yayoca)
review_no_guess	yenoneua	2			spellchecker flags token without suggestion	1571 Molina 2	1571-molina-2:004255	yenopan	Traducción	lo mismo es que yenoneua
review_no_guess	yopihco	2			spellchecker flags token without suggestion	2021 Wimmer	2021-wimmer:008334	yopica	Traducción (es)	los miembros del calpolli llamados yopihco
review_no_guess	zacacilina	2			spellchecker flags token without suggestion	2021 Wimmer	2021-wimmer:008535	zacatzilcuani	Traducción (es)	que se alimenta de zacatzilin o zacacilina
review_no_guess	zayenelli	2			spellchecker flags token without suggestion	17?? Bnf_362bis	17-bnf-362bis:000569	nelli  +	Traducción	vide ach zayenelli
review_no_guess	ztla	2			spellchecker flags token without suggestion	1645 Carochi	1645-carochi:000997	huiptla	Traducción	después de mañana / möztla ~, un día de estos / pasado mañana
review_no_guess	éncóntrario	2			spellchecker flags token without suggestion	1571 Molina 1	1571-molina-1:015173	ixnamictia	Traducción	poner éncóntrario
review_no_guess	énel	2			spellchecker flags token without suggestion	1571 Molina 2	1571-molina-2:021066	tlaatlantemalli	Traducción	cosa echada en remojo, o énel agua
review_no_guess	énpie	2			spellchecker flags token without suggestion	1571 Molina 1	1571-molina-1:010422	cuepa	Traducción	ladearme estando énpie
review_no_guess	acattopa	1			spellchecker flags token without suggestion	1645 Carochi	1645-carochi:001806	oc	Traducción	todavía / por ahora / aún / además / primero / entretanto / tlä ~, aguarda / ~ acattopa, primero / además de eso / ~ acatto, primer cosa / ~ achto, primero / ~ cecni, en otro lugar / ~ hualcâ, mucho más (comparativo) / ~ huècauh, mucho tiempo después / ~ ïmöztlayoc, un día antes / ~ itlà, algo más /
review_no_guess	acazomo	1			spellchecker flags token without suggestion	1759 Paredes	1759-paredes:001722	azocamo	Traducción	acaso no. lo mismo, que acazomo
review_no_guess	aceceyoa	1			spellchecker flags token without suggestion	1571 Molina 2	1571-molina-2:002412	aciciyoa	Traducción	lo mismo es que aceceyoa
review_no_guess	acobdi	1			spellchecker flags token without suggestion	1547 Olmos_V ?	1547-olmos-v:000681	elehuia	Traducción	desear acobdi
review_no_guess	acoml	1			spellchecker flags token without suggestion	153? Trilingüe	153-trilingue:008347	teaachti ^	Traducción	acoml[--]anânre
review_no_guess	acrecéntarsela	1			spellchecker flags token without suggestion	1571 Molina 2	1571-molina-2:008674	hueyaz  +	Traducción	acrecéntarsela, o creceramas. s. su premio. etc.
review_no_guess	adeuino	1			spellchecker flags token without suggestion	1598 Tezozomoc	1598-tezozomoc:001644	tetzahui	Traducción	ser agüero o hechizo adeuino
review_no_guess	adivicem	1			spellchecker flags token without suggestion	17?? Bnf_362bis	17-bnf-362bis:000583	nepan	Traducción	mutuamente. adivicem. se usa solo en composición, y fuera de ella se dice nepanotl
review_no_guess	aduedrio	1			spellchecker flags token without suggestion	1571 Molina 2	1571-molina-2:014866	neyocoyaliztli	Traducción	libre aduedrio, o comedimiento del que se comide a hacer algo
review_no_guess	adufero	1			spellchecker flags token without suggestion	153? Trilingüe	153-trilingue:009596	behuetzotzonani	Traducción	adufero el que los tañe
review_no_guess	aflechear	1			spellchecker flags token without suggestion	1780 ? Bnf_361	1780-bnf-361:025766	tlallantocainic	Traducción	aflechear estando enterrado, de manera que apenas se le parece la cabeza
review_no_guess	agarista	1			spellchecker flags token without suggestion	2021 Wimmer	2021-wimmer:030303	quichpayatl	Traducción (es)	ornitología: nombre de un ave, agarista (pájaro)
review_no_guess	aguabiua	1			spellchecker flags token without suggestion	1571 Molina 2	1571-molina-2:015691	atl  +	Traducción	aguabiua
review_no_guess	aguavinocacao	1			spellchecker flags token without suggestion	1547 Olmos_V ?	1547-olmos-v:001568	atli	Traducción	beber aguavinocacao
review_no_guess	ahacxoyático	1			spellchecker flags token without suggestion	2021 Wimmer	2021-wimmer:040617	aacxoyatic	Traducción (es)	ver aaxótico y ahacxoyático
review_no_guess	ahaltia	1			spellchecker flags token without suggestion	2021 Wimmer	2021-wimmer:024732	neahaltilo	Traducción (es)	v.impers. en ahaltia: nos bañamos
review_no_guess	ahcolmecah	1			spellchecker flags token without suggestion	2021 Wimmer	2021-wimmer:009217	acolmecatl	Traducción (es)	habitante de acolman. / plural: ahcolmecah
review_no_guess	ahcualli	1			spellchecker flags token without suggestion	2021 Wimmer	2021-wimmer:010381	acualtin	Traducción (es)	pluri. en ahcualli
review_no_guess	ahmolli	1			spellchecker flags token without suggestion	2021 Wimmer	2021-wimmer:011986	ahamohuia	Traducción (es)	v.refl., se lavaban la cabeza con jabón, ahmolli
review_no_guess	ahninomimiloa	1			spellchecker flags token without suggestion	2021 Wimmer	2021-wimmer:022975	mimiloa	Traducción (es)	v.t. tla-., alterar, volcar algo. / v.t. tē-., darle la vuelta a alguien. / v.refl. mo-., rodar por el suelo, extender, aumentar. / v.refl., revolcarse. / metáfora: ahninomimiloa, me considero pequeño
review_no_guess	ajoanderson	1			spellchecker flags token without suggestion	2021 Wimmer	2021-wimmer:026771	aquin	Traducción (es)	pregunta, ¿quién? / plural: con, no es interrogativo. ajoanderson 1973 ii 45
review_no_guess	alacreedor	1			spellchecker flags token without suggestion	1571 Molina 2	1571-molina-2:009901	inama	Traducción	ir ademandar la deuda alacreedor, inquirir y preguntar a los que han dicho algo contra mi, o a los que oyeron decir mal de mi, para purgarme y dar aentender mi inocencia
review_no_guess	alamano	1			spellchecker flags token without suggestion	1571 Molina 2	1571-molina-2:013081	motlacahualtiqui	Traducción	abstinente que se va alamano
review_no_guess	alapersona	1			spellchecker flags token without suggestion	17?? Bnf_362	17-bnf-362:004799	tlalchica	Traducción	estar debajo poniendo el verbo ca el pronombre que le corresponde alapersona que hace
review_no_guess	alaqual	1			spellchecker flags token without suggestion	1571 Molina 2	1571-molina-2:000806	tlatleminalli	Traducción	cosa alaqual se pego fuego de esta manera
review_no_guess	alarifazgo	1			spellchecker flags token without suggestion	153? Trilingüe	153-trilingue:010997	callamatiliztli	Traducción	alarifazgo aquella judicatura
review_no_guess	alavestidura	1			spellchecker flags token without suggestion	1571 Molina 2	1571-molina-2:018787	tentia	Traducción	amolar o afilar cuchillo o cosa semejante, o echar ribete o flocadura o franja alavestidura
review_no_guess	albicollis	1			spellchecker flags token without suggestion	2021 Wimmer	2021-wimmer:020637	iztaccuauhtli	Traducción (es)	ornitología, ratonero blanco (leucopternis albicollis). sería sinónimo de yohualcuāuhtli. michel gilonne 1997, 193. / plural., iztaccuācuāuhtin. / título divino. / nombre personal, uno de los seis compañeros de xolotl
review_no_guess	albifrons	1			spellchecker flags token without suggestion	2021 Wimmer	2021-wimmer:011554	cochotl	Traducción (es)	ornitología: loro de frente blanca, amazona albifrons
review_no_guess	alboguero	1			spellchecker flags token without suggestion	153? Trilingüe	153-trilingue:003281	cuahuihlacapitzoani	Traducción	alboguero
review_no_guess	albordon	1			spellchecker flags token without suggestion	1571 Molina 1	1571-molina-1:004079	tzintepozzotia	Traducción	recatón poner a la lanza o albordon
review_no_guess	alcalcel	1			spellchecker flags token without suggestion	153? Trilingüe	153-trilingue:001042	toctli yahualihui	Traducción	alcalcel de cebada
review_no_guess	alcontrario	1			spellchecker flags token without suggestion	1571 Molina 1	1571-molina-1:013237	icuepca mochiuhtica	Traducción	alcontrario
review_no_guess	algobueno	1			spellchecker flags token without suggestion	1547 Olmos_V ?	1547-olmos-v:001856	tlacualquilia	Traducción	hacer algobueno
review_no_guess	algovoluntario	1			spellchecker flags token without suggestion	1547 Olmos_V ?	1547-olmos-v:001362	ommahuia	Traducción	hacer algovoluntario
review_no_guess	alguntanto	1			spellchecker flags token without suggestion	1571 Molina 2	1571-molina-2:006816	cualli  +	Traducción	alguntanto bueno, o un poco mejor
review_no_guess	algúnsecreto	1			spellchecker flags token without suggestion	1571 Molina 1	1571-molina-1:030080	tetzauhtlatoa	Traducción	hablar cosas espantosas yescandalosas, o revolviera otros descubriendo algúnsecreto
review_no_guess	alhaquéque	1			spellchecker flags token without suggestion	153? Trilingüe	153-trilingue:010108	teuctitlantli	Traducción	alhaquéque en arábigo
review_no_guess	alhondiguero	1			spellchecker flags token without suggestion	153? Trilingüe	153-trilingue:003674	cuezcomapixqui	Traducción	alhondiguero guarda del
review_no_guess	alijadandola	1			spellchecker flags token without suggestion	1780 ? Bnf_361	1780-bnf-361:023180	tlaatlantoxahuani	Traducción	echador de alguna cosa a la mar, o alijadandola por la tempestad
review_no_guess	almesmo	1			spellchecker flags token without suggestion	1571 Molina 2	1571-molina-2:004245	yenoicuachi	Traducción	y almesmo tiempo, o a este mismo tiempo
review_no_guess	alpronombre	1			spellchecker flags token without suggestion	17?? Bnf_362bis	17-bnf-362bis:000674	pan	Traducción	unido alpronombre te, o i significa varias cosas que trae molina en su vocabulario
review_no_guess	altheas	1			spellchecker flags token without suggestion	1780 Clavijero	1780-clavijero:002210	atlatzopilin	Traducción	nombre de dos plantas medicinales de la clase de las altheas
review_no_guess	amecaca	1			spellchecker flags token without suggestion	1595 Rincón	1595-rincon:000311	amaqueme	Traducción	vecino de amecaca
review_no_guess	amelicinar	1			spellchecker flags token without suggestion	153? Trilingüe	153-trilingue:009299	tepatia ^	Traducción	amelicinar
review_no_guess	amoradúx	1			spellchecker flags token without suggestion	153? Trilingüe	153-trilingue:003538	cexihuitl ahuiac	Traducción	amoradúx o axedréa
review_no_guess	amoynar	1			spellchecker flags token without suggestion	1780 ? Bnf_361	1780-bnf-361:004654	xixiuhtlatia	Traducción	amoynar, y moler a otro
review_no_guess	amuibuena	1			spellchecker flags token without suggestion	17?? Bnf_362bis	17-bnf-362bis:000227	huel imman	Traducción	amuibuena hora. o tiempo, ù ocasión
review_no_guess	amuybuena	1			spellchecker flags token without suggestion	17?? Bnf_362bis	17-bnf-362bis:000234	huel yeccan	Traducción	amuybuena hora. o tiempo, en muy buen lugar, o parte. adverbio de tiempo y lugar
review_no_guess	aneloloni	1			spellchecker flags token without suggestion	1571 Molina 2	1571-molina-2:014676	apozoniloni	Traducción	lo mismo es que aneloloni
review_no_guess	anonacitinemi	1			spellchecker flags token without suggestion	1571 Molina 2	1571-molina-2:012999	anonnonamiqui	Traducción	lo mismo es que anonacitinemi
review_no_guess	ansarería	1			spellchecker flags token without suggestion	153? Trilingüe	153-trilingue:011255	tlalalacatla	Traducción	ansarería donde se crían
review_no_guess	anzolado	1			spellchecker flags token without suggestion	153? Trilingüe	153-trilingue:006222	mocatlapipilolo	Traducción	anzolado de anzuelos lleno
review_no_guess	apefream	1			spellchecker flags token without suggestion	1780 ? Bnf_361	1780-bnf-361:021443	tetepacholiztli	Traducción	apefream(ien(to
review_no_guess	apercevimi	1			spellchecker flags token without suggestion	1780 ? Bnf_361	1780-bnf-361:021727	tetlalhuiliztli	Traducción	apercevimi(en)to. p(ar)a que vaya al convite
review_no_guess	apostemación	1			spellchecker flags token without suggestion	153? Trilingüe	153-trilingue:000731	tlaxhualiztli	Traducción	apostema o apostemación
review_no_guess	apropriamiénto	1			spellchecker flags token without suggestion	1571 Molina 2	1571-molina-2:013682	neaxcatiliztli	Traducción	apropriamiénto de hacienda
review_no_guess	apuneam	1			spellchecker flags token without suggestion	1780 ? Bnf_361	1780-bnf-361:021456	tetepiniliztli	Traducción	apuneam(ien(to, golpeamiento con el puño
review_no_guess	aquatique	1			spellchecker flags token without suggestion	1780 ? Bnf_361	1780-bnf-361:011926	amoxtli	Traducción	plante aquatique
review_no_guess	argollón	1			spellchecker flags token without suggestion	1598 Tezozomoc	1598-tezozomoc:000677	cuauhcozcatl	Traducción	collar de palo / argollón de palo como cepo
review_no_guess	arguenas	1			spellchecker flags token without suggestion	153? Trilingüe	153-trilingue:002201	zaliuhcaxiquihilli	Traducción	arguenas o alforjas
review_no_guess	arreburujam	1			spellchecker flags token without suggestion	1780 ? Bnf_361	1780-bnf-361:024119	tlacocolocholiztli	Traducción	arreburujam(ien)to de algo así como papel manta estera o cosa semejante
review_no_guess	arredondeca	1			spellchecker flags token without suggestion	1547 Olmos_V ?	1547-olmos-v:001647	tehuilacachoa	Traducción	arredondeca [arredondear]
review_no_guess	arregañadientes	1			spellchecker flags token without suggestion	1571 Molina 1	1571-molina-1:015433	ixtemotzoloa	Traducción	cerrar los ojos arregañadientes
review_no_guess	arrojarapedre	1			spellchecker flags token without suggestion	1547 Olmos_V ?	1547-olmos-v:001191	motla	Traducción	tirar arrojarapedre
review_no_guess	asirdor	1			spellchecker flags token without suggestion	1780 ? Bnf_361	1780-bnf-361:018178	teanani	Traducción	adiestrador de ciego; asirdor, o prendedor de otro
review_no_guess	asnerizo	1			spellchecker flags token without suggestion	153? Trilingüe	153-trilingue:005925	mazaoztomecapixqui	Traducción	asnerizo o arriero
review_no_guess	asombramietno	1			spellchecker flags token without suggestion	1780 ? Bnf_361	1780-bnf-361:022215	tetonalcahualtiliztli	Traducción	espanto; asombramietno a otro
review_no_guess	asperomiento	1			spellchecker flags token without suggestion	153? Trilingüe	153-trilingue:008580	tecualoncaitiliztli	Traducción	asperomiento
review_no_guess	atabaleamento	1			spellchecker flags token without suggestion	1780 ? Bnf_361	1780-bnf-361:008246	huehuetzotzonaliztli	Traducción	atabaleamento o tocamiento de atabales
review_no_guess	ataparseme	1			spellchecker flags token without suggestion	1571 Molina 2	1571-molina-2:009501	ihiomotzacua	Traducción	ataparseme el huelgo, o tener asma
review_no_guess	atedianeria	1			spellchecker flags token without suggestion	1780 ? Bnf_361	1780-bnf-361:021237	tetechnecahualiztli	Traducción	atedianeria como quiera; encomienda de alguno
review_no_guess	atenchicalcan	1			spellchecker flags token without suggestion	2021 Wimmer	2021-wimmer:027043	atenchicalque	Traducción (es)	plural étnico. sobre ātēnchicalcatl, habitantes de atenchicalcan
review_no_guess	atriaquero	1			spellchecker flags token without suggestion	153? Trilingüe	153-trilingue:007667	paccamacani	Traducción	atriaquero
review_no_guess	auiaca	1			spellchecker flags token without suggestion	1571 Molina 2	1571-molina-2:007940	ahuiyaca	Traducción	lo mismo es que auiaca
review_no_guess	auialia	1			spellchecker flags token without suggestion	1571 Molina 2	1571-molina-2:007965	ahuiyalia	Traducción	lo mismo es que auialia
review_no_guess	auiyaya	1			spellchecker flags token without suggestion	1571 Molina 2	1571-molina-2:008034	ahuiyaya	Traducción	lo mismo es que auiyaya
review_no_guess	aujourd	1			spellchecker flags token without suggestion	1780 ? Bnf_361	1780-bnf-361:001441	tlatolli quitlatia	Traducción	memorial p. 58... aujourd'hui signifie donner la parole...
review_no_guess	aunqueno	1			spellchecker flags token without suggestion	1571 Molina 2	1571-molina-2:010078	intlacanelmo	Traducción	y aunqueno, o puesto caso que no, o dado que no. adverbio
review_no_guess	autocuidado	1			spellchecker flags token without suggestion	2021 Wimmer	2021-wimmer:025396	nemalhuiliztli	Traducción (es)	decencia, pureza, autocuidado, sobriedad, templanza, honestidad, austeridad, seriedad, etc.
review_no_guess	avolorio	1			spellchecker flags token without suggestion	153? Trilingüe	153-trilingue:003105	collacamecayotl	Traducción	avolorio o avolvengo
review_no_guess	axaqueca	1			spellchecker flags token without suggestion	1765 Cortés y Zedeño	1765-cortes-y-zedeno:001183	cocoa tzonteco	Traducción	axaqueca dolor de cabeza
review_no_guess	axcatia	1			spellchecker flags token without suggestion	1551-95 Documentos nahuas de la Ciudad de México	1551-95-documentos-nahuas-de-la-ciudad-de-mexico:002469	axcatilia	Traducción	haber [tener la posesión] (rev. de axcatia)
review_no_guess	ayecote	1			spellchecker flags token without suggestion	1580 Sahagún/Máynez	1580-sahagun-maynez:001756	ayocoxochitl	Traducción	flor de ayecote
review_no_guess	ayocac	1			spellchecker flags token without suggestion	1571 Molina 2	1571-molina-2:018148	ayocacatzintli	Traducción	[es] lo mismo que ayocac, mas es reverencial
review_no_guess	ayoui	1			spellchecker flags token without suggestion	1571 Molina 2	1571-molina-2:018411	ayohuica	Traducción	lo mismo es que ayoui
review_no_guess	azauachi	1			spellchecker flags token without suggestion	17?? Bnf_362	17-bnf-362:004185	teotetl	Traducción	azauachi, esto no es propiamente azabache sino una piedra negra que en tarasco llaman tzinap
review_no_guess	azcadilando	1			spellchecker flags token without suggestion	1565 Sahagún Escolios	1565-sahagun-escolios:000325	chochoponini	Traducción	persona que anda azcadilando de viejo o de borracho
review_no_guess	aztapilin	1			spellchecker flags token without suggestion	1580 Sahagún/Máynez	1580-sahagun-maynez:001881	aztapilpetlatl	Traducción	"petate jaspeado"", ""esteras de aztapilin"
review_no_guess	aztapilina	1			spellchecker flags token without suggestion	2021 Wimmer	2021-wimmer:033863	aztapilli	Traducción (es)	aztapilli, variante de aztapilina
review_no_guess	badinerie	1			spellchecker flags token without suggestion	2021 Wimmer	2021-wimmer:024785	necacamanalhuiliztli	Traducción (es)	badinerie, broma
review_no_guess	bastardización	1			spellchecker flags token without suggestion	2021 Wimmer	2021-wimmer:017595	ichtacapillotl	Traducción (es)	bastardización, nacimiento ilegítimo
review_no_guess	befinden	1			spellchecker flags token without suggestion	2021 Wimmer	2021-wimmer:014664	cuextli	Traducción (es)	huasteco. / a la forma poseída, ohōme mantihuiītze in īcuexhuan, es befinden sich (bei ihr) je zwei ihrer huaxteken
review_no_guess	bejaune	1			spellchecker flags token without suggestion	2021 Wimmer	2021-wimmer:012544	cuacecelicapil	Traducción (es)	joven sin experiencia, joven, bejaune
review_no_guess	bisaieul	1			spellchecker flags token without suggestion	2021 Wimmer	2021-wimmer:029260	piptontli	Traducción (es)	parentesco: bisaieule, hermana del bisaieul
review_no_guess	bitranes	1			spellchecker flags token without suggestion	2021 Wimmer	2021-wimmer:041960	tlapihuilia	Traducción (es)	v.t. noche-. o bitranes. nictē-., añadir. dar algo además de peso o medida: vender bien
review_no_guess	bittmann	1			spellchecker flags token without suggestion	2021 Wimmer	2021-wimmer:007938	yohuatlicue	Traducción (es)	b.bittmann simons cia 1972,234 da a yohuatlīcue como esposa de mixcōātl (el sexto día de quecholli)
review_no_guess	blandum	1			spellchecker flags token without suggestion	2021 Wimmer	2021-wimmer:031580	tecpicquilitl	Traducción (es)	botánico, mesembryanthenum blandum
review_no_guess	broui	1			spellchecker flags token without suggestion	2021 Wimmer	2021-wimmer:004894	tzoacatl	Traducción (es)	niello, broui, seco, hablando de fruta
review_no_guess	bumblebee	1			spellchecker flags token without suggestion	2021 Wimmer	2021-wimmer:005708	xicotli	Traducción (es)	abeja grande; bumblebee. / abeja grande de miel que horada las arboles, o abejón. / abejorro, abejorron (z)
review_no_guess	béjaune	1			spellchecker flags token without suggestion	2021 Wimmer	2021-wimmer:012542	cuacecelic	Traducción (es)	que tiene una cabeza muy tierna, cuyo cerebro aún no está firme. / metáfora: joven sin experiencia, jovencito, béjaune
review_no_guess	cacayachilia	1			spellchecker flags token without suggestion	1571 Molina 2	1571-molina-2:020770	cacayaquilia	Traducción	lo mismo es que cacayachilia
review_no_guess	cadavez	1			spellchecker flags token without suggestion	1571 Molina 2	1571-molina-2:013578	nanahuilhuitia	Traducción	cadavez que voy a algunas casas o partes, tardo, o estoy en cada una de ellas cuatro días
review_no_guess	cagajo	1			spellchecker flags token without suggestion	153? Trilingüe	153-trilingue:008268	axixtli	Traducción	cagada o cagajo
review_no_guess	cahcamanaloa	1			spellchecker flags token without suggestion	2021 Wimmer	2021-wimmer:035708	cacamanaloa	Traducción (es)	cahcamanaloa
review_no_guess	cahcamanaloani	1			spellchecker flags token without suggestion	2021 Wimmer	2021-wimmer:035712	cacamanaloani	Traducción (es)	cahcamanaloani
review_no_guess	calaquí	1			spellchecker flags token without suggestion	2021 Wimmer	2021-wimmer:037805	calaquitzinoa	Traducción (es)	calaquitzinoa > calaquitzinoh, honor. de calaquí
review_no_guess	calcuichchoh	1			spellchecker flags token without suggestion	2021 Wimmer	2021-wimmer:038101	calcuichcho	Traducción (es)	calcuichchoh ver calcuēchchoh
review_no_guess	camachaloa	1			spellchecker flags token without suggestion	2021 Wimmer	2021-wimmer:040377	camachaloltia	Traducción (es)	v.t. tē-., hacer que alguien abra la boca. / v.t. tē-., te hizo abrir la boca. / v.refl., honorario. para camachaloa, abre la boca. / v.refl., abre la boca
review_no_guess	canozonel	1			spellchecker flags token without suggestion	17?? Bnf_362bis	17-bnf-362bis:000908		Traducción	[lo mismo que canozonel?]
review_no_guess	caragolpeada	1			spellchecker flags token without suggestion	1629 Alarcón	1629-alarcon:001458	tlalli yxcapaniltzin	Traducción	señora tierra, caragolpeada (porque la pisan)
review_no_guess	caricorvo	1			spellchecker flags token without suggestion	1629 Alarcón	1629-alarcon:001154	pelxayaque  +	Traducción	yappan caricorvo
review_no_guess	cariredondo	1			spellchecker flags token without suggestion	1571 Molina 1	1571-molina-1:015396	ixtecantic	Traducción	cariredondo
review_no_guess	carirendondo	1			spellchecker flags token without suggestion	1780 ? Bnf_361	1780-bnf-361:010677	ixtecantic	Traducción	carirendondo
review_no_guess	carirrapado	1			spellchecker flags token without suggestion	1629 Alarcón	1629-alarcon:001155	pelxayaqui	Traducción	carirrapado
review_no_guess	cauardolando	1			spellchecker flags token without suggestion	153? Trilingüe	153-trilingue:010855	tlacuicui ^	Traducción	cauardolando
review_no_guess	caycpac	1			spellchecker flags token without suggestion	1780 ? Bnf_361	1780-bnf-361:006464	zazo campa	Traducción	por donde quiera (zazo caycpac)
review_no_guess	cecempana	1			spellchecker flags token without suggestion	2021 Wimmer	2021-wimmer:024841	nececempanalo	Traducción (es)	v.impers., en *cecempana, nos ponemos en filas
review_no_guess	cehcec	1			spellchecker flags token without suggestion	2021 Wimmer	2021-wimmer:004176	cececui	Traducción (es)	cehcecui > cehceuc o cehcec, redupl. sobre esto
review_no_guess	cehcecui	1			spellchecker flags token without suggestion	2021 Wimmer	2021-wimmer:004176	cececui	Traducción (es)	cehcecui > cehceuc o cehcec, redupl. sobre esto
review_no_guess	cehcelilia	1			spellchecker flags token without suggestion	2021 Wimmer	2021-wimmer:004285	cecelilia	Traducción (es)	cehcelilia, aplicación sobre cehcelia
review_no_guess	cehceuc	1			spellchecker flags token without suggestion	2021 Wimmer	2021-wimmer:004176	cececui	Traducción (es)	cehcecui > cehceuc o cehcec, redupl. sobre esto
review_no_guess	cemihtoa	1			spellchecker flags token without suggestion	2021 Wimmer	2021-wimmer:007468	cemitalhuia	Traducción (es)	v.bitrans. motla-., honorífico de cemihtoa, proponer con valentía, resuelta una cosa, decidir, tomar partido, una determinación firme
review_no_guess	cemixnauatia	1			spellchecker flags token without suggestion	1571 Molina 2	1571-molina-2:005053	cennahuatia	Traducción	lo mismo es que cemixnauatia
review_no_guess	cempachoa	1			spellchecker flags token without suggestion	2021 Wimmer	2021-wimmer:009018	cenpachoa	Traducción (es)	cempachoa
review_no_guess	cempanti	1			spellchecker flags token without suggestion	2021 Wimmer	2021-wimmer:009019	cenpanti	Traducción (es)	cempanti
review_no_guess	centetilia	1			spellchecker flags token without suggestion	2021 Wimmer	2021-wimmer:009101	centilia	Traducción (es)	variante centetilia
review_no_guess	ceuapauac	1			spellchecker flags token without suggestion	2021 Wimmer	2021-wimmer:005992	cehuapahuac	Traducción (es)	entumecido por el frío (s - ceuapauac)
review_no_guess	chacalin	1			spellchecker flags token without suggestion	2021 Wimmer	2021-wimmer:009373	chacalli	Traducción (es)	vea la variante chacalin
review_no_guess	chacalín	1			spellchecker flags token without suggestion	2021 Wimmer	2021-wimmer:009372	chacalin	Traducción (es)	zoología: camarón grande, crustáceo de la laguna. / culinaria: guiso de chacalín con chile rojo, tomate y semilla de calabaza molida
review_no_guess	chalchicueye	1			spellchecker flags token without suggestion	1629 Alarcón	1629-alarcon:000433	citlalcueye	Traducción	[hermana] la de la saya de estrellas (vía láctea camino de santiago) / citlalcueye (diosa) / el agua (diosa hermana de chalchicueye)
review_no_guess	chamactic	1			spellchecker flags token without suggestion	1571 Molina 2	1571-molina-2:005356	chamahuac	Traducción	lo mismo es que chamactic
review_no_guess	chenu	1			spellchecker flags token without suggestion	2021 Wimmer	2021-wimmer:012871	cuaiztaltic	Traducción (es)	chenu, que tiene el pelo blanco
review_no_guess	chianyoh	1			spellchecker flags token without suggestion	2021 Wimmer	2021-wimmer:009719	chianyo	Traducción (es)	chianyoh, sustantivo posesivo. cf. chiyanyoh
review_no_guess	chicactic	1			spellchecker flags token without suggestion	1571 Molina 2	1571-molina-2:005435	chicahuac	Traducción	lo mismo es que chicactic
review_no_guess	chichicunanaui	1			spellchecker flags token without suggestion	2021 Wimmer	2021-wimmer:010054	chichiucnanahui	Traducción (es)	de nuevo a nuevo (s - chichiconanaui o chichicunanaui)
review_no_guess	chichilpilli	1			spellchecker flags token without suggestion	1580 Sahagún/Máynez	1580-sahagun-maynez:000567	chichipiltic	Traducción	la semejante al chichilpilli
review_no_guess	chichim	1			spellchecker flags token without suggestion	2021 Wimmer	2021-wimmer:009955	chichimecatl	Traducción (es)	chichimeque. / plural: los chichimèques, significados simbólicos, título
review_no_guess	chichipalalactic	1			spellchecker flags token without suggestion	2021 Wimmer	2021-wimmer:010005	chichipalalatic	Traducción (es)	chichipalalactic, variante de chichipalalactic. ver chichipalalahtic
review_no_guess	chihchaltia	1			spellchecker flags token without suggestion	2021 Wimmer	2021-wimmer:009768	chichaltia	Traducción (es)	chihchaltia, v.causante de chihcha
review_no_guess	chihchihcopilia	1			spellchecker flags token without suggestion	2021 Wimmer	2021-wimmer:009818	chichicopilia	Traducción (es)	chihchihcopilia, redupl. sobre chihcopilia
review_no_guess	chilpinole	1			spellchecker flags token without suggestion	1598 Tezozomoc	1598-tezozomoc:000508	chilpinolli	Traducción	chilpinole (náhuatl: pinole con chile)
review_no_guess	chiltecpite	1			spellchecker flags token without suggestion	1580 Sahagún/Máynez	1580-sahagun-maynez:001258	michpilli chiltecpyo	Traducción	guiso de pececillos hechos con chiltecpite
review_no_guess	chimineria	1			spellchecker flags token without suggestion	153? Trilingüe	153-trilingue:009056	tenetechelehualiztlatolli	Traducción	chisme o chimineria
review_no_guess	chinampanecah	1			spellchecker flags token without suggestion	2021 Wimmer	2021-wimmer:018673	amimitl	Traducción (es)	nombre divino, asociado con ahtlahuah. deidades de la chinampanecah de cuitláhuac. / n.pers
review_no_guess	chinancaltia	1			spellchecker flags token without suggestion	1571 Molina 2	1571-molina-2:005822	chinantia	Traducción	lo mismo es que chinancaltia
review_no_guess	chinanpanecas	1			spellchecker flags token without suggestion	1598 Tezozomoc	1598-tezozomoc:000519	chinampanecatl	Traducción	pueblo de las chinanpanecas *al
review_no_guess	chitencoloa	1			spellchecker flags token without suggestion	2021 Wimmer	2021-wimmer:010607	chitencololoa	Traducción (es)	reduplicar. sobre chitencoloa, flácido
review_no_guess	chiualtoca	1			spellchecker flags token without suggestion	1571 Molina 2	1571-molina-2:005773	chihualyetoca	Traducción	lo mismo es que chiualtoca
review_no_guess	chocholeh	1			spellchecker flags token without suggestion	2021 Wimmer	2021-wimmer:010788	chochole	Traducción (es)	chocholeh, n.posesivo. cf. chohcholeh
review_no_guess	chpoch	1			spellchecker flags token without suggestion	1551-95 Documentos nahuas de la Ciudad de México	1551-95-documentos-nahuas-de-la-ciudad-de-mexico:001147	ichpochtli	Traducción	ver?chpoch / virgen
review_no_guess	cibdadria	1			spellchecker flags token without suggestion	153? Trilingüe	153-trilingue:011776	tlaolli	Traducción	ciuera casi cibdadria
review_no_guess	cincalco	1			spellchecker flags token without suggestion	1598 Tezozomoc	1598-tezozomoc:000950	ixtepetla	Traducción	natural [de la cueva de cincalco] que es como ciego, no ve *ag
review_no_guess	ciuacalli	1			spellchecker flags token without suggestion	1551-95 Documentos nahuas de la Ciudad de México	1551-95-documentos-nahuas-de-la-ciudad-de-mexico:000670	cihuacalli	Traducción	aposento de mujeres / casa de las mujeres / una pieza que le llaman ciuacalli
review_no_guess	ciyocopictic	1			spellchecker flags token without suggestion	1571 Molina 2	1571-molina-2:006072	ciocopictic	Traducción	lo mismo que ciyocopictic
review_no_guess	ciyocopini	1			spellchecker flags token without suggestion	1571 Molina 2	1571-molina-2:006073	ciocopini	Traducción	lo mismo es que ciyocopini
review_no_guess	cochiuayan	1			spellchecker flags token without suggestion	1571 Molina 2	1571-molina-2:006246	cocochihuayan	Traducción	lo mismo es que cochiuayan
review_no_guess	cochizmaua	1			spellchecker flags token without suggestion	1571 Molina 2	1571-molina-2:006204	cochmahua	Traducción	lo mismo es que cochizmaua
review_no_guess	cochizoloa	1			spellchecker flags token without suggestion	2021 Wimmer	2021-wimmer:024930	necochizololo	Traducción (es)	v.impers. en cochizoloa: nos quedamos despiertos
review_no_guess	cocidolatecah	1			spellchecker flags token without suggestion	2021 Wimmer	2021-wimmer:015121	cuitlatecatl	Traducción (es)	étnico, plural cocidolatecah
review_no_guess	cocopichcholoa	1			spellchecker flags token without suggestion	1565 Sahagún Escolios	1565-sahagun-escolios:000115	tompox	Traducción	[inhábil o rudo] ídem [cocopichcholoa]
review_no_guess	codegor	1			spellchecker flags token without suggestion	1780 ? Bnf_361	1780-bnf-361:024534	tlacuecuelpachoani	Traducción	codegor de ropa plegada
review_no_guess	cogerropa	1			spellchecker flags token without suggestion	1571 Molina 1	1571-molina-1:010349	cuecuelpachoa	Traducción	cogerropa plegándola
review_no_guess	cohombral	1			spellchecker flags token without suggestion	153? Trilingüe	153-trilingue:008484	ayatemimilli	Traducción	cohombral
review_no_guess	coiano	1			spellchecker flags token without suggestion	1565 Sahagún Escolios	1565-sahagun-escolios:000966	nextecuilli	Traducción	torpe como coiano de muradal
review_no_guess	colohtic	1			spellchecker flags token without suggestion	2021 Wimmer	2021-wimmer:011947	colotic	Traducción (es)	calli colohtic, choza o cabaña
review_no_guess	comayagua	1			spellchecker flags token without suggestion	1780 Clavijero	1780-clavijero:002933	tlacaxolotl	Traducción	fiera grande, pero rara, del reino de comayagua
review_no_guess	comunísima	1			spellchecker flags token without suggestion	1780 Clavijero	1780-clavijero:000363	cen	Traducción	partícula comunísima, que en composición significa universalidad, o perfección
review_no_guess	conayuno	1			spellchecker flags token without suggestion	1571 Molina 2	1571-molina-2:021270	tlacatlacualiztica	Traducción	ayunando, o conayuno
review_no_guess	condisimulación	1			spellchecker flags token without suggestion	1571 Molina 2	1571-molina-2:013442	nahuallacaqui	Traducción	escuchar asechando, o condisimulación
review_no_guess	coneuh	1			spellchecker flags token without suggestion	1551-95 Documentos nahuas de la Ciudad de México	1551-95-documentos-nahuas-de-la-ciudad-de-mexico:001159	iconeuh oquichtli	Traducción	ver -coneuh oquichtli
review_no_guess	confunction	1			spellchecker flags token without suggestion	1780 ? Bnf_361	1780-bnf-361:011981	metztliimiquiz	Traducción	confunction de luna
review_no_guess	congolpe	1			spellchecker flags token without suggestion	1780 ? Bnf_361	1780-bnf-361:022237	tetototzani	Traducción	aguijadortetoxonqui desollado congolpe
review_no_guess	conhalagos	1			spellchecker flags token without suggestion	1571 Molina 2	1571-molina-2:021008	tlaahuilpahuilli	Traducción	provocado o incitado conhalagos cautelosos
review_no_guess	conmanta	1			spellchecker flags token without suggestion	1571 Molina 2	1571-molina-2:011005	ixtilmayotia	Traducción	aforrar algo conmanta
review_no_guess	consolatoriamente	1			spellchecker flags token without suggestion	1571 Molina 2	1571-molina-2:020650	teyollaliliztica	Traducción	consolatoriamente
review_no_guess	constreñidamente	1			spellchecker flags token without suggestion	1571 Molina 2	1571-molina-2:017936	tecuitlahuiliztica	Traducción	por fuerza y constreñidamente
review_no_guess	contorméntos	1			spellchecker flags token without suggestion	1571 Molina 2	1571-molina-2:020004	tetlaihiyohuiltiliztica	Traducción	atormentando, o contorméntos afligiendo
review_no_guess	conuénciendolo	1			spellchecker flags token without suggestion	1571 Molina 2	1571-molina-2:018809	tentzacua	Traducción	hacer callar a otro confundiendo lo y conuénciendolo
review_no_guess	conuénticulos	1			spellchecker flags token without suggestion	1571 Molina 2	1571-molina-2:017623	tecentlaliani	Traducción	acaudillador, s. el que hace conuénticulos y ayuntamientos
review_no_guess	convituperio	1			spellchecker flags token without suggestion	1571 Molina 2	1571-molina-2:022916	tlamahuizpololiztica	Traducción	convituperio, o deshonradamente
review_no_guess	cooklaiyac	1			spellchecker flags token without suggestion	2021 Wimmer	2021-wimmer:014985	cuitlaihyac	Traducción (es)	cfr. cooklaiyac
review_no_guess	cooklaxcolihcoyoca	1			spellchecker flags token without suggestion	2021 Wimmer	2021-wimmer:015198	cuitlaxcolicoyoca	Traducción (es)	cfr. cooklaxcolihcoyoca
review_no_guess	copilli	1			spellchecker flags token without suggestion	2021 Wimmer	2021-wimmer:012154	copiltic	Traducción (es)	que tiene forma de casquete cónico, copilli
review_no_guess	copulatiua	1			spellchecker flags token without suggestion	1571 Molina 2	1571-molina-2:017179	auh	Traducción	y. conjunction copulatiua
review_no_guess	copulco	1			spellchecker flags token without suggestion	2021 Wimmer	2021-wimmer:021725	matiyan	Traducción (es)	en mi época; que yo sepa; del cura del fuego de copulco; que tenía experiencia
review_no_guess	cordeleltameme	1			spellchecker flags token without suggestion	1571 Molina 1	1571-molina-1:017240	mecapaltia	Traducción	hacer mecapal o cordeleltameme
review_no_guess	corromopedor	1			spellchecker flags token without suggestion	1780 ? Bnf_361	1780-bnf-361:022404	texapotlac	Traducción	corromopedor e virgen
review_no_guess	cortezón	1			spellchecker flags token without suggestion	1598 Tezozomoc	1598-tezozomoc:000717	cuauhtlaxipehualli	Traducción	cortezón de árboles secos
review_no_guess	coxquar	1			spellchecker flags token without suggestion	153? Trilingüe	153-trilingue:007141	nehuilanaliztli	Traducción	coxquar nombre
review_no_guess	coztic	1			spellchecker flags token without suggestion	1645 Carochi	1645-carochi:002276	teocuitlatl	Traducción	plata / coztic ~, oro / metal precioso
review_no_guess	cracker	1			spellchecker flags token without suggestion	2021 Wimmer	2021-wimmer:012009	comotzahui	Traducción (es)	v.inanim., cracker. / v.inanim., ser móvil
review_no_guess	crenelate	1			spellchecker flags token without suggestion	2021 Wimmer	2021-wimmer:023166	mixoyoteca	Traducción (es)	v.i., crenelate
review_no_guess	criadoteuic	1			spellchecker flags token without suggestion	1780 ? Bnf_361	1780-bnf-361:019103	teihuani	Traducción	despedidor del criadoteuic contra aluno; hacia preposición
review_no_guess	criminalm	1			spellchecker flags token without suggestion	1780 ? Bnf_361	1780-bnf-361:022293	tetzauhtlatlacoltica	Traducción	criminalm(en(te grave
review_no_guess	cuacuah	1			spellchecker flags token without suggestion	2021 Wimmer	2021-wimmer:012644	cuacua	Traducción (es)	cuacuah. ver cuahcuah
review_no_guess	cuatahci	1			spellchecker flags token without suggestion	2021 Wimmer	2021-wimmer:013253	cuataci	Traducción (es)	cuatahci > cuatahci-. cf. cuahtahci
review_no_guess	cuatexohpaca	1			spellchecker flags token without suggestion	2021 Wimmer	2021-wimmer:025010	necuatexopaco	Traducción (es)	v.impers. en cuatexohpaca: te quitas el color azul de la frente
review_no_guess	cubrecolchón	1			spellchecker flags token without suggestion	2021 Wimmer	2021-wimmer:042337	tlaquimiloloni	Traducción (es)	sobre, manta, funda de almohada, funda, cubrecolchón, todo lo que sirve para cubrir, para envolver una cosa
review_no_guess	cuculido	1			spellchecker flags token without suggestion	2021 Wimmer	2021-wimmer:013187	cuappachtototl	Traducción (es)	ornitología: nombre de un ave, la ardilla piaye, de color leonado, un cuculido
review_no_guess	cucumer	1			spellchecker flags token without suggestion	153? Trilingüe	153-trilingue:009018	ayotemimiltontli	Traducción	cohombro cucumer
review_no_guess	cuechtiliia	1			spellchecker flags token without suggestion	1780 ? Bnf_361	1780-bnf-361:024531	tlacuechtililiztli	Traducción	quebradura de cosa desmenuzándola. cotrición de cuechtiliia
review_no_guess	cuecueyoca	1			spellchecker flags token without suggestion	1571 Molina 2	1571-molina-2:007503	cueyoni	Traducción	lo mismo es que cuecueyoca
review_no_guess	cueliui	1			spellchecker flags token without suggestion	1571 Molina 2	1571-molina-2:005880	chittolihui	Traducción	lo mismo es que cueliui
review_no_guess	cuelpachoa	1			spellchecker flags token without suggestion	2021 Wimmer	2021-wimmer:014458	cuelpacholo	Traducción (es)	v.impers., en cuelpachoa
review_no_guess	cuezconpixque	1			spellchecker flags token without suggestion	2021 Wimmer	2021-wimmer:014712	cuezcompixqui	Traducción (es)	el que guarda los recipientes utilizados para conservar el grano. / plural: cuezconpixque)
review_no_guess	cuicaitoa	1			spellchecker flags token without suggestion	1571 Molina 2	1571-molina-2:007542	cuicatlaza	Traducción	lo mismo es que cuicaitoa
review_no_guess	cuilacucic	1			spellchecker flags token without suggestion	2021 Wimmer	2021-wimmer:015187	cuitlauccic	Traducción (es)	muy maduro (s 123 - cuilacucic)
review_no_guess	cuilanpol	1			spellchecker flags token without suggestion	2021 Wimmer	2021-wimmer:014887	cuilonpole	Traducción (es)	cf. cuilonpol. vocativo sobre cuilanpol, sodomita
review_no_guess	cuiloa	1			spellchecker flags token without suggestion	1645 Carochi	1645-carochi:002516	tlacuiloa	Traducción	escribir -véase ìcuiloa, nitla
review_no_guess	cuiloni	1			spellchecker flags token without suggestion	2021 Wimmer	2021-wimmer:014886	cuilonpol	Traducción (es)	aumentativo de cuiloni, ¡sodomita!, oh terrible sodomita
review_no_guess	cuitlatl	1			spellchecker flags token without suggestion	1645 Carochi	1645-carochi:000764	coztic	Traducción	~ teöcuitlatl, oro / amarillo
review_no_guess	cuixin	1			spellchecker flags token without suggestion	2021 Wimmer	2021-wimmer:015254	cuixihuitl	Traducción (es)	plumas del pájaro cuixin
review_no_guess	culinariamente	1			spellchecker flags token without suggestion	2021 Wimmer	2021-wimmer:007138	yacacollaoyo	Traducción (es)	culinariamente, puede ser una torta de almendras y maíz
review_no_guess	currycomb	1			spellchecker flags token without suggestion	2021 Wimmer	2021-wimmer:022196	mazatepoztzicuahuaztli	Traducción (es)	currycomb
review_no_guess	cyrtonyx	1			spellchecker flags token without suggestion	2021 Wimmer	2021-wimmer:008735	zolin	Traducción (es)	ornitología: codorniz. parece ser más concretamente la codorniz arlequín cyrtonyx montezumae. / plural: anne marie wöhrer i 129
review_no_guess	cómprehéndida	1			spellchecker flags token without suggestion	1571 Molina 2	1571-molina-2:020853	cactli  +	Traducción	cosa bien cómprehéndida y entendida
review_no_guess	cónjun	1			spellchecker flags token without suggestion	1571 Molina 2	1571-molina-2:010087	intlanazo	Traducción	y si por ventura, o acaso. l. mas. si. cónjun
review_no_guess	cónjúnction	1			spellchecker flags token without suggestion	1571 Molina 2	1571-molina-2:014908	nezahualiztica	Traducción	con ayuno, o ayunado. cónjúnction
review_no_guess	darvasallos	1			spellchecker flags token without suggestion	1571 Molina 2	1571-molina-2:011476	macehualtia	Traducción	darvasallos a otro, o echar algo a la rebatiña
review_no_guess	dealguno	1			spellchecker flags token without suggestion	1571 Molina 2	1571-molina-2:020230	tetlatollo	Traducción	proceso dealguno, o historia
review_no_guess	deaue	1			spellchecker flags token without suggestion	1571 Molina 1	1571-molina-1:022872	atlapalli  +	Traducción	un ala deaue
review_no_guess	deaxedrez	1			spellchecker flags token without suggestion	1571 Molina 2	1571-molina-2:006921	cuappatoani	Traducción	jugador deaxedrez
review_no_guess	decalicanto	1			spellchecker flags token without suggestion	1571 Molina 2	1571-molina-2:018766	tenolli	Traducción	arco de piedra. s. decalicanto, o arco de portada, o arco toral
review_no_guess	decalicánto	1			spellchecker flags token without suggestion	1571 Molina 2	1571-molina-2:008844	huitoliuhcatontli	Traducción	puente, o arcotoral pequeño decalicánto
review_no_guess	decuerpo	1			spellchecker flags token without suggestion	1571 Molina 1	1571-molina-1:018948	nacayo pepetlaquiliztli	Traducción	resplandor decuerpo glorificado
review_no_guess	defruta	1			spellchecker flags token without suggestion	1571 Molina 2	1571-molina-2:022241	tlahuihuixoani	Traducción	el que mece la cuna o otra cosa semejante, o el que sacude árboles defruta o cosa así
review_no_guess	dejusticia	1			spellchecker flags token without suggestion	1571 Molina 2	1571-molina-2:002379	topilli	Traducción	bordón, hasta de lanza, o vara dejusticia
review_no_guess	deleznar	1			spellchecker flags token without suggestion	153? Trilingüe	153-trilingue:005378	ixtlacalahua	Traducción	deleznar a otra cosa
review_no_guess	delhombre	1			spellchecker flags token without suggestion	1571 Molina 2	1571-molina-2:018131	teitec	Traducción	dentro, o en lo interior delhombre
review_no_guess	dellabrio	1			spellchecker flags token without suggestion	1571 Molina 2	1571-molina-2:018645	tencuapol	Traducción	mellado falto dellabrio
review_no_guess	deloalto	1			spellchecker flags token without suggestion	1571 Molina 2	1571-molina-2:021702	tlacpacpa	Traducción	de arriba, deloalto, o de hacia arriba
review_no_guess	deloqueamaua	1			spellchecker flags token without suggestion	1571 Molina 2	1571-molina-2:009217	icnocahualoc	Traducción	privado, o desposeído deloqueamaua, o huérfano desamparado
review_no_guess	deloquedudaua	1			spellchecker flags token without suggestion	1571 Molina 2	1571-molina-2:015290	noyolipanti	Traducción	caer en la cuenta deloquedudaua, o de lo que no se me acordaba
review_no_guess	delpie	1			spellchecker flags token without suggestion	1571 Molina 2	1571-molina-2:003690	xonecuiltic	Traducción	cojo delpie
review_no_guess	demiedo	1			spellchecker flags token without suggestion	17?? Bnf_362	17-bnf-362:000563	tzonehua	Traducción	espeluzarse demiedo
candidate_accent	denosto	1	denostó	denostó, denoto, denotó, denosté	denosto -> denostó	153? Trilingüe	153-trilingue:008482	techicoitoliztli	Traducción	denosto así
review_no_guess	depaping	1			spellchecker flags token without suggestion	2021 Wimmer	2021-wimmer:000311	tlatequixtiliztli	Traducción (es)	depaping, acción de quitar piedras
review_no_guess	depelota	1			spellchecker flags token without suggestion	1571 Molina 2	1571-molina-2:014143	nematotopehuiliztli	Traducción	juego depelota con la mano
review_no_guess	depocos	1			spellchecker flags token without suggestion	17?? Bnf_362bis	17-bnf-362bis:000715	quezquilhuiyoc	Traducción	dentro depocos días. al cabo de algunos días
review_no_guess	deporsi	1			spellchecker flags token without suggestion	17?? Bnf_362bis	17-bnf-362bis:000619	noncua	Traducción	(saltillo sobre el quâ) aparte, deporsi
review_no_guess	dercervigado	1			spellchecker flags token without suggestion	153? Trilingüe	153-trilingue:008087	quechtepotzo	Traducción	dercervigado
review_no_guess	desacordadadamente	1			spellchecker flags token without suggestion	1780 ? Bnf_361	1780-bnf-361:005739	yollopoli huiliztica	Traducción	desacordadadamente, sin acuerdo, ni premeditación
review_no_guess	desatravesada	1			spellchecker flags token without suggestion	1571 Molina 2	1571-molina-2:017835	tectli  +	Traducción	cosa enderezada o desatravesada
review_no_guess	desborcellar	1			spellchecker flags token without suggestion	1571 Molina 2	1571-molina-2:018627	tenchitonia	Traducción	desborcellar, mellar vaso, o cosa semejante
review_no_guess	descaecemiento	1			spellchecker flags token without suggestion	153? Trilingüe	153-trilingue:011264	tlalcahualiztli	Traducción	descaecemiento así
candidate_accent	desconcerto	1	desconcertó	desconcertó, desconcierto, desconcerté	desconcerto -> desconcertó	153? Trilingüe	153-trilingue:003081	neyollococoltiliztli	Traducción	desconveniento desconcerto
review_no_guess	desconsolatorio	1			spellchecker flags token without suggestion	1571 Molina 2	1571-molina-2:016509	atle ye tepaccan	Traducción	lugar desconsolatorio, o de ninguna recreación
review_no_guess	desenbrabeserse	1			spellchecker flags token without suggestion	1780 ? Bnf_361	1780-bnf-361:023320	tlacahualtia	Traducción	desenbrabeserse
review_no_guess	desencabesterar	1			spellchecker flags token without suggestion	1571 Molina 1	1571-molina-1:031225	cahuallo xotemecayotoma	Traducción	desencabesterar
review_no_guess	desencasarmiento	1			spellchecker flags token without suggestion	1780 ? Bnf_361	1780-bnf-361:015959	omiqueloniliztli	Traducción	desencasarmiento de huesos
review_no_guess	desencaxarseme	1			spellchecker flags token without suggestion	1571 Molina 2	1571-molina-2:015664	omipatilihui	Traducción	desencaxarseme o desconcertárseme algún hueso
review_no_guess	desengrutal	1			spellchecker flags token without suggestion	153? Trilingüe	153-trilingue:001313	tzauchuapahualxitinia	Traducción	desengrutal
review_no_guess	deseruandolo	1			spellchecker flags token without suggestion	1571 Molina 2	1571-molina-2:024121	tlatacaxpololizpan	Traducción	tiempo de quitar los hoyos a las matas de maíz, labrandolo y deseruandolo la primera vez, después de nacido
review_no_guess	desfavorecedora	1			spellchecker flags token without suggestion	153? Trilingüe	153-trilingue:003869	tlatoltica eleltiloni	Traducción	desfavorecedora cosa así
review_no_guess	desfurar	1			spellchecker flags token without suggestion	153? Trilingüe	153-trilingue:010881	tlacuilolpopoloa	Traducción	desfurar
review_no_guess	desguijarar	1			spellchecker flags token without suggestion	1780 ? Bnf_361	1780-bnf-361:020054	tentzayana	Traducción	descarrillar o desguijarar con las manos
review_no_guess	desherencia	1			spellchecker flags token without suggestion	153? Trilingüe	153-trilingue:008026	atleontequixtiliztli	Traducción	desherencia por destamento
review_no_guess	desleiralgo	1			spellchecker flags token without suggestion	1571 Molina 1	1571-molina-1:023417	patla	Traducción	desleiralgo
review_no_guess	desonreandose	1			spellchecker flags token without suggestion	1565 Sahagún Escolios	1565-sahagun-escolios:001170	techuia	Traducción	hacer algo unos a otros los que son de un mismo linaje. o de un mismo bando o de una misma religión maltratándose o desonreandose los unos a los otros
review_no_guess	desperdicadamente	1			spellchecker flags token without suggestion	1780 ? Bnf_361	1780-bnf-361:025518	tlaixpopololiztica	Traducción	desperdicadamente alguna cosa
review_no_guess	desperdiciamento	1			spellchecker flags token without suggestion	1780 ? Bnf_361	1780-bnf-361:027943	tlapopololiztli	Traducción	desperdiciamento de algo
review_no_guess	desperdiciamiénto	1			spellchecker flags token without suggestion	1571 Molina 2	1571-molina-2:023351	tlanempololiztli	Traducción	desperdiciamiénto tal. s. el acto de ganar y desperdiciar la hacienda
review_no_guess	desuanecerseme	1			spellchecker flags token without suggestion	1571 Molina 2	1571-molina-2:007333	cuayointi	Traducción	desuanecerseme lacabeza, o dolerme mucho
review_no_guess	deverbo	1			spellchecker flags token without suggestion	17?? Bnf_362bis	17-bnf-362bis:000247	ic	Traducción	sirve aveces de preposición, y de regir algunos nombres que no pueden ser regidos deverbo
review_no_guess	didelphis	1			spellchecker flags token without suggestion	2021 Wimmer	2021-wimmer:038035	tlacuatzin	Traducción (es)	zoología, zarigüeya, didelphis marsupialis. / n.pers
review_no_guess	didelphissp	1			spellchecker flags token without suggestion	2021 Wimmer	2021-wimmer:038032	tlacuaton	Traducción (es)	zarigüeya. didelphissp
review_no_guess	diquedámbar	1			spellchecker flags token without suggestion	1598 Tezozomoc	1598-tezozomoc:000615	copalli	Traducción	copale / diquedámbar / mirra *t
review_no_guess	disarsir	1			spellchecker flags token without suggestion	1780 ? Bnf_361	1780-bnf-361:013133	moyolnonotzani	Traducción	inquisidor por inquirir o disarsir con el pensamiento lo que se ha de hacer en algún negocio
review_no_guess	divididamente	1			spellchecker flags token without suggestion	1571 Molina 2	1571-molina-2:001362	tlaxexeloliztica	Traducción	con división, o distinción de partes, o divididamente
review_no_guess	dizqueno	1			spellchecker flags token without suggestion	1571 Molina 2	1571-molina-2:011494	machamo	Traducción	dizqueno, o dicen que no
review_no_guess	dolortal	1			spellchecker flags token without suggestion	1571 Molina 2	1571-molina-2:007643	cuitlapantonehualiztli	Traducción	dolortal
review_no_guess	donantonio	1			spellchecker flags token without suggestion	2021 Wimmer	2021-wimmer:038767	tlahuiltoltzin	Traducción (es)	n.pers. (donantonio)
review_no_guess	donpablo	1			spellchecker flags token without suggestion	2021 Wimmer	2021-wimmer:006416	xochiquentzin	Traducción (es)	n.pers. (donpablo)
review_no_guess	dubdaua	1			spellchecker flags token without suggestion	1571 Molina 2	1571-molina-2:022677	tlalia  +	Traducción	sosegarse echando de si el temor que tenia, o satisfacerse de lo que dubdaua
review_no_guess	duverger	1			spellchecker flags token without suggestion	2021 Wimmer	2021-wimmer:033772	aztac	Traducción (es)	de (el color de) la garceta, blanca. duverger, el origen de los aztecas 78
review_no_guess	dyckerhoff	1			spellchecker flags token without suggestion	2021 Wimmer	2021-wimmer:006266	xochiacxoyatl	Traducción (es)	cf. u. dyckerhoff 1970,339
review_no_guess	edificaciontal	1			spellchecker flags token without suggestion	1571 Molina 1	1571-molina-1:000416	tlatetzopaliztli	Traducción	edificaciontal
review_no_guess	ehcatoca	1			spellchecker flags token without suggestion	2021 Wimmer	2021-wimmer:015365	ecatoco	Traducción (es)	v.pasivo en ehcatoca., ser empujado, llevado por el viento. / son empujados por el viento
review_no_guess	ehecap	1			spellchecker flags token without suggestion	1780 Clavijero	1780-clavijero:000125	xomatontli	Traducción	véase ehecapàtli
review_no_guess	elciciui	1			spellchecker flags token without suggestion	1571 Molina 2	1571-molina-2:008047	elzozoloa	Traducción	lo mismo es que elciciui
review_no_guess	elciminterio	1			spellchecker flags token without suggestion	1571 Molina 2	1571-molina-2:018946	teoitualli	Traducción	el patio de la iglesia, o elciminterio
review_no_guess	elequentemente	1			spellchecker flags token without suggestion	153? Trilingüe	153-trilingue:008551	tecpillatoca	Traducción	elequentemente
review_no_guess	elleltemi	1			spellchecker flags token without suggestion	1571 Molina 2	1571-molina-2:007993	elleltentica	Traducción	lo mismo es que elleltemi
review_no_guess	elrostro	1			spellchecker flags token without suggestion	1571 Molina 2	1571-molina-2:000428	tlatlahuia	Traducción	pararse bermejo elrostro
review_no_guess	elsant	1			spellchecker flags token without suggestion	1571 Molina 2	1571-molina-2:018375	temahuitpololiznezcayotl	Traducción	señal de infamia, o castigo que se hizo a otro, así como elsant benito. etc.
review_no_guess	eltrabajo	1			spellchecker flags token without suggestion	1780 ? Bnf_361	1780-bnf-361:006965	cualaquia	Traducción	doblar eltrabajo; añadir palabras
review_no_guess	emmagrecida	1			spellchecker flags token without suggestion	1571 Molina 2	1571-molina-2:008162	huacqui	Traducción	cosa seca, enjuta, o emmagrecida
review_no_guess	emmarsitarse	1			spellchecker flags token without suggestion	153? Trilingüe	153-trilingue:003389	--tlaxihui **	Traducción	emmarsitarse
review_no_guess	emparamentarle	1			spellchecker flags token without suggestion	1571 Molina 2	1571-molina-2:016402	pepechilhuia	Traducción	embarrarle a otro las paredes, o cerrarle a piedra lodo algún agujero, o abertura que en ellas había, o emparamentarle algo
review_no_guess	empfang	1			spellchecker flags token without suggestion	2021 Wimmer	2021-wimmer:021534	mania	Traducción (es)	v.refl., prepararse para recibir, acomodar a alguien. zum empfang bereit machen
review_no_guess	emplumecida	1			spellchecker flags token without suggestion	1571 Molina 2	1571-molina-2:009574	ihuiyoquizqui	Traducción	emplumecida ave
review_no_guess	empolbonearse	1			spellchecker flags token without suggestion	1780 ? Bnf_361	1780-bnf-361:021049	teppachihui	Traducción	cubierto estar de polvo; empolbonearse
review_no_guess	empoluorarse	1			spellchecker flags token without suggestion	1547 Olmos_G	1547-olmos-g:000832	tlallohua	Traducción	empoluorarse, o volverse tierra
review_no_guess	enardid	1			spellchecker flags token without suggestion	1780 ? Bnf_361	1780-bnf-361:002128	tlaxhuiztli	Traducción	nacido o enardid
review_no_guess	encomun	1			spellchecker flags token without suggestion	17?? Bnf_362	17-bnf-362:003932	tecozayolin	Traducción	mosca encomun
review_no_guess	encontiente	1			spellchecker flags token without suggestion	1571 Molina 2	1571-molina-2:014978	niman	Traducción	luego, y luego, o encontiente. conjunción
review_no_guess	encubrediza	1			spellchecker flags token without suggestion	153? Trilingüe	153-trilingue:010830	tlacuauhnetlatiloyan	Traducción	encubrediza cosa
review_no_guess	encubrimientotal	1			spellchecker flags token without suggestion	1571 Molina 2	1571-molina-2:009323	icpaltitlan  +	Traducción	encubrimientotal
review_no_guess	encómpañia	1			spellchecker flags token without suggestion	1571 Molina 2	1571-molina-2:008722	huica	Traducción	ir con otros, o ir acompañando, o encómpañia de otros
review_no_guess	enelevar	1			spellchecker flags token without suggestion	153? Trilingüe	153-trilingue:010362	tlaacocui ^	Traducción	enelevar
review_no_guess	eneltemplo	1			spellchecker flags token without suggestion	1571 Molina 1	1571-molina-1:016596	mahuizzocan  +	Traducción	secreto lugar eneltemplo
review_no_guess	engenedor	1			spellchecker flags token without suggestion	1780 ? Bnf_361	1780-bnf-361:007503	cuauhzaloqui	Traducción	engenedor
review_no_guess	enmojeserse	1			spellchecker flags token without suggestion	17?? Bnf_362	17-bnf-362:003693	poxcahuiya	Traducción	enmojeserse algo; mogecerse algo
review_no_guess	ennadio	1			spellchecker flags token without suggestion	153? Trilingüe	153-trilingue:005910	mazaconetl	Traducción	ennadio hiio de ciervo
review_no_guess	enparamentados	1			spellchecker flags token without suggestion	1598 Tezozomoc	1598-tezozomoc:000180	tzapocalli	Traducción	lugar y parte secreta y buen lugar, enparamentados y adornados de hojas de fruta de zapote
review_no_guess	enpolborar	1			spellchecker flags token without suggestion	1780 ? Bnf_361	1780-bnf-361:022399	teuhyotia	Traducción	polvorear; enpolborar
review_no_guess	ensangostada	1			spellchecker flags token without suggestion	1571 Molina 2	1571-molina-2:001228	tlatzololli	Traducción	cosa ensangostada, o estrechada
review_no_guess	ensangostura	1			spellchecker flags token without suggestion	1780 ? Bnf_361	1780-bnf-361:004136	tzolihuiliztli	Traducción	ensangostura de algo
review_no_guess	ensangrentanddolas	1			spellchecker flags token without suggestion	1780 ? Bnf_361	1780-bnf-361:024219	tlacoquixtia	Traducción	varillas o sacar pajas por la lengua o por otra parte de cuerpo ensangrentanddolas para ofrecerlas en sacrificio a los ídolos
review_no_guess	entiviamento	1			spellchecker flags token without suggestion	1780 ? Bnf_361	1780-bnf-361:013673	neciyahuhcanequiliztli	Traducción	entiviamento en el propósito
review_no_guess	entortamientode	1			spellchecker flags token without suggestion	1571 Molina 2	1571-molina-2:010628	ixcueponiliztli	Traducción	entortamientode ojo
review_no_guess	entricadamenta	1			spellchecker flags token without suggestion	1571 Molina 1	1571-molina-1:015194	ixnelihuiliztica	Traducción	entricadamenta
review_no_guess	envegesedo	1			spellchecker flags token without suggestion	17?? Bnf_362	17-bnf-362:001276	chicahuac	Traducción	recio; constante o fuerte cosa; recia cosa; el que está envegesedo; grande de edad;
review_no_guess	envergonzado	1			spellchecker flags token without suggestion	153? Trilingüe	153-trilingue:011921	tlapinauhtilli	Traducción	envergonzado
review_no_guess	envn	1			spellchecker flags token without suggestion	1571 Molina 2	1571-molina-2:005278	cexihuitl  +	Traducción	ya anda envn año. s. que aconteció algo. etcétera
review_no_guess	enxertal	1			spellchecker flags token without suggestion	1571 Molina 2	1571-molina-2:003449	xochicualcuauhtla	Traducción	arboleda de frutales, o enxertal
review_no_guess	epervier	1			spellchecker flags token without suggestion	2021 Wimmer	2021-wimmer:012107	copactecolotl	Traducción (es)	epervier
review_no_guess	eriocoma	1			spellchecker flags token without suggestion	2021 Wimmer	2021-wimmer:011046	cihuapatli	Traducción (es)	nombre que reciben distintas hierbas medicinales utilizadas para inducir las contracciones durante el parto (montanoa tomentosa, montanoa grandiflora, eriocoma floribunda)
review_no_guess	eruaje	1			spellchecker flags token without suggestion	1571 Molina 1	1571-molina-1:006702	zacatl	Traducción	eruaje
review_no_guess	eruolada	1			spellchecker flags token without suggestion	1571 Molina 2	1571-molina-2:012600	mitl  +	Traducción	saeta eruolada o con ponzoña
review_no_guess	escanciadovino	1			spellchecker flags token without suggestion	1571 Molina 1	1571-molina-1:036213	tlatectli	Traducción	escanciadovino
review_no_guess	escodardolar	1			spellchecker flags token without suggestion	1780 ? Bnf_361	1780-bnf-361:019318	teixteca	Traducción	escodardolar piciras
review_no_guess	escodzadolar	1			spellchecker flags token without suggestion	1780 ? Bnf_361	1780-bnf-361:022433	texima	Traducción	escodzadolar piedras
review_no_guess	escomum	1			spellchecker flags token without suggestion	1571 Molina 1	1571-molina-1:017791	mitotica  +	Traducción	escomum decir; l; así se dice
review_no_guess	esoabtaduza	1			spellchecker flags token without suggestion	1780 ? Bnf_361	1780-bnf-361:011728	mauhqui	Traducción	cobarde persona; esoabtaduza cisa; temeroso, cobarde, y medroso por naturaleza
review_no_guess	esparcidamente	1			spellchecker flags token without suggestion	1547 Olmos_G	1547-olmos-g:000350	huehueca	Traducción	ralamente, esparcidamente
review_no_guess	espesísima	1			spellchecker flags token without suggestion	1571 Molina 2	1571-molina-2:001983	tlilpololli	Traducción	tinta espesísima, como masa
review_no_guess	esprimentada	1			spellchecker flags token without suggestion	1780 ? Bnf_361	1780-bnf-361:001076	tlatlattalli	Traducción	cosa examinada, probada, o esprimentada (sic)
review_no_guess	estidose	1			spellchecker flags token without suggestion	1780 ? Bnf_361	1780-bnf-361:001327	tlatocayotiani	Traducción	estidose tasadose
review_no_guess	estiprecio	1			spellchecker flags token without suggestion	153? Trilingüe	153-trilingue:011871	tlapatiotiliztli	Traducción	estiprecio o tasa
review_no_guess	estiticacosa	1			spellchecker flags token without suggestion	1780 ? Bnf_361	1780-bnf-361:022335	tetzintzacu	Traducción	estiticacosa que restringe
review_no_guess	estrechogaznate	1			spellchecker flags token without suggestion	1571 Molina 1	1571-molina-1:008860	cocotzoltic	Traducción	el que tiene estrechogaznate, y a esta causa come poco a poco
review_no_guess	estrángurria	1			spellchecker flags token without suggestion	1571 Molina 1	1571-molina-1:024938	axixcocoyaliztli  +	Traducción	estrángurria así
review_no_guess	estupidizar	1			spellchecker flags token without suggestion	2021 Wimmer	2021-wimmer:009844	chichicuepa	Traducción (es)	v.t. tē-., transformar a alguien en perro, estupidizar a alguien
review_no_guess	etiolación	1			spellchecker flags token without suggestion	2021 Wimmer	2021-wimmer:012211	cototzhuaquiliztli	Traducción (es)	marchitez, etiolación
review_no_guess	etoupe	1			spellchecker flags token without suggestion	2021 Wimmer	2021-wimmer:017537	ichpazolli	Traducción (es)	etoupe de maguey o lino (s - ichpaçolli)
review_no_guess	exrogorelegem	1			spellchecker flags token without suggestion	1780 ? Bnf_361	1780-bnf-361:013365	nahuatilxeloa	Traducción	quitar la ley, en parte, exrogorelegem
review_no_guess	eymportuno	1			spellchecker flags token without suggestion	1571 Molina 1	1571-molina-1:028692	tequitlaza	Traducción	porfiado ser, eymportuno, moledor, o renunciar el oficio y cargo que tiene
review_no_guess	fabricadamente	1			spellchecker flags token without suggestion	153? Trilingüe	153-trilingue:011135	tlaimatca	Traducción	fabricadamente
review_no_guess	falaropo	1			spellchecker flags token without suggestion	2021 Wimmer	2021-wimmer:030497	atzitzicuilotl	Traducción (es)	ornitología: falaropo
review_no_guess	faséolas	1			spellchecker flags token without suggestion	2021 Wimmer	2021-wimmer:015901	etla	Traducción (es)	campo, lugar plantado de faséolas o frijoles
review_no_guess	faséoole	1			spellchecker flags token without suggestion	2021 Wimmer	2021-wimmer:015821	epahuaxmolli	Traducción (es)	platos de faséoole y frijoles
review_no_guess	femmelette	1			spellchecker flags token without suggestion	2021 Wimmer	2021-wimmer:011133	cihuatontli	Traducción (es)	en general, femmelette, mujercita
review_no_guess	firmecer	1			spellchecker flags token without suggestion	1780 ? Bnf_361	1780-bnf-361:027436	tlapaltilia	Traducción	firmecer (?) o foltalecer (sic)
review_no_guess	flintbird	1			spellchecker flags token without suggestion	2021 Wimmer	2021-wimmer:031568	tecpatototl	Traducción (es)	flintbird, nombre de un pájaro imaginario
review_no_guess	floribunda	1			spellchecker flags token without suggestion	2021 Wimmer	2021-wimmer:011046	cihuapatli	Traducción (es)	nombre que reciben distintas hierbas medicinales utilizadas para inducir las contracciones durante el parto (montanoa tomentosa, montanoa grandiflora, eriocoma floribunda)
review_no_guess	fonction	1			spellchecker flags token without suggestion	1780 ? Bnf_361	1780-bnf-361:014970	nicananotequiuh	Traducción	estar mucho malo, casi a la muerte. ou entrer en fonction m
review_no_guess	forgicada	1			spellchecker flags token without suggestion	1571 Molina 2	1571-molina-2:004833	zanommopiqui	Traducción	cosa forgicada, o inventada
review_no_guess	fragantísima	1			spellchecker flags token without suggestion	1780 Clavijero	1780-clavijero:001811	moyoxochitl	Traducción	cierta flor pequeña y fragantísima que se da en racimos en un arbusto
review_no_guess	frenquentadamente	1			spellchecker flags token without suggestion	1780 ? Bnf_361	1780-bnf-361:020291	achica	Traducción	a menudo, õ frenquentadamente
review_no_guess	furtible	1			spellchecker flags token without suggestion	1571 Molina 2	1571-molina-2:009143	ichteconi	Traducción	furtible cosa
review_no_guess	furtiblemente	1			spellchecker flags token without suggestion	1571 Molina 2	1571-molina-2:009142	ichteccaquixtia	Traducción	sacar algo furtiblemente. etcétera
review_no_guess	gallinule	1			spellchecker flags token without suggestion	2021 Wimmer	2021-wimmer:013336	cuatezcatl	Traducción (es)	ornitología: gallinule morada
review_no_guess	gatomontes	1			spellchecker flags token without suggestion	1571 Molina 1	1571-molina-1:022146	ocotochtli	Traducción	gatomontes
review_no_guess	geococcyx	1			spellchecker flags token without suggestion	2021 Wimmer	2021-wimmer:022467	metlapiltetzotzontzin	Traducción (es)	nombre de un pájaro, el geocuco mayor, geococcyx californianus, un pájaro del desierto
review_no_guess	geocuco	1			spellchecker flags token without suggestion	2021 Wimmer	2021-wimmer:022467	metlapiltetzotzontzin	Traducción (es)	nombre de un pájaro, el geocuco mayor, geococcyx californianus, un pájaro del desierto
review_no_guess	gesuchte	1			spellchecker flags token without suggestion	2021 Wimmer	2021-wimmer:019689	ixnentla	Traducción (es)	lugar donde buscamos vivir. / v.i., conoce el lugar donde se encuentra lo que buscas. / v.refl., del kennst das ort wo das gesuchte zu finden ist
review_no_guess	gigancia	1			spellchecker flags token without suggestion	153? Trilingüe	153-trilingue:008195	quinameyotl	Traducción	gigancia obra de gigante
review_no_guess	gloriosísima	1			spellchecker flags token without suggestion	1551-95 Documentos nahuas de la Ciudad de México	1551-95-documentos-nahuas-de-la-ciudad-de-mexico:000230	totlazonanantzin	Traducción	su gloriosísima madre
review_no_guess	gneralm	1			spellchecker flags token without suggestion	1780 ? Bnf_361	1780-bnf-361:020757	tepitztic	Traducción	dura cosa gneralm(en(te; empedernido, o pararse duro el pan, o cosa así
review_no_guess	golpeloque	1			spellchecker flags token without suggestion	1571 Molina 2	1571-molina-2:009556	ihuicpahualmocuepa	Traducción	de resurtida dar golpeloque se arronjo
review_no_guess	gossipii	1			spellchecker flags token without suggestion	2021 Wimmer	2021-wimmer:017475	ichcatetl	Traducción (es)	lapis gossipii. piedra dada como remedio para fiebres, venenos y diversas enfermedades
review_no_guess	grassily	1			spellchecker flags token without suggestion	2021 Wimmer	2021-wimmer:033127	tentzitzipitlatoliztli	Traducción (es)	grassily
review_no_guess	grnidar	1			spellchecker flags token without suggestion	1780 ? Bnf_361	1780-bnf-361:017081	piloa	Traducción	grnidar; colgar algo
review_no_guess	gránfrio	1			spellchecker flags token without suggestion	1571 Molina 2	1571-molina-2:011001	ixticehua	Traducción	tener mancillada la cara, o estar descolorido por enfermedad o gránfrio
review_no_guess	guardamujeres	1			spellchecker flags token without suggestion	1579 Durán	1579-duran:000107	cihuateopixque	Traducción	"guardamujeres, amas.""sacerdotisas"""
review_no_guess	guzamienta	1			spellchecker flags token without suggestion	1780 ? Bnf_361	1780-bnf-361:015787	ocuillo	Traducción	guzamienta cosa
review_no_guess	haciarriva	1			spellchecker flags token without suggestion	1780 ? Bnf_361	1780-bnf-361:024305	tlacpacpa	Traducción	haciarriva
review_no_guess	handelt	1			spellchecker flags token without suggestion	2021 Wimmer	2021-wimmer:023379	mochiuhqui	Traducción (es)	der, um den es sich handelt
review_no_guess	hanelar	1			spellchecker flags token without suggestion	1571 Molina 2	1571-molina-2:005006	zozoloca	Traducción	follar, o zumbar las fuelles, o hanelar el que se está muriendo
review_no_guess	hasler	1			spellchecker flags token without suggestion	2021 Wimmer	2021-wimmer:014320	cuecihui	Traducción (es)	v.i., se hasler
review_no_guess	hazitras	1			spellchecker flags token without suggestion	2021 Wimmer	2021-wimmer:004682	tzincholoa	Traducción (es)	v.i., saltar hacia atrás. / v.i., saltar hazitras
review_no_guess	hecahrse	1			spellchecker flags token without suggestion	1780 ? Bnf_361	1780-bnf-361:021261	tetech nino, tlaza	Traducción	arrimarse o hecahrse sobre otro
review_no_guess	hechalse	1			spellchecker flags token without suggestion	1547 Olmos_V ?	1547-olmos-v:000526	cochuia	Traducción	hechalse con mujer que duerme
review_no_guess	hechovagamundo	1			spellchecker flags token without suggestion	1571 Molina 2	1571-molina-2:007181	cuauhtlamelahua	Traducción	andar hechovagamundo
review_no_guess	hegera	1			spellchecker flags token without suggestion	1780 ? Bnf_361	1780-bnf-361:002957	tlenenepilli	Traducción	hegera llamas de fuego
review_no_guess	helianthropus	1			spellchecker flags token without suggestion	2021 Wimmer	2021-wimmer:010410	chimalacatl	Traducción (es)	botánico, nombre de una flor, quizás helianthropus
review_no_guess	hemorrhoos	1			spellchecker flags token without suggestion	1780 Clavijero	1780-clavijero:000878	ahueyactli	Traducción	sierpe venenosa del reino de méxico de la clase de los hemorrhoos
review_no_guess	hichamento	1			spellchecker flags token without suggestion	1780 ? Bnf_361	1780-bnf-361:002257	tlaxixiliztli	Traducción	hichamento, recalcado
review_no_guess	hilopoco	1			spellchecker flags token without suggestion	1629 Alarcón	1629-alarcon:001192	poton	Traducción	hilopoco torcido / mal hilado [ofrendas]
review_no_guess	hiovi	1			spellchecker flags token without suggestion	1565 Sahagún Escolios	1565-sahagun-escolios:000565	ihiyohuia	Traducción	vivir en laceria (oniq?hiovi, onicciavh)
review_no_guess	hobucho	1			spellchecker flags token without suggestion	1780 ? Bnf_361	1780-bnf-361:016027	ompaomoma	Traducción	hobucho; habituado otro en alguna cosa
review_no_guess	honable	1			spellchecker flags token without suggestion	153? Trilingüe	153-trilingue:005641	mahuiziotl	Traducción	honable cosa
review_no_guess	horadación	1			spellchecker flags token without suggestion	1780 ? Bnf_361	1780-bnf-361:027673	tlapetlaliztli	Traducción	quitamiento de algo rompiendo, (h)horadación, agugeramiento. vide petla, nitla
review_no_guess	hospedablemente	1			spellchecker flags token without suggestion	153? Trilingüe	153-trilingue:006907	neneuhcacochihualoya	Traducción	hospedablemente o hospedería
review_no_guess	huex	1			spellchecker flags token without suggestion	1645 Carochi	1645-carochi:000981	huexotlacatl	Traducción	morador de huexötlâ
review_no_guess	hvego	1			spellchecker flags token without suggestion	1571 Molina 1	1571-molina-1:003020	tletl	Traducción	hvego, generalmente
review_no_guess	húndirseme	1			spellchecker flags token without suggestion	1571 Molina 2	1571-molina-2:010537	ixcaxihui	Traducción	húndirseme el ojo, o quebrársele y secarle el ojo
review_no_guess	icepoac	1			spellchecker flags token without suggestion	2021 Wimmer	2021-wimmer:017439	icepohuac	Traducción (es)	descarado (s - icepoac)
review_no_guess	iciuhc	1			spellchecker flags token without suggestion	17?? Bnf_362bis	17-bnf-362bis:000268	iciuhca,	Traducción	(con ä larga y grave), presto, con presteza. ma iciuhcä ximonahuatitehua, ca iciuhca timiquiz. haz presto tu testamento, porque en breve morirás
review_no_guess	icnopilmati	1			spellchecker flags token without suggestion	1565 Sahagún Escolios	1565-sahagun-escolios:000552	icnelilmati	Traducción	[agradecer ] ídem [icnopilmati, nitla]
review_no_guess	icnopilti	1			spellchecker flags token without suggestion	1780 Clavijero	1780-clavijero:001273	ilhuiti	Traducción	verbo irregular que tiene los mismos tiempos, terminaciones, uso de semipronombres y significación que icnopilti
review_no_guess	icnotilia	1			spellchecker flags token without suggestion	1571 Molina 2	1571-molina-2:009258	icnotlacatilia	Traducción	lo mismo es que icnotilia
review_no_guess	icxipechtia	1			spellchecker flags token without suggestion	2021 Wimmer	2021-wimmer:018018	icxipepechtia	Traducción (es)	icxipehpechtia, redupl. sobre icxipechtia
review_no_guess	icxipehpechtia	1			spellchecker flags token without suggestion	2021 Wimmer	2021-wimmer:018018	icxipepechtia	Traducción (es)	icxipehpechtia, redupl. sobre icxipechtia
review_no_guess	icxopil	1			spellchecker flags token without suggestion	2021 Wimmer	2021-wimmer:018070	icxopiltepachoa	Traducción (es)	v.refl., le machuca el dedo del pie (t). icxopil-li
review_no_guess	igitur	1			spellchecker flags token without suggestion	17?? Bnf_362bis	17-bnf-362bis:000519	anca	Traducción	luego, con que. igitur. ergo. (adverbio de que se usa cuando uno infiere algo de otra cosa que vio u oyó)
review_no_guess	igualdel	1			spellchecker flags token without suggestion	1780 ? Bnf_361	1780-bnf-361:018954	tehuicaltitinemiliztli	Traducción	acompañameinto del mayor; o igualdel que acompaña
review_no_guess	ihcuania	1			spellchecker flags token without suggestion	2021 Wimmer	2021-wimmer:017909	icuanilia	Traducción (es)	v.t. tla-., transportar, alejar algo. / v.bitrans. motla-., honorífico. en ihcuania, mover una cosa de un lugar a otro
review_no_guess	ihnecuiltia	1			spellchecker flags token without suggestion	2021 Wimmer	2021-wimmer:018640	inecuiltilia	Traducción (es)	v.bitrans. motētla-., honorífico sobre ihnecuiltia, hacer sentir algo a alguien
review_no_guess	ihre	1			spellchecker flags token without suggestion	2021 Wimmer	2021-wimmer:014988	cuitlalpia	Traducción (es)	v.t. tla-., atar, unir. / v.t. tē-., ceñir a otro. / v.refl., ceñir, ceñirse los lomos. / alle haben ihre tabakkalebassen hinden umgegürtet. / v.refl. en sentido pasivo, estando unido en el medio
review_no_guess	ihrer	1			spellchecker flags token without suggestion	2021 Wimmer	2021-wimmer:014664	cuextli	Traducción (es)	huasteco. / a la forma poseída, ohōme mantihuiītze in īcuexhuan, es befinden sich (bei ihr) je zwei ihrer huaxteken
review_no_guess	illacamo	1			spellchecker flags token without suggestion	17?? Bnf_362bis	17-bnf-362bis:000324	in maca	Traducción	que no. sinónimo de in illacamo (quod vide)
review_no_guess	immaneleh	1			spellchecker flags token without suggestion	2021 Wimmer	2021-wimmer:018599	immanele	Traducción (es)	immaneleh sinónimo de immānel
review_no_guess	imonequi	1			spellchecker flags token without suggestion	1645 Carochi	1645-carochi:000385	ye	Traducción	ya / çan ~ nö ihui, de la misma manera / (çan ~) nö iuh, de la misma manera / ca ~, ya / çan ~ nö iuhqui, de la misma manera / çan ~ nö, mismo / (in) ~ nechca, tiempos pasados / (in) ~ nëpa, tiempos pasados / ~ huècauh, antiguo / ~ imman, ya es hora / ~ imman, ya es tiempo / ~ imonequiän, ya es tiem
review_no_guess	inceltin	1			spellchecker flags token without suggestion	1759 Paredes	1759-paredes:001020	izceltin	Traducción	es inceltin, vuelve la n en z, por c siguiente
review_no_guess	inclinandice	1			spellchecker flags token without suggestion	1780 ? Bnf_361	1780-bnf-361:014378	nepacholiztli	Traducción	inclinación por inclinarse; el alajamiento inclinandice
review_no_guess	inducimeinto	1			spellchecker flags token without suggestion	1780 ? Bnf_361	1780-bnf-361:021962	tetlatlacahuiloliztli	Traducción	atraimiento por halagos, o inducimeinto a alguno con dones y palabras halagüeñas
review_no_guess	inficionación	1			spellchecker flags token without suggestion	1780 ? Bnf_361	1780-bnf-361:019491	temahualiztli	Traducción	contaminación, o inficionación; enloquecimiento de otro; inficionamiento
review_no_guess	infrustable	1			spellchecker flags token without suggestion	1759 Paredes	1759-paredes:000269	cemmanca	Traducción	eterno e infrustable
review_no_guess	inhabilimente	1			spellchecker flags token without suggestion	153? Trilingüe	153-trilingue:002120	yolloquimiltica	Traducción	inhabilimente así
review_no_guess	inobedencia	1			spellchecker flags token without suggestion	1780 ? Bnf_361	1780-bnf-361:015709	atetlacamatiliztli	Traducción	tesonería e inobedencia
review_no_guess	ipám	1			spellchecker flags token without suggestion	1571 Molina 2	1571-molina-2:010116	ipam polihuiztli	Traducción	lo mismo es que ipám poliuiliztli
review_no_guess	itechpa	1			spellchecker flags token without suggestion	1759 Paredes	1759-paredes:000898	itechcacopatzinco	Traducción	de los mismo que itechpa
review_no_guess	itetic	1			spellchecker flags token without suggestion	17?? Bnf_362bis	17-bnf-362bis:000848	tetic	Traducción	por itetic
review_no_guess	itexiuini	1			spellchecker flags token without suggestion	2021 Wimmer	2021-wimmer:018858	itixihuini	Traducción (es)	hidropesico, glotón (s s itexiuini)
review_no_guess	itztapal	1			spellchecker flags token without suggestion	1645 Carochi	1645-carochi:001264	itztapalapanecatl	Traducción	natural de itztapaläpan
review_no_guess	ixocarpa	1			spellchecker flags token without suggestion	2021 Wimmer	2021-wimmer:003549	tomatl	Traducción (es)	tomate o tomatilla (physalis philadelphica o physalis ixocarpa)
review_no_guess	ixpoloa	1			spellchecker flags token without suggestion	2021 Wimmer	2021-wimmer:025248	neixpololo	Traducción (es)	v.impers. en ixpoloa: todo el mundo está confundido
review_no_guess	ixtilia	1			spellchecker flags token without suggestion	1759 Paredes	1759-paredes:000985	ixtililia	Traducción	es de ixtilia, respetar
review_no_guess	iyapah	1			spellchecker flags token without suggestion	2021 Wimmer	2021-wimmer:020368	iyapa	Traducción (es)	iyapa > iyapah, v.t. tla-. cf. iyapa
review_no_guess	iyautepec	1			spellchecker flags token without suggestion	2021 Wimmer	2021-wimmer:039531	tlalhuica	Traducción (es)	plural étnico. sobre tlalhuicatl, población de habla nahua, establecida en el actual estado de morelos, particularmente en cuauhnahuac, huaxtepec, iyautepec, tlahquiltenanco y acapichtlán
review_no_guess	iyemaca	1			spellchecker flags token without suggestion	2021 Wimmer	2021-wimmer:032097	teiyemaco	Traducción (es)	v.impers. en iyemaca ofrecemos pipas y tabaco a los invitados
review_no_guess	izcah	1			spellchecker flags token without suggestion	2021 Wimmer	2021-wimmer:020526	izcatqui	Traducción (es)	sin. de iz cah, también transcrito izcah, he aquí
review_no_guess	izcaltia	1			spellchecker flags token without suggestion	2021 Wimmer	2021-wimmer:020523	izcaltilo	Traducción (es)	passif., en izcaltia. / passif., ser educado. / passif., ser alimentado
review_no_guess	izquint	1			spellchecker flags token without suggestion	1645 Carochi	1645-carochi:001776	no	Traducción	también / àmo ~, ni / çan ye ~, mismo / (çan ye) ~ ìquäc, entonces al mismo tiempo / ça ye ~, mismo / çan ~ yuh, asimismo / çan ~, mismo / çan ye ~ ihui, de la misma manera / oc ~ ïxquich, otro tanto más / oc ~ izquintïn, otros tantos más
review_no_guess	jerkin	1			spellchecker flags token without suggestion	2021 Wimmer	2021-wimmer:037547	tlachuipilli	Traducción (es)	jerkin, prenda para la parte superior del cuerpo
review_no_guess	jirofle	1			spellchecker flags token without suggestion	153? Trilingüe	153-trilingue:000556	castilla xochitli	Traducción	clavo de jirofle
review_no_guess	juliflora	1			spellchecker flags token without suggestion	2021 Wimmer	2021-wimmer:023286	mizquitlaxipehualli	Traducción (es)	la corteza de mezquite, prosopis juliflora (swartz), tiene propiedades medicinales
review_no_guess	jumigido	1			spellchecker flags token without suggestion	1780 ? Bnf_361	1780-bnf-361:012944	motlamachitocani	Traducción	jumigido sabio
review_no_guess	kennst	1			spellchecker flags token without suggestion	2021 Wimmer	2021-wimmer:019689	ixnentla	Traducción (es)	lugar donde buscamos vivir. / v.i., conoce el lugar donde se encuentra lo que buscas. / v.refl., del kennst das ort wo das gesuchte zu finden ist
review_no_guess	klangplatte	1			spellchecker flags token without suggestion	2021 Wimmer	2021-wimmer:036167	tezcatzintli	Traducción (es)	nombre de un instrumento musical de percusión. (klangplatte aus stein). sga ii 1102. / honorífico sobre tezcatl, espejo. / diminutivo de tezcatl, espejito
review_no_guess	labajal	1			spellchecker flags token without suggestion	1780 ? Bnf_361	1780-bnf-361:014148	nemimiloloyan	Traducción	lavajo, o labajal de puercos
review_no_guess	ladromicio	1			spellchecker flags token without suggestion	1780 ? Bnf_361	1780-bnf-361:021632	tetlacuicuililiztli	Traducción	ladromicio publico; robo del que saltea
review_no_guess	lahinchazon	1			spellchecker flags token without suggestion	1571 Molina 2	1571-molina-2:016355	patzahua	Traducción	machucar, o estrujar fruta, o cosa semejante, o deshincharse el incordio, o lahinchazon
review_no_guess	lamuger	1			spellchecker flags token without suggestion	1571 Molina 2	1571-molina-2:016521	pilhuatia	Traducción	empreñarse o parir lamuger, engendrar o desovar el pescado
review_no_guess	lanamerina	1			spellchecker flags token without suggestion	1571 Molina 2	1571-molina-2:009061	ichcatomitl  +	Traducción	lanamerina
review_no_guess	lanzadardos	1			spellchecker flags token without suggestion	2021 Wimmer	2021-wimmer:015322	ecahuique	Traducción (es)	que tiene lanzadardos curvo con incrustaciones
review_no_guess	lasalua	1			spellchecker flags token without suggestion	1571 Molina 2	1571-molina-2:000874	tlatocatlacualyecoa	Traducción	hacer lasalua el maestresala
review_no_guess	lasyervas	1			spellchecker flags token without suggestion	1780 ? Bnf_361	1780-bnf-361:026324	tlamaxeloani	Traducción	apartador con las manos, de la gente, para pasae por entre ella o apartar lasyervas o cañas, o casas semejantes para hender por ellas
review_no_guess	latitimalli	1			spellchecker flags token without suggestion	2021 Wimmer	2021-wimmer:015152	cuitlatitimalli	Traducción (es)	variante latitimalli cocida de latemalli cocido
review_no_guess	laximia	1			spellchecker flags token without suggestion	1780 ? Bnf_361	1780-bnf-361:001855	tlatzomia	Traducción	bufar el gato, o laximia?
review_no_guess	laymagen	1			spellchecker flags token without suggestion	1571 Molina 2	1571-molina-2:010866	ixpoyahua	Traducción	oscurecer o echar a perder laymagen
review_no_guess	lazopara	1			spellchecker flags token without suggestion	1571 Molina 2	1571-molina-2:012190	mazatzohuaztli	Traducción	lazopara cazar fieras, o venados
review_no_guess	lebraston	1			spellchecker flags token without suggestion	1571 Molina 2	1571-molina-2:006092	citontli	Traducción	lebrastilla o lebraston
review_no_guess	leucopternis	1			spellchecker flags token without suggestion	2021 Wimmer	2021-wimmer:020637	iztaccuauhtli	Traducción (es)	ornitología, ratonero blanco (leucopternis albicollis). sería sinónimo de yohualcuāuhtli. michel gilonne 1997, 193. / plural., iztaccuācuāuhtin. / título divino. / nombre personal, uno de los seis compañeros de xolotl
review_no_guess	levantamientocon	1			spellchecker flags token without suggestion	1780 ? Bnf_361	1780-bnf-361:018901	tehuannequetzaliztli	Traducción	levantamientocon otro
review_no_guess	lexosel	1			spellchecker flags token without suggestion	1571 Molina 2	1571-molina-2:019056	achica onantica	Traducción	estar algo lexosel lugar, o haber buen trecho hasta el
review_no_guess	limarhierro	1			spellchecker flags token without suggestion	1571 Molina 2	1571-molina-2:019319	tepochichiqui	Traducción	limarhierro
review_no_guess	locativoen	1			spellchecker flags token without suggestion	2021 Wimmer	2021-wimmer:034056	tepexic	Traducción (es)	locativoen un precipicio. / un lugar de perdición
review_no_guess	looch	1			spellchecker flags token without suggestion	2021 Wimmer	2021-wimmer:037393	tlachichihualneucpatli	Traducción (es)	looch, almíbar
review_no_guess	lticpac	1			spellchecker flags token without suggestion	1645 Carochi	1645-carochi:002603	tlamati	Traducción	~ tlälticpac, actuar mundanamente / ir a alguna parte / saber algo -véase mati
review_no_guess	ltóc	1			spellchecker flags token without suggestion	1645 Carochi	1645-carochi:000263	xaltocamecatl	Traducción	natural de xältócän
review_no_guess	luxuriosas	1			spellchecker flags token without suggestion	1571 Molina 2	1571-molina-2:004657	yomoni	Traducción	bullir los gusanos, o piojos, pulgas, hormigas, o cosas semejantes, o dar mucha comezón los granos o la sarna, o tener grán encendimiento de la carne los mozos omozas luxuriosas
review_no_guess	macaic	1			spellchecker flags token without suggestion	17?? Bnf_362bis	17-bnf-362bis:000192	aic	Traducción	vide niman aic. macaic
review_no_guess	macotoctic	1			spellchecker flags token without suggestion	1571 Molina 2	1571-molina-2:011564	macotonqui	Traducción	lo mismo es que macotoctic
review_no_guess	macotótica	1			spellchecker flags token without suggestion	2021 Wimmer	2021-wimmer:021035	macotoctic	Traducción (es)	pingüino, que se cortó la mano (entrada macotótica de s)
review_no_guess	macuil	1			spellchecker flags token without suggestion	2021 Wimmer	2021-wimmer:003795	topantlacaqui	Traducción (es)	allí cantaron; allí ofrecieron sacrificios por macuil malinalli
review_no_guess	macuilli	1			spellchecker flags token without suggestion	17?? Bnf_362bis	17-bnf-362bis:000338	in ye macuil	Traducción	(en lugar de in ye macuililhuitl) aunque es nombre imperfecto compuesto de macuilli, se usa como adverbio para decir: en días pasados: en tiempo pasado, o sea de pocos, o de muchos días
review_no_guess	magueyal	1			spellchecker flags token without suggestion	1598 Tezozomoc	1598-tezozomoc:000994	magual	Traducción	magual [tal vez magueyal, plantación de magueyes]
review_no_guess	mahcualtica	1			spellchecker flags token without suggestion	2021 Wimmer	2021-wimmer:010349	acualtica	Traducción (es)	mahcualtica, tus fechorías
review_no_guess	mainable	1			spellchecker flags token without suggestion	1780 ? Bnf_361	1780-bnf-361:014196	nenamictiliznemiliztli	Traducción	mainable vida
review_no_guess	malformado	1			spellchecker flags token without suggestion	2021 Wimmer	2021-wimmer:011723	cocomotztic	Traducción (es)	que no es nada regular. / malformado, que presenta malformaciones
review_no_guess	manoderecha	1			spellchecker flags token without suggestion	1571 Molina 2	1571-molina-2:013224	moyeccampa	Traducción	atu manoderecha, o atu lado derecho
review_no_guess	massier	1			spellchecker flags token without suggestion	2021 Wimmer	2021-wimmer:033348	teocuitlacuauhololnapalo	Traducción (es)	massier, que lleva la maza
review_no_guess	mastigoproctus	1			spellchecker flags token without suggestion	2021 Wimmer	2021-wimmer:011959	colotzin	Traducción (es)	escorpión de gran tamaño, de mordedura inofensiva y que desprende olor a vinagre cuando se le molesta (mastigoproctus giganteus)
review_no_guess	masturbate	1			spellchecker flags token without suggestion	2021 Wimmer	2021-wimmer:021174	mahuia	Traducción (es)	v.refl., masturbate
review_no_guess	matomoni	1			spellchecker flags token without suggestion	1571 Molina 2	1571-molina-2:012020	matotomoni	Traducción	lo mismo es que matomoni
review_no_guess	maxcatel	1			spellchecker flags token without suggestion	1780 ? Bnf_361	1780-bnf-361:022257	tetzahuac	Traducción	maxcatel; cosa espesa con engrudo o betún, cosa cuajada con algo
review_no_guess	mazacotepara	1			spellchecker flags token without suggestion	1571 Molina 1	1571-molina-1:021188	nexzoquitl	Traducción	mazacotepara solar
review_no_guess	mecayotia	1			spellchecker flags token without suggestion	1571 Molina 2	1571-molina-2:012247	mecayotlalia	Traducción	lo mismo es que mecayotia
review_no_guess	mediomorados	1			spellchecker flags token without suggestion	1571 Molina 2	1571-molina-2:005523	chichilhuauhtli	Traducción	cenizos colorados, o mediomorados
review_no_guess	melisiosam	1			spellchecker flags token without suggestion	1780 ? Bnf_361	1780-bnf-361:016049	atlacanemiliztica	Traducción	melisiosam(en)te
review_no_guess	mesembryanthenum	1			spellchecker flags token without suggestion	2021 Wimmer	2021-wimmer:031580	tecpicquilitl	Traducción (es)	botánico, mesembryanthenum blandum
review_no_guess	metecato	1			spellchecker flags token without suggestion	1780 ? Bnf_361	1780-bnf-361:010879	ixtotomahua	Traducción	atochado, abobado, atontado, metecato. fatuus de mens
review_no_guess	michcoconeh	1			spellchecker flags token without suggestion	2021 Wimmer	2021-wimmer:022692	michcocone	Traducción (es)	michcoconeh, plural. por michconētl
review_no_guess	michnamacacan	1			spellchecker flags token without suggestion	1571 Molina 2	1571-molina-2:012442	michnamacoyan	Traducción	lo mismo es que michnamacacan
review_no_guess	michpilin	1			spellchecker flags token without suggestion	2021 Wimmer	2021-wimmer:022749	michpillin	Traducción (es)	michpillin. para michpilli o michpilin
review_no_guess	michpilli	1			spellchecker flags token without suggestion	2021 Wimmer	2021-wimmer:022749	michpillin	Traducción (es)	michpillin. para michpilli o michpilin
review_no_guess	mictimoteca	1			spellchecker flags token without suggestion	1571 Molina 2	1571-molina-2:015654	omictimoman  +	Traducción	lo mismo es que tlalli mictimoteca
review_no_guess	miecpa	1			spellchecker flags token without suggestion	1645 Carochi	1645-carochi:000497	zan	Traducción	sólo / (excluyente) / sino / solamente / mä nel ~, siquiera / ~ cémi, de una vez / àmo ~ tlapohualpa, innumerables veces / ~ cánâ, en cual parte / ~ nö cuël, otra vez / ~ ye oncän, en el mismo lugar / àmo ~ miecpa, pocas veces / àmo ~ quën amî, no como quiera / àmo ~ tlapöhualli, infinita(s) / intlä
review_no_guess	miectina	1			spellchecker flags token without suggestion	2021 Wimmer	2021-wimmer:022847	miectin	Traducción (es)	miectina, pl. de miec
review_no_guess	milintoc	1			spellchecker flags token without suggestion	2021 Wimmer	2021-wimmer:004886	tziuhcuexpalli	Traducción (es)	rizo de pelo característico de un niño. / adorno, específico de huitzilopochtli y milintoc
review_no_guess	milpanpa	1			spellchecker flags token without suggestion	1551-95 Documentos nahuas de la Ciudad de México	1551-95-documentos-nahuas-de-la-ciudad-de-mexico:001320	amilpampa	Traducción	hacia milpanpa
review_no_guess	mimiloa	1			spellchecker flags token without suggestion	2021 Wimmer	2021-wimmer:022976	mimilolo	Traducción (es)	v.impers., en mimiloa
review_no_guess	minacachal	1			spellchecker flags token without suggestion	1598 Tezozomoc	1598-tezozomoc:001281	atlatl	Traducción	palo de tres palmos / arrojadera del minacachal
review_no_guess	mixcóac	1			spellchecker flags token without suggestion	1580 Sahagún/Máynez	1580-sahagun-maynez:001288	mixcoatlailotlac	Traducción	el tlailótlac de mixcóac
review_no_guess	mixtecmacti	1			spellchecker flags token without suggestion	1571 Molina 2	1571-molina-2:012653	mixtecomnactia	Traducción	lo mismo es que mixtecmacti
review_no_guess	mocemacitica	1			spellchecker flags token without suggestion	17?? Bnf_362bis	17-bnf-362bis:000526	mocemacitzinotica	Traducción	reverencial de mocemacitica. quod vide
review_no_guess	mociui	1			spellchecker flags token without suggestion	1780 ? Bnf_361	1780-bnf-361:014166	nemocihuiliztli	Traducción	alteración por algún negocio. v. mociui, nite
review_no_guess	mocnomatini	1			spellchecker flags token without suggestion	1565 Sahagún Escolios	1565-sahagun-escolios:000847	mocnotecani	Traducción	[cosa humilde] ídem [mocnomatini]
review_no_guess	momati	1			spellchecker flags token without suggestion	1645 Carochi	1645-carochi:001461	mati	Traducción	parecerle / pensar / àquën momati, desvergonzado / entender / hallarse bien en alguna parte
review_no_guess	momoloca	1			spellchecker flags token without suggestion	1780 Clavijero	1780-clavijero:001790	momolotza	Traducción	compulsivo poco usado del verbo momoloca
review_no_guess	monehneloa	1			spellchecker flags token without suggestion	2021 Wimmer	2021-wimmer:025696	neneloa	Traducción (es)	v.t. tla-., mezclar algo. / v.refl. con un significado pasivo. monehneloa., lo mezclamos
review_no_guess	monetechaua	1			spellchecker flags token without suggestion	1571 Molina 2	1571-molina-2:006571	ahua  +	Traducción	lo mismo es que monetechaua
review_no_guess	montezumae	1			spellchecker flags token without suggestion	2021 Wimmer	2021-wimmer:008735	zolin	Traducción (es)	ornitología: codorniz. parece ser más concretamente la codorniz arlequín cyrtonyx montezumae. / plural: anne marie wöhrer i 129
review_no_guess	mopixoa	1			spellchecker flags token without suggestion	2021 Wimmer	2021-wimmer:029345	pixoa	Traducción (es)	v.t. tla-., sembrar. / v.refl. con un significado pasivo. mopixoa., las sembramos. / v.refl., cubrirse de plumas cuando se habla de pájaros
review_no_guess	morph	1			spellchecker flags token without suggestion	2021 Wimmer	2021-wimmer:014774	cuicazacamolo	Traducción (es)	v.impers. en zacamoa, morph.incorp. cuīcatl, rompemos la canción (??)
review_no_guess	moullié	1			spellchecker flags token without suggestion	2021 Wimmer	2021-wimmer:002698	tlazoquipolactilli	Traducción (es)	moullié, arrojado al barro, hablando de un objeto
review_no_guess	moxcateltear	1			spellchecker flags token without suggestion	1780 ? Bnf_361	1780-bnf-361:011068	iztacxocomecatl	Traducción	moxcateltear
review_no_guess	moyocati	1			spellchecker flags token without suggestion	2021 Wimmer	2021-wimmer:023486	moiyocati	Traducción (es)	aumentó (s 252 s moyocati)
review_no_guess	mudamiénto	1			spellchecker flags token without suggestion	1571 Molina 2	1571-molina-2:013854	necuaniliztica	Traducción	mudablemente, o con mudamiénto
review_no_guess	mugger	1			spellchecker flags token without suggestion	1780 ? Bnf_361	1780-bnf-361:009996	itlannicochi	Traducción	echarse con mugger
review_no_guess	muliebria	1			spellchecker flags token without suggestion	1645 Carochi	1645-carochi:002316	tepilli	Traducción	pudenda muliebria
review_no_guess	mégissier	1			spellchecker flags token without suggestion	2021 Wimmer	2021-wimmer:015499	ehuahuatzqui	Traducción (es)	mégissier, que seca los cueros
review_no_guess	nabanxa	1			spellchecker flags token without suggestion	1598 Tezozomoc	1598-tezozomoc:000933	itzpapalotl	Traducción	mariposa de nabanxa *d
review_no_guess	nabuchodonosor	1			spellchecker flags token without suggestion	1571 Molina 2	1571-molina-2:019026	teotlalia	Traducción	constituir algo por dios, como nabuchodonosor a aquella estatua que mando a dorar
review_no_guess	nacayoh	1			spellchecker flags token without suggestion	2021 Wimmer	2021-wimmer:024567	nanacayo	Traducción (es)	con champiñones. / reduplicar. sobre nacayoh, carnoso. se dice que es del ajolote
review_no_guess	nacaztetecuica	1			spellchecker flags token without suggestion	1571 Molina 2	1571-molina-2:013408	nacaztititza	Traducción	lo mismo es que nacaztetecuica
review_no_guess	narizromo	1			spellchecker flags token without suggestion	1571 Molina 2	1571-molina-2:003851	yacatapayoltic	Traducción	narizromo
review_no_guess	naualpauia	1			spellchecker flags token without suggestion	1571 Molina 2	1571-molina-2:013461	nahualteca	Traducción	lo mismo es que naualpauia
review_no_guess	nayuuh	1			spellchecker flags token without suggestion	1547 Olmos_G	1547-olmos-g:000748	ayotl	Traducción	tortuga; nayuuh
review_no_guess	neahcomanalo	1			spellchecker flags token without suggestion	2021 Wimmer	2021-wimmer:009323	acomana	Traducción (es)	v.t. tla-., trastornar, destruir una cosa. / v.t. tē-., levantar, agitar a otros. / v.t. tē-., alborotar a los otros. / impers., neahcomanalo, nos rebelamos, nos rebelamos, la multitud se levanta, se agita, etc.
review_no_guess	necocnemi	1			spellchecker flags token without suggestion	1571 Molina 2	1571-molina-2:010354	itlatol  +	Traducción	lo mismo es que necocnemi
review_no_guess	negligentisimo	1			spellchecker flags token without suggestion	1780 ? Bnf_361	1780-bnf-361:001836	tlatziuhqui	Traducción	perezoso muy descuidado, y negligentisimo *
review_no_guess	negrestina	1			spellchecker flags token without suggestion	1565 Sahagún Escolios	1565-sahagun-escolios:000438	cuichehuac	Traducción	cosa hosca o negrestina
review_no_guess	nehneuhqueh	1			spellchecker flags token without suggestion	2021 Wimmer	2021-wimmer:025811	neneuhqui	Traducción (es)	iguales, idénticos, parecidos. / plural, 'nehneuhqueh'
review_no_guess	neloá	1			spellchecker flags token without suggestion	2021 Wimmer	2021-wimmer:025296	nelhuia	Traducción (es)	v.bitrans. tētla-., agitar, sacudir a alguien, perturbarlo, trastornar algo. neloá
review_no_guess	neltia	1			spellchecker flags token without suggestion	1551-95 Documentos nahuas de la Ciudad de México	1551-95-documentos-nahuas-de-la-ciudad-de-mexico:002031	neltililia	Traducción	firmar de su nombre (rev. de neltia)
review_no_guess	nemachtia	1			spellchecker flags token without suggestion	2021 Wimmer	2021-wimmer:025369	nemachtilia	Traducción (es)	v.bitrans. motē-., honorífico sobre nemachtia, instruir, advertir a alguien
review_no_guess	nematcaitoa	1			spellchecker flags token without suggestion	1571 Molina 2	1571-molina-2:014123	nematcatlatoa	Traducción	lo mismo es que nematcaitoa
review_no_guess	nemih	1			spellchecker flags token without suggestion	2021 Wimmer	2021-wimmer:022855	miequintin	Traducción (es)	ahmo zan quezquin nemih cencah miequintin nemih, no son pocos los que viajan; muchísimos viajes. se dice que son hormigas cocidas laazcatl. 11,90 sa
review_no_guess	nemiliztia	1			spellchecker flags token without suggestion	2021 Wimmer	2021-wimmer:025705	nenemiliztilo	Traducción (es)	v.impers. en nemiliztia regulamos nuestra conducta, cada uno regula su forma de vivir (s s nemiliztia)
review_no_guess	nemiliztoca	1			spellchecker flags token without suggestion	1565 Sahagún Escolios	1565-sahagun-escolios:000071	tlayeyecalhuia	Traducción	[imitar a otro en las costumbres buenas o malas] ídem [nemiliztoca, nite]
review_no_guess	nenacazmamaliuiani	1			spellchecker flags token without suggestion	2021 Wimmer	2021-wimmer:025611	nenacazmamalihuani	Traducción (es)	palillo de oreja (s s nenacazmamaliuiani)
review_no_guess	nenacazpopoaloni	1			spellchecker flags token without suggestion	2021 Wimmer	2021-wimmer:025612	nenacazpopohualoni	Traducción (es)	palillo de oreja (s - nenacazpopoaloni)
review_no_guess	nenepilli	1			spellchecker flags token without suggestion	2021 Wimmer	2021-wimmer:025753	nenepilco	Traducción (es)	locativo en nenepilli, en el idioma. / a la forma poseída
review_no_guess	neneuhcana	1			spellchecker flags token without suggestion	1571 Molina 2	1571-molina-2:014344	neneuhcahuia	Traducción	lo mismo es que neneuhcana miqui
review_no_guess	netempopoaloni	1			spellchecker flags token without suggestion	2021 Wimmer	2021-wimmer:026121	netempopohualoni	Traducción (es)	servilleta, mantel (s s netempopoaloni)
review_no_guess	netenviteco	1			spellchecker flags token without suggestion	1565 Sahagún Escolios	1565-sahagun-escolios:000961	netempapahuilo	Traducción	[todos dan grita ] lo mismo [netenviteco]
review_no_guess	netolpoloa	1			spellchecker flags token without suggestion	1780 ? Bnf_361	1780-bnf-361:014293	nenetolpololiztli	Traducción	quebrantameinto de fe vid. netolpoloa
review_no_guess	neuiuilia	1			spellchecker flags token without suggestion	1571 Molina 2	1571-molina-2:013973	nehuihuilia	Traducción	lo mismo es que neuiuilia
review_no_guess	nexpixoa	1			spellchecker flags token without suggestion	2021 Wimmer	2021-wimmer:026535	nexpixolo	Traducción (es)	v.impers. en nexpixoa., esparcimos las cenizas. este era el cuarto día de la fiesta que se realizaba en honor al dios payinal
review_no_guess	nextiqueh	1			spellchecker flags token without suggestion	2021 Wimmer	2021-wimmer:026561	nextic	Traducción (es)	cenizo, como cenizas, azul grisáceo. / plural, 'nextiqueh'. describe algunas hormigas cocidas laazcatl. 11,90 sa
review_no_guess	nezcalilizcalli	1			spellchecker flags token without suggestion	2021 Wimmer	2021-wimmer:026682	nezcalilizcali	Traducción (es)	locativo en nezcalilizcalli, en el colegio
review_no_guess	niccuepa	1			spellchecker flags token without suggestion	1571 Molina 2	1571-molina-2:019117	tepan nitlacuepa	Traducción	lo mismo es que tepan niccuepa
review_no_guess	nicnoti	1			spellchecker flags token without suggestion	1571 Molina 2	1571-molina-2:002183	tolinia  +	Traducción	lo mismo es que ye nicnoti
review_no_guess	nieruo	1			spellchecker flags token without suggestion	1571 Molina 1	1571-molina-1:011376	ez  +	Traducción	nieruo
review_no_guess	nietiendo	1			spellchecker flags token without suggestion	1780 ? Bnf_361	1780-bnf-361:016862	pehua	Traducción	atizar el fuego, nietiendo adentro los tizones
review_no_guess	nihiyo	1			spellchecker flags token without suggestion	1547 Olmos_G	1547-olmos-g:000404	ihiyotl	Traducción	resollo; nihiyo
review_no_guess	ninochiua	1			spellchecker flags token without suggestion	1571 Molina 2	1571-molina-2:017346	quiza  +	Traducción	lo mismo es que topan ninochiua o pasar de largo, sin hacer caso de alguno
review_no_guess	ninomania	1			spellchecker flags token without suggestion	1571 Molina 2	1571-molina-2:008938	ic nitlateca	Traducción	lo mismo es que ic ninomania
review_no_guess	ninotolinia	1			spellchecker flags token without suggestion	1571 Molina 2	1571-molina-2:004079	ye nicnoti  =	Traducción	cf. ye ninotolinia
review_no_guess	nipotoc	1			spellchecker flags token without suggestion	1547 Olmos_G	1547-olmos-g:000431	ipotoctli	Traducción	vaho, exhalación; nipotoc
review_no_guess	nitac	1			spellchecker flags token without suggestion	1547 Olmos_G	1547-olmos-g:000434	itacatl	Traducción	despensa de camino; nitac
review_no_guess	niuayo	1			spellchecker flags token without suggestion	1565 Sahagún Escolios	1565-sahagun-escolios:001143	teahuayo  +	Traducción	persona que procede de otro como la espina en ello en que nace niuayo (navayo)
review_no_guess	niverguenza	1			spellchecker flags token without suggestion	1571 Molina 1	1571-molina-1:020022	nemamanilia	Traducción	responder el hijo a su madre sin acatamiento niverguenza
review_no_guess	nixcoya	1			spellchecker flags token without suggestion	1547 Olmos_G	1547-olmos-g:000454	ixcoyan	Traducción	nixcoya, mi causa, o mi culpa, o voluntad; de mi propio arbitrio, o voluntad
review_no_guess	niyellacic	1			spellchecker flags token without suggestion	1565 Sahagún Escolios	1565-sahagun-escolios:000260	iyellelacic	Traducción	grandísimo bellaco (niyellacic notlavelilocauh)
review_no_guess	niyeuh	1			spellchecker flags token without suggestion	1547 Olmos_G	1547-olmos-g:000140	yetl	Traducción	sahumerio; niyeuh, mi sahumerio
review_no_guess	niñerear	1			spellchecker flags token without suggestion	1571 Molina 2	1571-molina-2:014212	nemitia  +	Traducción	niñerear hacer obras de niños
review_no_guess	niñosesforzal	1			spellchecker flags token without suggestion	1547 Olmos_V ?	1547-olmos-v:000707	huapahua	Traducción	crica niñosesforzal
review_no_guess	nocaltech	1			spellchecker flags token without suggestion	1565 Sahagún Escolios	1565-sahagun-escolios:001470	caltechtli  +	Traducción	oscuridad, nocaltech
review_no_guess	nocamac	1			spellchecker flags token without suggestion	1547 Olmos_G	1547-olmos-g:000842	camatl	Traducción	boca; nocamac
review_no_guess	nocelouh	1			spellchecker flags token without suggestion	1565 Sahagún Escolios	1565-sahagun-escolios:000276	cencamaitoa	Traducción	decirse en una palabra quauhtlocelotl nocelouh
review_no_guess	nochian	1			spellchecker flags token without suggestion	1565 Sahagún Escolios	1565-sahagun-escolios:000322	chiyan	Traducción	una hierba en que se hace una semilla como linaza nochian
review_no_guess	nochicaua	1			spellchecker flags token without suggestion	1571 Molina 2	1571-molina-2:007179	cuauhtlamati  +	Traducción	lo mismo es que tetechni nochicaua
review_no_guess	nochor	1			spellchecker flags token without suggestion	153? Trilingüe	153-trilingue:002051	yohuallo	Traducción	nochor niega cosa de noche
review_no_guess	nocochia	1			spellchecker flags token without suggestion	1547 Olmos_G	1547-olmos-g:000256	cochiatl	Traducción	pestaña del ojo; nocochia
review_no_guess	nocochiya	1			spellchecker flags token without suggestion	2021 Wimmer	2021-wimmer:011526	cochiya	Traducción (es)	nocochiya mis pestañas
review_no_guess	noconeton	1			spellchecker flags token without suggestion	1565 Sahagún Escolios	1565-sahagun-escolios:000378	conetontli	Traducción	infante o infanta. noconeton
review_no_guess	nocouh	1			spellchecker flags token without suggestion	1565 Sahagún Escolios	1565-sahagun-escolios:000997	ocotl  +	Traducción	lumbre, nocouh
review_no_guess	nocuezcon	1			spellchecker flags token without suggestion	1547 Olmos_G	1547-olmos-g:000323	cuezcomatl	Traducción	troje; nocuezcon
review_no_guess	nocuic	1			spellchecker flags token without suggestion	1547 Olmos_G	1547-olmos-g:000326	cuicatl	Traducción	canto; nocuic
review_no_guess	nocuneuh	1			spellchecker flags token without suggestion	1565 Sahagún Escolios	1565-sahagun-escolios:001183	tecuneuh  +	Traducción	hijo o hija nocuneuh
review_no_guess	nocxi	1			spellchecker flags token without suggestion	1547 Olmos_G	1547-olmos-g:000401	icxitl	Traducción	pie; nocxi, mi pie
review_no_guess	nohizo	1			spellchecker flags token without suggestion	1571 Molina 2	1571-molina-2:014979	niman  +	Traducción	nohizo sino comer e irse. etcétera
review_no_guess	noiolloteuh	1			spellchecker flags token without suggestion	1565 Sahagún Escolios	1565-sahagun-escolios:000245	yollotetl	Traducción	fuerte.... noiolloteuh
review_no_guess	nonact	1			spellchecker flags token without suggestion	2021 Wimmer	2021-wimmer:007387	cemilhuitilo	Traducción (es)	cemilhuitīlo, nonact. sobre cemilhuitia
review_no_guess	noneamaneapanal	1			spellchecker flags token without suggestion	1565 Sahagún Escolios	1565-sahagun-escolios:000553	amaneapanalli	Traducción	estola de papel noneamaneapanal
review_no_guess	nonoalcas	1			spellchecker flags token without suggestion	2021 Wimmer	2021-wimmer:026927	nonohualcaitoa	Traducción (es)	v.t., pronuncia (una lengua) a la manera de los nonoalcas
review_no_guess	nopiloa	1			spellchecker flags token without suggestion	1571 Molina 2	1571-molina-2:010226	itech  +	Traducción	busca ytech nopiloa
review_no_guess	noueueuh	1			spellchecker flags token without suggestion	1547 Olmos_G	1547-olmos-g:000353	huehuetl	Traducción	atabal; noueueuh, mi atabal
review_no_guess	nouezvol	1			spellchecker flags token without suggestion	1565 Sahagún Escolios	1565-sahagun-escolios:000525	huezuatli	Traducción	cuñada de mujer (nouezvol)
review_no_guess	noxocouh	1			spellchecker flags token without suggestion	1547 Olmos_G	1547-olmos-g:000111	xocotl	Traducción	manzana; noxocouh
review_no_guess	noyollo	1			spellchecker flags token without suggestion	1571 Molina 2	1571-molina-2:010127	ipan  +	Traducción	lo mismo es que noyollo cónnamiqui
review_no_guess	ntofarseme	1			spellchecker flags token without suggestion	1780 ? Bnf_361	1780-bnf-361:009129	icoltia	Traducción	desear, o -ntofarseme algo
review_no_guess	nécóc	1			spellchecker flags token without suggestion	1645 Carochi	1645-carochi:002671	campa	Traducción	¿dónde? (interrogativo) / ach ~, no saber dónde / (de, a) tantas partes (tras numeral) / à(mo) ~, en ninguna parte / aoc(mo) ~, en ninguna parte ya / donde (no interrogativo) / in ~, donde (no interrogativo) / nécóc ~, (de, desde, hacia) ambas partes
review_no_guess	occencaye	1			spellchecker flags token without suggestion	1571 Molina 2	1571-molina-2:015354	occenca yehuatl	Traducción	lo mismo es que occencaye
review_no_guess	ocmaya	1			spellchecker flags token without suggestion	17?? Bnf_362bis	17-bnf-362bis:000633	oc  +	Traducción	lo mismo que tla ocmaya. aguarda, detente un poco
review_no_guess	odesuentura	1			spellchecker flags token without suggestion	1571 Molina 2	1571-molina-2:004703	iyoiyahue	Traducción	odesuentura. injection
review_no_guess	offéndiculo	1			spellchecker flags token without suggestion	1571 Molina 2	1571-molina-2:013462	nahualtequilia	Traducción	poner offéndiculo para que otro tropiece
review_no_guess	ohtema	1			spellchecker flags token without suggestion	2021 Wimmer	2021-wimmer:025922	neotemalo	Traducción (es)	v.impers., en ohtema, nos ordenamos en el camino, nos ordenamos en orden de marcha
review_no_guess	oimmantic	1			spellchecker flags token without suggestion	1571 Molina 2	1571-molina-2:016000	otlaimmantic	Traducción	lo mismo es que oimmantic
review_no_guess	oluidaredes	1			spellchecker flags token without suggestion	1571 Molina 2	1571-molina-2:010071	intlacacan	Traducción	sien ninguna parte. s. os oluidaredes de dios. etcétera
review_no_guess	omosoneuh	1			spellchecker flags token without suggestion	1571 Molina 2	1571-molina-2:004930	zonehua	Traducción	azorarse el ave nite. omosoneuh
review_no_guess	onicciavh	1			spellchecker flags token without suggestion	1565 Sahagún Escolios	1565-sahagun-escolios:000565	ihiyohuia	Traducción	vivir en laceria (oniq?hiovi, onicciavh)
review_no_guess	onimimichacic	1			spellchecker flags token without suggestion	2021 Wimmer	2021-wimmer:022952	mimichaci	Traducción (es)	v.i., pescar. pre: onimimichacic
review_no_guess	onimimichma	1			spellchecker flags token without suggestion	2021 Wimmer	2021-wimmer:022956	mimichma	Traducción (es)	v.i., pescar. pre: onimimichma
review_no_guess	oninocnote	1			spellchecker flags token without suggestion	1565 Sahagún Escolios	1565-sahagun-escolios:001148	teca	Traducción	humillarse (oninocnote...)
review_no_guess	oninoxixicolma	1			spellchecker flags token without suggestion	2021 Wimmer	2021-wimmer:006161	xixicolmati	Traducción (es)	hallarse burlado. pre: oninoxixicolma
review_no_guess	oninoxomalin	1			spellchecker flags token without suggestion	2021 Wimmer	2021-wimmer:006771	xomalina	Traducción (es)	v.refl., cruza las piernas. / v.refl., cruzar alguna las piernas. preter: oninoxomalin
review_no_guess	oniq	1			spellchecker flags token without suggestion	1565 Sahagún Escolios	1565-sahagun-escolios:000565	ihiyohuia	Traducción	vivir en laceria (oniq?hiovi, onicciavh)
review_no_guess	oniteicpacxuchiti	1			spellchecker flags token without suggestion	1571 Molina 2	1571-molina-2:009313	icpacxochitia	Traducción	poner guirnaldas así a otro. parte. oniteicpacxuchiti
review_no_guess	oniteixmancatocac	1			spellchecker flags token without suggestion	1571 Molina 2	1571-molina-2:010717	ixmancatoca	Traducción	lo mismo es que ixcomaca. oniteixmancatocac
review_no_guess	onitemicnamicti	1			spellchecker flags token without suggestion	2021 Wimmer	2021-wimmer:032391	temicnamictia	Traducción (es)	v.i., interpretar, explicar los sueños. / v.i., interpretar o concordar los sueños. pre: onitemicnamicti
review_no_guess	onitequailpi	1			spellchecker flags token without suggestion	1565 Sahagún Escolios	1565-sahagun-escolios:000396	cuailpia	Traducción	atar. o tocar la onitequailpi
review_no_guess	onoconacan	1			spellchecker flags token without suggestion	1565 Sahagún Escolios	1565-sahagun-escolios:000860	acana	Traducción	sacar la a tierra, onicacan. onoconacan onoconacan
review_no_guess	onomipato	1			spellchecker flags token without suggestion	2021 Wimmer	2021-wimmer:027578	omipatoa	Traducción (es)	v.i., play dados. / v.i., jugar a los dados. preterito: onomipato
review_no_guess	onéltico	1			spellchecker flags token without suggestion	2021 Wimmer	2021-wimmer:015782	elti	Traducción (es)	v.i., sé cuidadoso, ansioso, activo, diligente, hábil. / v.i., ser cuidadoso, solícito y diligente. pretérito: onéltico
review_no_guess	opuercos	1			spellchecker flags token without suggestion	1571 Molina 2	1571-molina-2:013365	nacayotia	Traducción	cebar o engordar aves opuercos. etc.
review_no_guess	oquándo	1			spellchecker flags token without suggestion	1571 Molina 2	1571-molina-2:015235	notelpochtiyan	Traducción	en tiempo de mi mocedad, oquándo yo era mozo
review_no_guess	ordesiar	1			spellchecker flags token without suggestion	153? Trilingüe	153-trilingue:006815	apaztli chichinalpatzcoloni	Traducción	tarro en que ordesiar
review_no_guess	orrodear	1			spellchecker flags token without suggestion	1547 Olmos_V ?	1547-olmos-v:001234	necuiloa	Traducción	entortar orrodear
review_no_guess	ortalid	1			spellchecker flags token without suggestion	2021 Wimmer	2021-wimmer:009409	chachalacametl	Traducción (es)	ornitología: chacamel ortalid. ortalis vetula
review_no_guess	ortálido	1			spellchecker flags token without suggestion	2021 Wimmer	2021-wimmer:009407	chachalaca	Traducción (es)	v.i., habla mucho. / v.impers. con el pref.obj.indefinido, inanimado tla-., hablamos mucho, charlamos. / ornitología, 'chachalacah', designaría también a un ave, el ortálido chacamel
review_no_guess	otartar	1			spellchecker flags token without suggestion	1780 ? Bnf_361	1780-bnf-361:016539	pachihuitia	Traducción	otartar
review_no_guess	otarto	1			spellchecker flags token without suggestion	1780 ? Bnf_361	1780-bnf-361:012980	motlayeltiani	Traducción	otarto, y en hastiado
review_no_guess	otartura	1			spellchecker flags token without suggestion	1780 ? Bnf_361	1780-bnf-361:016538	pachihuiliztli	Traducción	otartura; hundimiento de tierra casa o troje
review_no_guess	otazaña	1			spellchecker flags token without suggestion	1780 ? Bnf_361	1780-bnf-361:011396	mahuiztic	Traducción	honrado con reverencia; noble por fama; notable, admirable, y solemne cosa; otazaña maravillosa y heroica: autorizada persona; ilustre cosa, famoso o esclarecido; milagroso, cosa extremada; claro en fama; grave persona de autoridad
review_no_guess	otomites	1			spellchecker flags token without suggestion	1580 Sahagún/Máynez	1580-sahagun-maynez:001492	otonteocalco	Traducción	en el templo de los otomites
review_no_guess	otomías	1			spellchecker flags token without suggestion	2021 Wimmer	2021-wimmer:028017	otoncihuatl	Traducción (es)	mujer otomía. / plural: mujeres con otomías
review_no_guess	otornerizo	1			spellchecker flags token without suggestion	1780 ? Bnf_361	1780-bnf-361:008968	ichtacaconetl	Traducción	bastardo, o bastarda, v otornerizo hijo de puta
review_no_guess	ototoltetic	1			spellchecker flags token without suggestion	2021 Wimmer	2021-wimmer:003996	totoltetia	Traducción (es)	v.refl., desovar, poner huevos (s que da como pft. la forma plural ototoltetic)
review_no_guess	otrastrauillarseme	1			spellchecker flags token without suggestion	1571 Molina 2	1571-molina-2:018536	tempatilia	Traducción	trastrocar las palabras, otrastrauillarseme la lengua
review_no_guess	ouvrier	1			spellchecker flags token without suggestion	1780 ? Bnf_361	1780-bnf-361:009112	amanteca	Traducción	artiste et peintre en plumes; et par extension: ouvrier, artisan
review_no_guess	oxalissp	1			spellchecker flags token without suggestion	2021 Wimmer	2021-wimmer:007009	xoxocoyolhuihuilan	Traducción (es)	variedad de acedera. oxalissp
review_no_guess	oxiotia	1			spellchecker flags token without suggestion	2021 Wimmer	2021-wimmer:028071	oxiyotia	Traducción (es)	v.t. tla-., ungir, frotar una cosa con oxiotl (s - oxiotia u oxiutia)
review_no_guess	oxiutia	1			spellchecker flags token without suggestion	2021 Wimmer	2021-wimmer:028071	oxiyotia	Traducción (es)	v.t. tla-., ungir, frotar una cosa con oxiotl (s - oxiotia u oxiutia)
review_no_guess	ozomahti	1			spellchecker flags token without suggestion	2021 Wimmer	2021-wimmer:028106	ozomatihua	Traducción (es)	v.impers. en *ozomahti, te conviertes en un mono
review_no_guess	paccacelia	1			spellchecker flags token without suggestion	1551-95 Documentos nahuas de la Ciudad de México	1551-95-documentos-nahuas-de-la-ciudad-de-mexico:002239	paccacelilia	Traducción	haber por bien (rev. de paccacelia) / recibir / tener por bueno (rev. de paccacelia)
review_no_guess	paccacelilia	1			spellchecker flags token without suggestion	1551-95 Documentos nahuas de la Ciudad de México	1551-95-documentos-nahuas-de-la-ciudad-de-mexico:002237	paccacelia	Traducción	tomar bien (rev. por paccacelilia)
review_no_guess	panoteca	1			spellchecker flags token without suggestion	2021 Wimmer	2021-wimmer:028380	panotecatl	Traducción (es)	étnico, sin. de pantēcatl, plural. panoteca
review_no_guess	parcunero	1			spellchecker flags token without suggestion	1780 ? Bnf_361	1780-bnf-361:018879	tehuampouhqui	Traducción	parcunero que tiene parte
review_no_guess	pardemi	1			spellchecker flags token without suggestion	1571 Molina 2	1571-molina-2:013423	nahuac;  +	Traducción	pardemi, o conmigo
review_no_guess	pashli	1			spellchecker flags token without suggestion	2021 Wimmer	2021-wimmer:028202	pachtlan	Traducción (es)	donde abunda el pashli
review_no_guess	passim	1			spellchecker flags token without suggestion	2021 Wimmer	2021-wimmer:026817	niz	Traducción (es)	aparece como presentativo: he aquí. códice zempoala galarza edición 1980, passim
review_no_guess	patiyotia	1			spellchecker flags token without suggestion	2021 Wimmer	2021-wimmer:028629	patiyotihua	Traducción (es)	v.impers. en patiyotia
review_no_guess	paxairco	1			spellchecker flags token without suggestion	1571 Molina 2	1571-molina-2:002534	tototepito	Traducción	paxairco
review_no_guess	payinal	1			spellchecker flags token without suggestion	2021 Wimmer	2021-wimmer:026535	nexpixolo	Traducción (es)	v.impers. en nexpixoa., esparcimos las cenizas. este era el cuarto día de la fiesta que se realizaba en honor al dios payinal
review_no_guess	payinalli	1			spellchecker flags token without suggestion	2021 Wimmer	2021-wimmer:028740	payinal	Traducción (es)	apocope del inusual payinalli o del diminutivo payinaltōntli, corredor ágil y rápido
review_no_guess	pebegiga	1			spellchecker flags token without suggestion	1780 ? Bnf_361	1780-bnf-361:013546	neaxixtzacualiztetl	Traducción	piedra pebegiga, que impide la orina
review_no_guess	pebexiga	1			spellchecker flags token without suggestion	1780 ? Bnf_361	1780-bnf-361:013547	neaxixtzacualiztli	Traducción	piedra pebexiga que impide la orina; o estangurria, o tener estangurria
review_no_guess	pecatum	1			spellchecker flags token without suggestion	1547 Olmos_V ?	1547-olmos-v:000268	xixitla	Traducción	pecare pecatum molicie
review_no_guess	pehpechtic	1			spellchecker flags token without suggestion	2021 Wimmer	2021-wimmer:028810	pepechtic	Traducción (es)	pepechtic: cf.pehpechtic
review_no_guess	pelotata	1			spellchecker flags token without suggestion	2021 Wimmer	2021-wimmer:037544	tlachtli	Traducción (es)	juego de pelotata
review_no_guess	pepecyamania	1			spellchecker flags token without suggestion	2021 Wimmer	2021-wimmer:028820	pepechyamaniliztli	Traducción (es)	formulario: nombre de la acción en pepecyamania
review_no_guess	peregrinaciónpor	1			spellchecker flags token without suggestion	1629 Alarcón	1629-alarcon:001499	tlamaceuhqui	Traducción	penitente enviado a la peregrinaciónpor el tlamacazqui
review_no_guess	perezoza	1			spellchecker flags token without suggestion	1565 Sahagún Escolios	1565-sahagun-escolios:000053	tlatziuhqui	Traducción	perezoso o perezosa (mi perezoso o perezoza) / persona perezosa
review_no_guess	permept	1			spellchecker flags token without suggestion	1780 ? Bnf_361	1780-bnf-361:008902	icemilhuitica	Traducción	vasallos o gente plebeya. permept
review_no_guess	persecuciontal	1			spellchecker flags token without suggestion	1571 Molina 2	1571-molina-2:020602	teyehualtiliztli	Traducción	persecuciontal
review_no_guess	pertigapalo	1			spellchecker flags token without suggestion	1571 Molina 1	1571-molina-1:009985	cuauhtemalacatlapechcuauhyotl	Traducción	pertigapalo de cierta forma para carreta
review_no_guess	pescuezolera	1			spellchecker flags token without suggestion	1598 Tezozomoc	1598-tezozomoc:000758	cuexcochtechimalli	Traducción	adarga pescuezolera
review_no_guess	petafio	1			spellchecker flags token without suggestion	1571 Molina 1	1571-molina-1:017440	micca tlacuilolmachiyotl	Traducción	petafio de sepultura
review_no_guess	pexonaltia	1			spellchecker flags token without suggestion	1571 Molina 2	1571-molina-2:016485	pexonia	Traducción	lo mismo es que pexonaltia
review_no_guess	peyactic	1			spellchecker flags token without suggestion	1571 Molina 2	1571-molina-2:016493	peyahuac	Traducción	lo mismo es que peyactic
review_no_guess	pezcudar	1			spellchecker flags token without suggestion	1780 ? Bnf_361	1780-bnf-361:000841	tlatlani	Traducción	pezcudar? o preguntar
review_no_guess	phoenicopterus	1			spellchecker flags token without suggestion	2021 Wimmer	2021-wimmer:029892	quecholtototl	Traducción (es)	ornitología: flamenco rosado. phoenicopterus ruber l. michel gilonne 1997, 44
review_no_guess	phragmites	1			spellchecker flags token without suggestion	2021 Wimmer	2021-wimmer:026046	acatl	Traducción (es)	caña. phragmites communis trin. / una de las salidas del gran templo de tenochtitlan. / flecha. / caña designa la uretra
review_no_guess	phylodendrum	1			spellchecker flags token without suggestion	2021 Wimmer	2021-wimmer:041538	tlapalhuacalxochitl	Traducción (es)	variedad de phylodendrum
review_no_guess	pichardo	1			spellchecker flags token without suggestion	2021 Wimmer	2021-wimmer:008685	zazanillatolli	Traducción (es)	fábulas. padre pichardo. fábulas de esopo. 6 de agosto de 1898. 1r
review_no_guess	picogrueso	1			spellchecker flags token without suggestion	2021 Wimmer	2021-wimmer:015727	elotototl	Traducción (es)	ornitología, guiraca azul o picogrueso azul
review_no_guess	pigeoneau	1			spellchecker flags token without suggestion	2021 Wimmer	2021-wimmer:017107	huiloconetl	Traducción (es)	pigeoneau, pichón
review_no_guess	pilichauini	1			spellchecker flags token without suggestion	1571 Molina 2	1571-molina-2:016533	pilichuaquini	Traducción	lo mismo es que pilichauini
review_no_guess	pilpepenia	1			spellchecker flags token without suggestion	1571 Molina 2	1571-molina-2:016565	piltzintia	Traducción	lo mismo es que pilpepenia
review_no_guess	pinabete	1			spellchecker flags token without suggestion	1598 Tezozomoc	1598-tezozomoc:001465	ayauhcuahuitl	Traducción	pinabete
review_no_guess	pinent	1			spellchecker flags token without suggestion	2021 Wimmer	2021-wimmer:010285	chilatequia	Traducción (es)	v.t. tla-., sumergir algo en agua pinent
review_no_guess	pipixaui	1			spellchecker flags token without suggestion	1571 Molina 2	1571-molina-2:016665	pixahui	Traducción	lo mismo es que pipixaui
review_no_guess	pituitus	1			spellchecker flags token without suggestion	2021 Wimmer	2021-wimmer:004229	tozcacualactli	Traducción (es)	moco, pituitus (s - tozcaqualactli)
review_no_guess	pluralización	1			spellchecker flags token without suggestion	2021 Wimmer	2021-wimmer:031694	ayayac	Traducción (es)	parece ser una pluralización de ayāc por reduplicación de la sílaba ya
review_no_guess	podraconel	1			spellchecker flags token without suggestion	1571 Molina 2	1571-molina-2:002908	tzomocyeyecoa	Traducción	esforzarse aprobar si podraconel trabajo de alguna obra
review_no_guess	podrece	1			spellchecker flags token without suggestion	1571 Molina 2	1571-molina-2:016166	palanini	Traducción	cosa que se pudre, o podrece
review_no_guess	polianthes	1			spellchecker flags token without suggestion	2021 Wimmer	2021-wimmer:027598	omixochyo	Traducción (es)	con flores de polianthes
review_no_guess	polucionmanibus	1			spellchecker flags token without suggestion	1547 Olmos_V ?	1547-olmos-v:001066	macuilontia	Traducción	caer en polucionmanibus
review_no_guess	polvoso	1			spellchecker flags token without suggestion	1571 Molina 1	1571-molina-1:030203	teuhyo	Traducción	polvoso o polviento
review_no_guess	popotia	1			spellchecker flags token without suggestion	1571 Molina 2	1571-molina-2:016805	potia	Traducción	lo mismo es que popotia
review_no_guess	potius	1			spellchecker flags token without suggestion	1780 Clavijero	1780-clavijero:002668	azaquemma	Traducción	vale lo mismo que el potius de los latinos, antes o más aína
review_no_guess	poxactic	1			spellchecker flags token without suggestion	1571 Molina 2	1571-molina-2:016819	poxahuac	Traducción	lo mismo es que poxactic
review_no_guess	poyelpahtic	1			spellchecker flags token without suggestion	2021 Wimmer	2021-wimmer:029481	poelpatic	Traducción (es)	ver la variante poyelpahtic
review_no_guess	prerecortado	1			spellchecker flags token without suggestion	2021 Wimmer	2021-wimmer:000381	tlatetililli	Traducción (es)	templado, prerecortado, muy duro
review_no_guess	preuilegiar	1			spellchecker flags token without suggestion	1571 Molina 1	1571-molina-1:012961	icnelia	Traducción	preuilegiar
review_no_guess	preuilegio	1			spellchecker flags token without suggestion	1571 Molina 1	1571-molina-1:026280	teicneliloni	Traducción	preuilegio ley para uno
review_no_guess	primitively	1			spellchecker flags token without suggestion	2021 Wimmer	2021-wimmer:019187	iuhti	Traducción (es)	v.impers., primitively. / v.impers., ser así al principio, primitivamente
review_no_guess	principalisimo	1			spellchecker flags token without suggestion	1629 Alarcón	1629-alarcon:001208	quetzalcoatl	Traducción	dios (o hechicero) quetzalcoatl / dios quetzalcoatl, (o culebra con penacho o cresta) / dios quetzalcoatl, o la culebra con cresta / el hombrado quetzalcoatl, ídolo principalisimo
review_no_guess	prociónido	1			spellchecker flags token without suggestion	1580 Sahagún/Máynez	1580-sahagun-maynez:001191	mapachtli	Traducción	mamífero prociónido, mapache
review_no_guess	prosopis	1			spellchecker flags token without suggestion	2021 Wimmer	2021-wimmer:023286	mizquitlaxipehualli	Traducción (es)	la corteza de mezquite, prosopis juliflora (swartz), tiene propiedades medicinales
review_no_guess	proueymiento	1			spellchecker flags token without suggestion	1571 Molina 1	1571-molina-1:033295	tlaimatiliztli	Traducción	proueymiento
review_no_guess	proveymi	1			spellchecker flags token without suggestion	1780 ? Bnf_361	1780-bnf-361:025297	tlaimatiliztli	Traducción	proveymi(en)to
review_no_guess	putañera	1			spellchecker flags token without suggestion	1780 ? Bnf_361	1780-bnf-361:012888	motetlanehuiani	Traducción	putañera
review_no_guess	puxactic	1			spellchecker flags token without suggestion	1571 Molina 2	1571-molina-2:016820	poxahuac	Traducción	lo mismo es que puxactic
review_no_guess	quacecepoca	1			spellchecker flags token without suggestion	1571 Molina 2	1571-molina-2:006701	cuacuecueyoca	Traducción	lo mismo es que quacecepoca
review_no_guess	quacecepocac	1			spellchecker flags token without suggestion	1571 Molina 2	1571-molina-2:006702	cuacuecueyocac	Traducción	lo mismo es que quacecepocac
review_no_guess	qualnexoani	1			spellchecker flags token without suggestion	2021 Wimmer	2021-wimmer:012975	cualnexohuani	Traducción (es)	gracia, elegancia, coquetería (s - qualnexoani)
review_no_guess	qualsacan	1			spellchecker flags token without suggestion	1571 Molina 2	1571-molina-2:023580	tlaoctacaantli	Traducción	cosa de que se saca otra, así como una imagen de la qualsacan y pintan otra, o alguna iglesia, de la cual se toma la traza para hacer otra como ella. etc.
review_no_guess	quaqualli	1			spellchecker flags token without suggestion	1571 Molina 2	1571-molina-2:015689	atl  +	Traducción	lo mismo es que quaqualli atl quiquiça
review_no_guess	quarentalios	1			spellchecker flags token without suggestion	1571 Molina 2	1571-molina-2:015837	onquimilli	Traducción	cuarenta mantas, o quarentalios, o envoltorios grandes de ropa
review_no_guess	quaxe	1			spellchecker flags token without suggestion	17?? Bnf_362bis	17-bnf-362bis:000667	pampa	Traducción	por. propter quaxe, cux. con esta preposición se da la razón y causa de algo que se hace ú omite
review_no_guess	quechcalli	1			spellchecker flags token without suggestion	17?? Bnf_362	17-bnf-362:000360	tolquechcalli	Traducción	las cubiertas de los puestos en que venden, sale de quechcalli
review_no_guess	quechmecani	1			spellchecker flags token without suggestion	2021 Wimmer	2021-wimmer:029865	quechmecania	Traducción (es)	v.t. tē-., colgar, estrangular a alguien. / v.refl., ahorcarse. pretérito: onino quechmecani
review_no_guess	quechnahu	1			spellchecker flags token without suggestion	1629 Alarcón	1629-alarcon:001200	quechnahua	Traducción	abrazarse dos (quittonezqui quechnahuàtequiz)
review_no_guess	quedril	1			spellchecker flags token without suggestion	1780 ? Bnf_361	1780-bnf-361:017650	queztepolli	Traducción	anca o quedril; cadera o cuadril
review_no_guess	quemachamique	1			spellchecker flags token without suggestion	1571 Molina 2	1571-molina-2:008398	huel  +	Traducción	lo mismo es que quemachamique
review_no_guess	quemadmodum	1			spellchecker flags token without suggestion	17?? Bnf_362bis	17-bnf-362bis:000322	in iuh	Traducción	como, de la manera que. latin. quemadmodum
review_no_guess	queniman	1			spellchecker flags token without suggestion	17?? Bnf_362bis	17-bnf-362bis:000694	quemman	Traducción	vide zan queniman. zan quemmanian
review_no_guess	quennel	1			spellchecker flags token without suggestion	17?? Bnf_362bis	17-bnf-362bis:000718	quezzanel	Traducción	lo mismo que quezannel, y quennel. sus sinónimos
review_no_guess	quentel	1			spellchecker flags token without suggestion	2021 Wimmer	2021-wimmer:025157	nehuelmatiliztli	Traducción (es)	a menudo precedido de “ye quentel”, convalecencia, mejoría, mejor condición
review_no_guess	quesentiras	1			spellchecker flags token without suggestion	1571 Molina 2	1571-molina-2:016971	quentimomatiz?	Traducción	quesentiras. s. cuando fueres avergonzado. etc.
review_no_guess	quesquemil	1			spellchecker flags token without suggestion	2021 Wimmer	2021-wimmer:029909	quechqueme	Traducción (es)	que lleva un peregrino triangular, un quesquemil
review_no_guess	quezannel	1			spellchecker flags token without suggestion	17?? Bnf_362bis	17-bnf-362bis:000718	quezzanel	Traducción	lo mismo que quezannel, y quennel. sus sinónimos
review_no_guess	quezzanel	1			spellchecker flags token without suggestion	17?? Bnf_362bis	17-bnf-362bis:000711	quenzannel	Traducción	lo mismo que: quezzanel. (quod vide)
review_no_guess	quosque	1			spellchecker flags token without suggestion	17?? Bnf_362bis	17-bnf-362bis:000379	iquin mach	Traducción	cuando? pero se da a entender que no acaba de llegar la cosa que se aguarda. latin. quosque tándem?
review_no_guess	reboluer	1			spellchecker flags token without suggestion	2021 Wimmer	2021-wimmer:009502	chalania	Traducción (es)	v.t. tla-., golpear una cosa contra otra, hacer ruido. / v.t. tē-., atacar a alguien, rebelarse, herir a alguien. / v.t. tē-., reboluer a otros
review_no_guess	recoeton	1			spellchecker flags token without suggestion	1780 ? Bnf_361	1780-bnf-361:001791	tlatzintepozotilli	Traducción	lanza con recoeton
review_no_guess	refalgar	1			spellchecker flags token without suggestion	1780 ? Bnf_361	1780-bnf-361:022140	tetlayelti	Traducción	refalgar [rejalgar]
review_no_guess	relbolber	1			spellchecker flags token without suggestion	1780 ? Bnf_361	1780-bnf-361:025239	tlailacatzoani	Traducción	relbolber ilo al dedo
review_no_guess	remediamento	1			spellchecker flags token without suggestion	153? Trilingüe	153-trilingue:009911	tetlatieiecalhuiliztli	Traducción	remediamento así
review_no_guess	renderizada	1			spellchecker flags token without suggestion	2021 Wimmer	2021-wimmer:042313	tlaquilcalli	Traducción (es)	casa renderizada
review_no_guess	renderizado	1			spellchecker flags token without suggestion	2021 Wimmer	2021-wimmer:042320	tlaquilli	Traducción (es)	renderizado, revestido
review_no_guess	repartircargoso	1			spellchecker flags token without suggestion	1547 Olmos_V ?	1547-olmos-v:000869	imati	Traducción	repartircargoso oficios
review_no_guess	restroxo	1			spellchecker flags token without suggestion	17?? Bnf_362	17-bnf-362:002887	milcahualli	Traducción	rastrojo de sementera; restroxo
review_no_guess	retortijada	1			spellchecker flags token without suggestion	1629 Alarcón	1629-alarcon:000266	cenmalinalli  +	Traducción	hermana torcida a una mano / hermana torcida a una mano (habla a las cuerdas cuando las rozan o las rompen los venados) / hermana, la torcida a un lado (por el herbazal) y los árboles / mi hermana retortijada
review_no_guess	reuerenciaque	1			spellchecker flags token without suggestion	1571 Molina 2	1571-molina-2:018383	temahuiztililiztli	Traducción	honra, reuerenciaque se hace a otro
review_no_guess	riecebir	1			spellchecker flags token without suggestion	1547 Olmos_V ?	1547-olmos-v:001212	namictia	Traducción	igualar con otro o enparejar o salir a riecebir
review_no_guess	riufianeria	1			spellchecker flags token without suggestion	1780 ? Bnf_361	1780-bnf-361:007611	ahuilnemiliztli	Traducción	riufianeria
review_no_guess	robbar	1			spellchecker flags token without suggestion	1780 ? Bnf_361	1780-bnf-361:025986	tlamacehualiztli	Traducción	sacomano para robbar
review_no_guess	robiliza	1			spellchecker flags token without suggestion	153? Trilingüe	153-trilingue:002522	chicahuac	Traducción	robiliza cosa recia
review_no_guess	rodomont	1			spellchecker flags token without suggestion	2021 Wimmer	2021-wimmer:004118	totopallatoani	Traducción (es)	jactancioso, fanfarrón, rodomont
review_no_guess	rreberenciar	1			spellchecker flags token without suggestion	1547 Olmos_V ?	1547-olmos-v:001135	mauhcaitta	Traducción	rreberenciar con temor
review_no_guess	rrepública	1			spellchecker flags token without suggestion	1598 Tezozomoc	1598-tezozomoc:001102	mixcoatlailotlac	Traducción	principal viejo de la rrepública *af
review_no_guess	rrostrituerto	1			spellchecker flags token without suggestion	1547 Olmos_V ?	1547-olmos-v:000926	ixcuelitta	Traducción	handa rrostrituerto conmigo
review_no_guess	ruhnau	1			spellchecker flags token without suggestion	2021 Wimmer	2021-wimmer:039549	calpoltlaxilacalli	Traducción (es)	parece designar en chimalpahin el territorio ocupado por la comunidad humana denominada calpolli. elke ruhnau. la organización política de chalco 21
review_no_guess	rvbi	1			spellchecker flags token without suggestion	1571 Molina 1	1571-molina-1:016233	lo mismo	Traducción	rvbi, piedra preciosa
review_no_guess	sacrificialmente	1			spellchecker flags token without suggestion	2021 Wimmer	2021-wimmer:022777	mico	Traducción (es)	v.pasivo sobre miqui, uno muere (sacrificialmente)
review_no_guess	sanapotras	1			spellchecker flags token without suggestion	1571 Molina 2	1571-molina-2:017519	teatepozahualizpati	Traducción	sanapotras
review_no_guess	sandhill	1			spellchecker flags token without suggestion	2021 Wimmer	2021-wimmer:023959	motocuilcoyonenenequi	Traducción (es)	que se parece a la grulla sandhill
review_no_guess	sangrelluuia	1			spellchecker flags token without suggestion	1571 Molina 2	1571-molina-2:008131	ezpipicaliztli	Traducción	sangrelluuia
review_no_guess	saussaie	1			spellchecker flags token without suggestion	2021 Wimmer	2021-wimmer:016859	huexotla	Traducción (es)	saussaie
review_no_guess	sawyer	1			spellchecker flags token without suggestion	2021 Wimmer	2021-wimmer:016337	huapalxoxotlani	Traducción (es)	sawyer, que corta tablas
review_no_guess	sayolero	1			spellchecker flags token without suggestion	153? Trilingüe	153-trilingue:008462	ayapopolchiuhqui	Traducción	sayolero que obra sayales
review_no_guess	scepirar	1			spellchecker flags token without suggestion	1547 Olmos_V ?	1547-olmos-v:000677	elcicihui	Traducción	scepirar [suspirar]
review_no_guess	schild	1			spellchecker flags token without suggestion	2021 Wimmer	2021-wimmer:030167	quetzalpoztecqui	Traducción (es)	aunque sea suave, es un poco verde y un poco de schild. sga ii 433
review_no_guess	schneiden	1			spellchecker flags token without suggestion	2021 Wimmer	2021-wimmer:018557	amaxotlan	Traducción (es)	ihr papier-schneiden
review_no_guess	scihcet	1			spellchecker flags token without suggestion	1780 ? Bnf_361	1780-bnf-361:020981	tepoztlacuiloliztli	Traducción	impresión de libros v otra cosa (scihcet???) el acto de imprimir
review_no_guess	segúndavez	1			spellchecker flags token without suggestion	1571 Molina 2	1571-molina-2:004263	yeoppamanya	Traducción	es ya la segúndavez.et sic de alijs
review_no_guess	seliut	1			spellchecker flags token without suggestion	1780 ? Bnf_361	1780-bnf-361:015413	nopilpo	Traducción	primera mujer mía. seliut
review_no_guess	sequestro	1			spellchecker flags token without suggestion	1571 Molina 2	1571-molina-2:020252	tetlatquipiyaltilli	Traducción	sequestro de bienes
review_no_guess	sieteñal	1			spellchecker flags token without suggestion	1571 Molina 1	1571-molina-1:007932	chicoxxiuhcayotl	Traducción	sieteñal
review_no_guess	signifer	1			spellchecker flags token without suggestion	17?? Bnf_362	17-bnf-362:001588	cuachpanitquic	Traducción	alfexis o propiamente signifer
review_no_guess	signifie	1			spellchecker flags token without suggestion	1780 ? Bnf_361	1780-bnf-361:001441	tlatolli quitlatia	Traducción	memorial p. 58... aujourd'hui signifie donner la parole...
review_no_guess	sigriar	1			spellchecker flags token without suggestion	1780 ? Bnf_361	1780-bnf-361:014937	nezcayotia	Traducción	poner comparación o ejemplo; sigriar; denotar o significar algo; señalar teniendo ataduras en la carne
review_no_guess	sinomono	1			spellchecker flags token without suggestion	1780 ? Bnf_361	1780-bnf-361:017910	axixcomitl	Traducción	su sinomono cuitlacomitl. ba cin para exonetar el vientre
review_no_guess	siruienta	1			spellchecker flags token without suggestion	2021 Wimmer	2021-wimmer:011580	coco	Traducción (es)	sirviente. / en la forma poseída, tēcocouh, sirviente de alguien - criada o siruienta. / coco o cocotzin, término de cariño para una joven
review_no_guess	sisaque	1			spellchecker flags token without suggestion	1780 ? Bnf_361	1780-bnf-361:017291	pochtecatequitl	Traducción	alcabada, o sisaque se pide a los mercaderes
review_no_guess	something	1			spellchecker flags token without suggestion	2021 Wimmer	2021-wimmer:005924	xitoma	Traducción (es)	v.t. tla-., peler something
review_no_guess	sonririendose	1			spellchecker flags token without suggestion	1780 ? Bnf_361	1780-bnf-361:016471	oyoo	Traducción	así, así; sonririendose
review_no_guess	sontochada	1			spellchecker flags token without suggestion	1565 Sahagún Escolios	1565-sahagun-escolios:000134	totompotla	Traducción	persona sontochada
review_no_guess	soruico	1			spellchecker flags token without suggestion	1571 Molina 2	1571-molina-2:022786	tlaltectontli	Traducción	un soruico, o soruito
review_no_guess	soustelle	1			spellchecker flags token without suggestion	2021 Wimmer	2021-wimmer:010916	acxoyacalli	Traducción (es)	casa de pinos', sin. de tlalocān según soustelle 1970,127
review_no_guess	soverbecerse	1			spellchecker flags token without suggestion	1780 ? Bnf_361	1780-bnf-361:016657	pantlaza	Traducción	soverbecerse
review_no_guess	subjecta	1			spellchecker flags token without suggestion	1571 Molina 2	1571-molina-2:020067	tetlancalaqui	Traducción	el que se subjecta y somete a otro
review_no_guess	subjecto	1			spellchecker flags token without suggestion	1571 Molina 2	1571-molina-2:008833	altepetlianca	Traducción	subjecto o comarca de ciudad o pueblo, o aldea de ciudad
review_no_guess	suchimilco	1			spellchecker flags token without suggestion	1551-95 Documentos nahuas de la Ciudad de México	1551-95-documentos-nahuas-de-la-ciudad-de-mexico:001483	itzticac  +	Traducción	mirar hacia suchimilco (el sur)
review_no_guess	sulinage	1			spellchecker flags token without suggestion	1571 Molina 2	1571-molina-2:016561	piltoca	Traducción	blasonar de la nobleza de sulinage falsamente
review_no_guess	sumidura	1			spellchecker flags token without suggestion	1571 Molina 2	1571-molina-2:016737	polaquiliztli	Traducción	anegamiento, o sumidura debajo del agua
review_no_guess	supracaudales	1			spellchecker flags token without suggestion	2021 Wimmer	2021-wimmer:023519	moloctli	Traducción (es)	plumas que cubren la cola y la grupa del ave, supracaudales. michel gilonne 196
review_no_guess	surmichti	1			spellchecker flags token without suggestion	2021 Wimmer	2021-wimmer:022764	michtihua	Traducción (es)	imperes. surmichti, nos convertimos en peces
review_no_guess	susverguencas	1			spellchecker flags token without suggestion	1571 Molina 1	1571-molina-1:016732	mamaxahuia	Traducción	desnudar o descubrir susverguencas
review_no_guess	sybille	1			spellchecker flags token without suggestion	2021 Wimmer	2021-wimmer:008961	cencualnezcaxayacatl	Traducción (es)	el hermosissimo rostro de dios. paredes-sybille de pury
review_no_guess	tabakkalebassen	1			spellchecker flags token without suggestion	2021 Wimmer	2021-wimmer:014988	cuitlalpia	Traducción (es)	v.t. tla-., atar, unir. / v.t. tē-., ceñir a otro. / v.refl., ceñir, ceñirse los lomos. / alle haben ihre tabakkalebassen hinden umgegürtet. / v.refl. en sentido pasivo, estando unido en el medio
review_no_guess	tablamento	1			spellchecker flags token without suggestion	1571 Molina 2	1571-molina-2:016463	petoni	Traducción	desencasarse algún hueso del cuerpo, o cosa semejante, o salir fuera de la pared los canes de madera, o el tablamento. etc.
review_no_guess	tacamaca	1			spellchecker flags token without suggestion	2021 Wimmer	2021-wimmer:031179	tecamaca	Traducción (es)	tacamaca o tacamahaca, resina que se utiliza en rituales de carácter curativo
review_no_guess	tacamahaca	1			spellchecker flags token without suggestion	2021 Wimmer	2021-wimmer:031179	tecamaca	Traducción (es)	tacamaca o tacamahaca, resina que se utiliza en rituales de carácter curativo
review_no_guess	tacanalli	1			spellchecker flags token without suggestion	2021 Wimmer	2021-wimmer:030878	tacanalquilitl	Traducción (es)	botánico, follaje de una raíz que se llamaría tacanalli
review_no_guess	tacaxpoloa	1			spellchecker flags token without suggestion	2021 Wimmer	2021-wimmer:042356	tlatacaxpololo	Traducción (es)	impers. en tacaxpoloa
review_no_guess	taktstab	1			spellchecker flags token without suggestion	2021 Wimmer	2021-wimmer:004369	tzanatopilli	Traducción (es)	varita, quizás utilizada para marcar el tiempo (taktstab), decorada con las plumas del pájaro 'tzanatl' o del cuitlacochin
review_no_guess	taluina	1			spellchecker flags token without suggestion	1571 Molina 1	1571-molina-1:024603	atolli  +	Traducción	taluina de cualquier cosa
review_no_guess	tanahtema	1			spellchecker flags token without suggestion	2021 Wimmer	2021-wimmer:042367	tlatanatemalo	Traducción (es)	v.impers., en tanahtema, se llenaron cestas
review_no_guess	tapalcaauiltia	1			spellchecker flags token without suggestion	1571 Molina 2	1571-molina-2:017429	tapalcamahuiltia	Traducción	lo mismo es que tapalcaauiltia
review_no_guess	tapayaxin	1			spellchecker flags token without suggestion	2021 Wimmer	2021-wimmer:021833	matlatlaloa	Traducción (es)	corre mucho. corren mucho. estas son las crías del camaleón, tapayaxin. =
review_no_guess	tauch	1			spellchecker flags token without suggestion	2021 Wimmer	2021-wimmer:011851	cocoztic	Traducción (es)	el nombre de la raíz thalictrum hernandezii tauch
review_no_guess	teaach	1			spellchecker flags token without suggestion	1571 Molina 2	1571-molina-2:017483	teach	Traducción	lo mismo es que teaach
review_no_guess	teatoyauia	1			spellchecker flags token without suggestion	1565 Sahagún Escolios	1565-sahagun-escolios:001271	tepexihuia	Traducción	[dar mal ejemplo ] ídem [teatoyauia]
review_no_guess	teauani	1			spellchecker flags token without suggestion	2021 Wimmer	2021-wimmer:031088	teahuani	Traducción (es)	el que reprende, amonesta a alguien (s·s teauani)
review_no_guess	teauilpauiani	1			spellchecker flags token without suggestion	2021 Wimmer	2021-wimmer:031098	teahuilpahuiani	Traducción (es)	instigador, seductor, engañador, hábil (s·s teauilpauiani)
review_no_guess	tecatl	1			spellchecker flags token without suggestion	1629 Alarcón	1629-alarcon:000425	cihuatl  +	Traducción	blanca mujer, en vez de xoxouhqui pàtecatl
review_no_guess	teciammich	1			spellchecker flags token without suggestion	1571 Molina 2	1571-molina-2:017716	teciyahuiti	Traducción	lo mismo es que teciammich
review_no_guess	tecolonochnohpalli	1			spellchecker flags token without suggestion	2021 Wimmer	2021-wimmer:040982	tlanexnopalli	Traducción (es)	variedad de nopal, también llamado tecolonochnohpalli
review_no_guess	tecuci	1			spellchecker flags token without suggestion	1580 Sahagún/Máynez	1580-sahagun-maynez:001731	tecuciltolotl	Traducción	"ave cuya voz parece decir ""tecuci, tecuci"""
review_no_guess	tecuiyo	1			spellchecker flags token without suggestion	1551-95 Documentos nahuas de la Ciudad de México	1551-95-documentos-nahuas-de-la-ciudad-de-mexico:002556	tecuyotzin	Traducción	madre y señora de / señora de (rev. de?tecuiyo)
review_no_guess	teizcali	1			spellchecker flags token without suggestion	1571 Molina 2	1571-molina-2:018281	teizcalti	Traducción	lo mismo es que teizcali
review_no_guess	teliczaltia	1			spellchecker flags token without suggestion	2021 Wimmer	2021-wimmer:032137	telicza	Traducción (es)	teliczaltia. / metáfora: dar de coces a otro o tirar coz
review_no_guess	telpoch	1			spellchecker flags token without suggestion	17?? Bnf_362	17-bnf-362:004031	telpochtli	Traducción	mancebo; mozo; hijo, mas generalmente usan [telpoch] ellas
review_no_guess	telpochcalli	1			spellchecker flags token without suggestion	2021 Wimmer	2021-wimmer:017555	ichpochtiachcauh	Traducción (es)	responsable de las jóvenes de telpochcalli
review_no_guess	temachti	1			spellchecker flags token without suggestion	1571 Molina 2	1571-molina-2:018355	temachtiqui	Traducción	lo mismo es que temachti
review_no_guess	temazacalli	1			spellchecker flags token without suggestion	1780 ? Bnf_361	1780-bnf-361:021408	tetenqui	Traducción	bañador en baño caliente que llaman temazacalli; bañador fe otro en baño
review_no_guess	temoyaualiztica	1			spellchecker flags token without suggestion	1571 Molina 2	1571-molina-2:018518	temomoyahualiztica	Traducción	lo mismo es que temoyaualiztica
review_no_guess	temoyauani	1			spellchecker flags token without suggestion	1571 Molina 2	1571-molina-2:018520	temomoyahuani	Traducción	lo mismo es que temoyauani
review_no_guess	tenancah	1			spellchecker flags token without suggestion	2021 Wimmer	2021-wimmer:035938	texocpalco	Traducción (es)	tenanco texocpalco', lugar donde llegaron a asentarse los tenancah bajo el liderazgo de cuahuitzatzin
review_no_guess	tencopa	1			spellchecker flags token without suggestion	1551-95 Documentos nahuas de la Ciudad de México	1551-95-documentos-nahuas-de-la-ciudad-de-mexico:002604	tencopatzinco	Traducción	ante / ante (alguien) (rev. de?tencopa / en nombre de / por autorización de
review_no_guess	tendajón	1			spellchecker flags token without suggestion	153? Trilingüe	153-trilingue:003210	cuachcalli	Traducción	tendajón
review_no_guess	tenerseñales	1			spellchecker flags token without suggestion	1571 Molina 2	1571-molina-2:017389	tacapilihui	Traducción	tenerseñales de ataduras de cordeles en los brazos, o en otra parte
review_no_guess	tenimeh	1			spellchecker flags token without suggestion	2021 Wimmer	2021-wimmer:032937	tenicayotl	Traducción (es)	que proviene del tenimeh
review_no_guess	tenochca	1			spellchecker flags token without suggestion	2021 Wimmer	2021-wimmer:032988	tenochcayotl	Traducción (es)	la nación tenochca
review_no_guess	tepechacallin	1			spellchecker flags token without suggestion	2021 Wimmer	2021-wimmer:033891	tepechacalin	Traducción (es)	tu saltamontes. (s tepechacallin)
review_no_guess	tepeizcuinte	1			spellchecker flags token without suggestion	2021 Wimmer	2021-wimmer:033933	tepeitzcuintli	Traducción (es)	mamífero roedor, que gruñe como un cerdo y cuya carne es muy popular. / aztecismo, tepeizcuinte, paca, mamífero roedor
review_no_guess	tepepolco	1			spellchecker flags token without suggestion	2021 Wimmer	2021-wimmer:033972	tepepol	Traducción (es)	nombre de una montaña cercana a tepepolco
review_no_guess	tepexic	1			spellchecker flags token without suggestion	2021 Wimmer	2021-wimmer:034058	tepexicatl	Traducción (es)	residente de tepexic (olm.)
review_no_guess	tepeyaualli	1			spellchecker flags token without suggestion	1571 Molina 2	1571-molina-2:019196	tepeololli	Traducción	lo mismo es que tepeyaualli
review_no_guess	tepipichoani	1			spellchecker flags token without suggestion	1571 Molina 2	1571-molina-2:019281	tepipiloani	Traducción	lo mismo es que tepipichoani
review_no_guess	tepoztl	1			spellchecker flags token without suggestion	1645 Carochi	1645-carochi:002333	tepoztecatl	Traducción	natural de tepoztlän
review_no_guess	teppachoh	1			spellchecker flags token without suggestion	2021 Wimmer	2021-wimmer:034525	teppachoa	Traducción (es)	v.t. tla-., llenar, cubrir de polvo cualquier objeto. / teppachoa > teppachoh. / v.t., tla-., presionar algo con las manos
review_no_guess	tepuzteconi	1			spellchecker flags token without suggestion	2021 Wimmer	2021-wimmer:034457	tepozteconi	Traducción (es)	lima (s - tepuzteconi)
review_no_guess	tepuzteixiliuani	1			spellchecker flags token without suggestion	2021 Wimmer	2021-wimmer:034460	tepozteixilihuani	Traducción (es)	daga, puñal (s - tepuzteixiliuani)
review_no_guess	tepuzteixiliuaniton	1			spellchecker flags token without suggestion	2021 Wimmer	2021-wimmer:034461	tepozteixilihuaniton	Traducción (es)	daga pequeña, puñal (s - tepuzteixiliuaniton)
review_no_guess	tepuztemailpiloni	1			spellchecker flags token without suggestion	2021 Wimmer	2021-wimmer:034462	tepoztemailpiloni	Traducción (es)	esposas, planchas, cadena (s - tepuztemailpiloni)
review_no_guess	tepuztemaixiliuani	1			spellchecker flags token without suggestion	2021 Wimmer	2021-wimmer:034463	tepoztemaixilihuani	Traducción (es)	daga, puñal (s - tepuztemaixiliuani)
review_no_guess	tepuzua	1			spellchecker flags token without suggestion	2021 Wimmer	2021-wimmer:034385	tepozhua	Traducción (es)	herrero, fundador (s - tepuzua)
review_no_guess	tequanipan	1			spellchecker flags token without suggestion	2021 Wimmer	2021-wimmer:027129	ocelotl teuctli	Traducción (es)	título o n.pers. señor de huixtoco tequanipan. chim 1950.38
review_no_guess	tetechni	1			spellchecker flags token without suggestion	1571 Molina 2	1571-molina-2:007179	cuauhtlamati  +	Traducción	lo mismo es que tetechni nochicaua
review_no_guess	tetepoyo	1			spellchecker flags token without suggestion	2021 Wimmer	2021-wimmer:034340	tepoyotl	Traducción (es)	oficial que publicó las sentencias del tribunal de tlacatecatl (clav.). / plural., tētepoyoh, los pregoneros - [los] pregoneros. ruiz de alarcón (213-6 - tetepoyo)
review_no_guess	tetzc	1			spellchecker flags token without suggestion	1645 Carochi	1645-carochi:002391	tetzcocatl	Traducción	natural de tetzcòco / natural de tezcuco / tezcucano
review_no_guess	texcan	1			spellchecker flags token without suggestion	2021 Wimmer	2021-wimmer:035834	texca	Traducción (es)	texca, variante de texcan
review_no_guess	texoxóctico	1			spellchecker flags token without suggestion	2021 Wimmer	2021-wimmer:035987	texoxoctli	Traducción (es)	piedra verdosa y común. sin. de texoxóctico
review_no_guess	teyolloca	1			spellchecker flags token without suggestion	1571 Molina 2	1571-molina-2:020660	teyollocopa	Traducción	lo mismo es que teyolloca copa
review_no_guess	tezcuco	1			spellchecker flags token without suggestion	1645 Carochi	1645-carochi:002391	tetzcocatl	Traducción	natural de tetzcòco / natural de tezcuco / tezcucano
review_no_guess	teñiralgo	1			spellchecker flags token without suggestion	1571 Molina 2	1571-molina-2:016092	pa	Traducción	teñiralgo con tinta o colores de tintoreros
review_no_guess	thalictrum	1			spellchecker flags token without suggestion	2021 Wimmer	2021-wimmer:011851	cocoztic	Traducción (es)	el nombre de la raíz thalictrum hernandezii tauch
review_no_guess	theol	1			spellchecker flags token without suggestion	2021 Wimmer	2021-wimmer:040793	tlaneltocac	Traducción (es)	theol.chrét., creyente, fiel
review_no_guess	théol	1			spellchecker flags token without suggestion	2021 Wimmer	2021-wimmer:041240	tlaocoliloca	Traducción (es)	théol.chrét
review_no_guess	tiachcau	1			spellchecker flags token without suggestion	1551-95 Documentos nahuas de la Ciudad de México	1551-95-documentos-nahuas-de-la-ciudad-de-mexico:002730	tiachcauh	Traducción	hermano / tiachcau
review_no_guess	tiagez	1			spellchecker flags token without suggestion	1547 Olmos_V ?	1547-olmos-v:001781	tiamiqui	Traducción	vender en el tiagez
review_no_guess	ticemeua	1			spellchecker flags token without suggestion	1571 Molina 2	1571-molina-2:020771	ticentlaca	Traducción	lo mismo es que ticemeua
review_no_guess	ticklish	1			spellchecker flags token without suggestion	2021 Wimmer	2021-wimmer:030016	quequele	Traducción (es)	ticklish, que teme que le hagan cosquillas
review_no_guess	tienemucho	1			spellchecker flags token without suggestion	1571 Molina 2	1571-molina-2:016113	pacha	Traducción	cosa lanuda, o que tienemucho pelo
review_no_guess	tigregueado	1			spellchecker flags token without suggestion	1598 Tezozomoc	1598-tezozomoc:001224	ocelotilmatli	Traducción	manta de color de cuero de tigre / manta [con] labores tigregueado
review_no_guess	titercar	1			spellchecker flags token without suggestion	2021 Wimmer	2021-wimmer:004835	tzitzilca	Traducción (es)	v.i., temblar de frío, estremecer. / v.i., temblar o titercar de frío
review_no_guess	titerear	1			spellchecker flags token without suggestion	1571 Molina 2	1571-molina-2:002855	tzitzilca	Traducción	temblar o titerear de frío
review_no_guess	tixneneuh	1			spellchecker flags token without suggestion	2021 Wimmer	2021-wimmer:019687	ixnenetl	Traducción (es)	la niña de los ojos. / a la forma poseída. nīxneneuh, mi manzana, tīxneneuh, nuestra manzana, la manzana en general - niña del ojo (m - tixneneuh). / metáfora: persona guapa
review_no_guess	tixtencuilchil	1			spellchecker flags token without suggestion	1571 Molina 2	1571-molina-2:020955	tixxomol	Traducción	lo mismo es que tixtencuilchil
review_no_guess	tocaczol	1			spellchecker flags token without suggestion	2021 Wimmer	2021-wimmer:036481	caczolli	Traducción (es)	sandalia vieja. / tocaczol, nos callos
review_no_guess	tochpanecas	1			spellchecker flags token without suggestion	1598 Tezozomoc	1598-tezozomoc:000088	tochpanecayotl	Traducción	manta rica [de los tochpanecas]
review_no_guess	tochtetepon	1			spellchecker flags token without suggestion	2021 Wimmer	2021-wimmer:003303	tochtetepohuia	Traducción (es)	v.t. tē-., administrar tochtetepon (un veneno) a alguien
review_no_guess	toliama	1			spellchecker flags token without suggestion	1580 Sahagún/Máynez	1580-sahagun-maynez:000114	toliaman	Traducción	toliama juncia
review_no_guess	tontedadtal	1			spellchecker flags token without suggestion	1571 Molina 2	1571-molina-2:011121	ixtotomahuiliztli	Traducción	tontedadtal
review_no_guess	toothache	1			spellchecker flags token without suggestion	2021 Wimmer	2021-wimmer:040577	tlanatonahui	Traducción (es)	v.i., have a toothache. / v.i., tener enfermedad de dientes, o de muelas
review_no_guess	totochoa	1			spellchecker flags token without suggestion	2021 Wimmer	2021-wimmer:026378	netotocholo	Traducción (es)	v.impers. en totochoa, todo el mundo tiene prisa
review_no_guess	totolin	1			spellchecker flags token without suggestion	2021 Wimmer	2021-wimmer:004002	totoltin	Traducción (es)	totoltín, pl. en totolin, los pavos
review_no_guess	totoltín	1			spellchecker flags token without suggestion	2021 Wimmer	2021-wimmer:004002	totoltin	Traducción (es)	totoltín, pl. en totolin, los pavos
review_no_guess	touajas	1			spellchecker flags token without suggestion	1571 Molina 1	1571-molina-1:020043	nemapopohualoni	Traducción	touajas
review_no_guess	trasmontañés	1			spellchecker flags token without suggestion	1598 Tezozomoc	1598-tezozomoc:000005	tlatepotzcatl	Traducción	trasmontañés *al
review_no_guess	trayllar	1			spellchecker flags token without suggestion	1571 Molina 2	1571-molina-2:014536	netechilpia	Traducción	atar una cosa con otra, o trayllar galgos. etc.
review_no_guess	tribady	1			spellchecker flags token without suggestion	2021 Wimmer	2021-wimmer:025982	nepatlachhuiliztli	Traducción (es)	tribady, pecado antinatural entre mujeres
review_no_guess	tubiesedes	1			spellchecker flags token without suggestion	1780 ? Bnf_361	1780-bnf-361:009480	inayamaque	Traducción	antes que vosotros tubiesedes ser
review_no_guess	tuluque	1			spellchecker flags token without suggestion	1598 Tezozomoc	1598-tezozomoc:000611	coltzin	Traducción	dios de los tuluque *d
review_no_guess	tupidura	1			spellchecker flags token without suggestion	1571 Molina 1	1571-molina-1:000353	tlateteppacholiztli	Traducción	tupidura
review_no_guess	turpem	1			spellchecker flags token without suggestion	1780 Clavijero	1780-clavijero:000207	yecoa	Traducción	rem turpem cum mare aut femina habere
review_no_guess	turíbulos	1			spellchecker flags token without suggestion	1579 Durán	1579-duran:000008	tlenamacaque	Traducción	"turíbulos. incensarios. tribulario. incensador. ""incensadores"""
review_no_guess	tutochtin	1			spellchecker flags token without suggestion	2021 Wimmer	2021-wimmer:009081	acolhua	Traducción (es)	fuerte. / étnico, los acolhuah. / nombre divino. de uno de los centzon tutochtin
review_no_guess	umgegürtet	1			spellchecker flags token without suggestion	2021 Wimmer	2021-wimmer:014988	cuitlalpia	Traducción (es)	v.t. tla-., atar, unir. / v.t. tē-., ceñir a otro. / v.refl., ceñir, ceñirse los lomos. / alle haben ihre tabakkalebassen hinden umgegürtet. / v.refl. en sentido pasivo, estando unido en el medio
review_no_guess	ungüentario	1			spellchecker flags token without suggestion	153? Trilingüe	153-trilingue:007719	panamacac	Traducción	ungüentario que lo vende
review_no_guess	unobjeto	1			spellchecker flags token without suggestion	2021 Wimmer	2021-wimmer:019554	ixiptlahyohua	Traducción (es)	ser sustituido, hablando de unobjeto
review_no_guess	usadicimo	1			spellchecker flags token without suggestion	17?? Bnf_362	17-bnf-362:002877	mictlan tlatelchihualli	Traducción	es lo mismo que decir infierno maldito, y este nombre es usadicimo en los pleitos, y enojos
review_no_guess	valerudo	1			spellchecker flags token without suggestion	153? Trilingüe	153-trilingue:005003	iocoliztli	Traducción	dolencia valerudo
review_no_guess	vanserizo	1			spellchecker flags token without suggestion	1780 ? Bnf_361	1780-bnf-361:021773	tetlan moquetzqui	Traducción	acostado y banderizo; acostado a la parte de alguna persona. vanserizo, partidario
review_no_guess	varonedeo	1			spellchecker flags token without suggestion	153? Trilingüe	153-trilingue:004419	ic nauhiltzoitl	Traducción	cuatro varonedeo de estos
review_no_guess	vejecida	1			spellchecker flags token without suggestion	1780 ? Bnf_361	1780-bnf-361:011003	izoliuhqui	Traducción	vieja cosa; o en vejecida por algo
review_no_guess	velitia	1			spellchecker flags token without suggestion	1571 Molina 2	1571-molina-2:008476	huelitiltia	Traducción	lo mismo es que velitia
review_no_guess	velut	1			spellchecker flags token without suggestion	17?? Bnf_362bis	17-bnf-362bis:000849	teuh	Traducción	preposición (o mas bien adverbio) a manera. latin, velut
review_no_guess	velyquac	1			spellchecker flags token without suggestion	1571 Molina 2	1571-molina-2:008402	huel imman	Traducción	lo mismo es que velyquac
review_no_guess	venaca	1			spellchecker flags token without suggestion	1571 Molina 2	1571-molina-2:021822	tlacuauh	Traducción	venaca, llamando a otro, o fuerte y reciamente
review_no_guess	verbum	1			spellchecker flags token without suggestion	1595 Rincón	1595-rincon:000606	tepiltzin	Traducción	verbum turpe (breve en la primera)
review_no_guess	verytantear	1			spellchecker flags token without suggestion	1571 Molina 1	1571-molina-1:020183	nemilia	Traducción	inquirir o discurrir con el pensamiento, para verytantear lo que se debe hacer en algún negocio
review_no_guess	vestem	1			spellchecker flags token without suggestion	1547 Olmos_V ?	1547-olmos-v:000421	chapania	Traducción	arrojar algo vt vestem
review_no_guess	vezmas	1			spellchecker flags token without suggestion	1571 Molina 2	1571-molina-2:015343	occecempohualpa oce	Traducción	otras veinte y una vezmas
review_no_guess	vieillot	1			spellchecker flags token without suggestion	2021 Wimmer	2021-wimmer:016555	huehueton	Traducción (es)	vieillot, viejecito. / viejo
review_no_guess	vigorous	1			spellchecker flags token without suggestion	2021 Wimmer	2021-wimmer:027916	oquichyollo	Traducción (es)	vigorous, que tiene corazón de hombre. / plural: tienen un corazón viril
review_no_guess	viscocha	1			spellchecker flags token without suggestion	1780 ? Bnf_361	1780-bnf-361:002091	tlaxcaltotopochtli	Traducción	viscocha? pan dos veces cocido
review_no_guess	vitomi	1			spellchecker flags token without suggestion	1571 Molina 2	1571-molina-2:008852	huitumi	Traducción	lo mismo es que vitomi
review_no_guess	volvible	1			spellchecker flags token without suggestion	153? Trilingüe	153-trilingue:005676	malacacholoni	Traducción	volvible cosa
review_no_guess	vozordar	1			spellchecker flags token without suggestion	153? Trilingüe	153-trilingue:001301	tzatzi ^	Traducción	vozordar
review_no_guess	wohrer	1			spellchecker flags token without suggestion	2021 Wimmer	2021-wimmer:019093	itztapaltotec	Traducción (es)	título divino, deidad relacionada con xipe totec. anne marie wohrer i 131 que hace referencia al códice vaticano-ríos 36v. y códice telleriano-remensis pl. xxxii y en la pl. a 6b, 8b, 9b, 17i, 20g,h, 21a,c, 22d, 41a, 45, 49b, 50d
review_no_guess	wóhrer	1			spellchecker flags token without suggestion	2021 Wimmer	2021-wimmer:008342	yopiteocalli	Traducción (es)	templo de xipe totec. ana maría wóhrer i 130
review_no_guess	xaltocamecas	1			spellchecker flags token without suggestion	2021 Wimmer	2021-wimmer:003090	tlilhuipile	Traducción (es)	quien posee o usa un huipil negro. / apodo plural de los xaltocamecas
review_no_guess	xaltomate	1			spellchecker flags token without suggestion	1780 ? Bnf_361	1780-bnf-361:004370	xaltomatl	Traducción	fruta que echan en los guisados en lugar de agraz. xaltomate
review_no_guess	xaltomecah	1			spellchecker flags token without suggestion	2021 Wimmer	2021-wimmer:005445	xaltomecacuaxochtli	Traducción (es)	la frontera de xaltomecah
review_no_guess	xaxamacatoqueh	1			spellchecker flags token without suggestion	2021 Wimmer	2021-wimmer:023211	mixtlatitoque	Traducción (es)	a menudo va acompañado de xaxamacatoqueh, matanza, masacre, carnicería
review_no_guess	xicani	1			spellchecker flags token without suggestion	1571 Molina 2	1571-molina-2:003194	xicalhuia	Traducción	echar agua o otro licor con xicani
review_no_guess	xicozapote	1			spellchecker flags token without suggestion	1780 ? Bnf_361	1780-bnf-361:004481	xicotzapotl	Traducción	xicozapote. pervetano, fruta conocida
review_no_guess	xolopihtina	1			spellchecker flags token without suggestion	2021 Wimmer	2021-wimmer:006753	xolopitin	Traducción (es)	xolopihtina, pl. en xolopihtli
review_no_guess	xomalin	1			spellchecker flags token without suggestion	2021 Wimmer	2021-wimmer:006772	xomalli	Traducción (es)	prisa - esparto. ver la variante xomalin. / cuchara de barro. ver xomahtli
review_no_guess	xomalina	1			spellchecker flags token without suggestion	1571 Molina 2	1571-molina-2:003693	xonepichuia	Traducción	lo mismo es que xomalina
review_no_guess	xoxale	1			spellchecker flags token without suggestion	1571 Molina 2	1571-molina-2:003753	xoxallo	Traducción	lo mismo es que xoxale
review_no_guess	xoxomolco	1			spellchecker flags token without suggestion	2021 Wimmer	2021-wimmer:021310	malacatepetl	Traducción (es)	malacatepētl xoxomolco', topón. cf. r. barlow 1949, 115
review_no_guess	xquich	1			spellchecker flags token without suggestion	1645 Carochi	1645-carochi:001776	no	Traducción	también / àmo ~, ni / çan ye ~, mismo / (çan ye) ~ ìquäc, entonces al mismo tiempo / ça ye ~, mismo / çan ~ yuh, asimismo / çan ~, mismo / çan ye ~ ihui, de la misma manera / oc ~ ïxquich, otro tanto más / oc ~ izquintïn, otros tantos más
review_no_guess	yacceptada	1			spellchecker flags token without suggestion	1571 Molina 2	1571-molina-2:022167	tlahuelittalli	Traducción	cosa que agrado y parecio bien a otros, o cosa admitida, aprobada yacceptada
review_no_guess	yadho	1			spellchecker flags token without suggestion	1780 ? Bnf_361	1780-bnf-361:022968	tizatl	Traducción	barniz otro blanco, no tan bueno como el yadho
review_no_guess	yaguarondí	1			spellchecker flags token without suggestion	2021 Wimmer	2021-wimmer:013664	cuauhmiztli	Traducción (es)	puma yaguarondí. / plural., cuauhmiztin
review_no_guess	yahqueh	1			spellchecker flags token without suggestion	2021 Wimmer	2021-wimmer:007521	yaqui	Traducción (es)	el que se va. / plural, 'yahqueh'
review_no_guess	yaotia	1			spellchecker flags token without suggestion	1571 Molina 2	1571-molina-2:020582	teyaotia	Traducción	lo mismo es que yaotia
review_no_guess	yapalectic	1			spellchecker flags token without suggestion	1571 Molina 2	1571-molina-2:004036	yapalehuac	Traducción	lo mismo es que yapalectic
review_no_guess	yayapaléctico	1			spellchecker flags token without suggestion	2021 Wimmer	2021-wimmer:007560	yayappalectic	Traducción (es)	lleno de pecas (s s yayapaléctico)
review_no_guess	ycadahalso	1			spellchecker flags token without suggestion	1571 Molina 2	1571-molina-2:023829	tlapechco	Traducción	tablado o cadahalso, o coro alto de iglesia y de madera, o en el tal tablado ycadahalso. etc.
review_no_guess	ycrudia	1			spellchecker flags token without suggestion	1571 Molina 1	1571-molina-1:009711	cuappitztic	Traducción	áspera ycrudia cosa, así como cuero, tortillas secas, etc.
review_no_guess	yentiendese	1			spellchecker flags token without suggestion	1571 Molina 1	1571-molina-1:024972	quixacicaitta	Traducción	ver clara y perfectamente alguna cosa; yentiendese corporal o espiritualmente
review_no_guess	yfierno	1			spellchecker flags token without suggestion	1780 ? Bnf_361	1780-bnf-361:012120	mictlampa	Traducción	hacia el yfierno
review_no_guess	ynyuca	1			spellchecker flags token without suggestion	1780 ? Bnf_361	1780-bnf-361:006333	zan yyoca	Traducción	singular, o particularmente a fulano (sing de zan ynyuca)
review_no_guess	yocaua	1			spellchecker flags token without suggestion	2021 Wimmer	2021-wimmer:020449	iyocahua	Traducción (es)	amo, poseedor, dueño, que tiene bienes (s - yocaua o yucaua)
review_no_guess	yocippa	1			spellchecker flags token without suggestion	2021 Wimmer	2021-wimmer:028022	otonteocalli	Traducción (es)	nombre de los templos de yocippa, dios de los otomíes
review_no_guess	yocoxca	1			spellchecker flags token without suggestion	17?? Bnf_362bis	17-bnf-362bis:000099	yocaxca	Traducción	poco a poco, quedito, despacio, con trento, mansa y pacíficamente. vide zan yocoxca
review_no_guess	yolotilia	1			spellchecker flags token without suggestion	1629 Alarcón	1629-alarcon:000386	chihuilia	Traducción	hacer a [rev.] yolotilia, ninote: dar vida a [rev.]
review_no_guess	yopihmeh	1			spellchecker flags token without suggestion	2021 Wimmer	2021-wimmer:008349	yopitzinco	Traducción (es)	país de yopihmeh, ubicado en el estado de guerrero. cf. anne marie wöhrer i 130
review_no_guess	youalli	1			spellchecker flags token without suggestion	2021 Wimmer	2021-wimmer:007932	yohuapa	Traducción (es)	temprano en la mañana (s s youalli)
review_no_guess	yubetero	1			spellchecker flags token without suggestion	1780 ? Bnf_361	1780-bnf-361:024648	tlacuipilchiuhqui	Traducción	yubetero sastre que los hace
review_no_guess	yucaua	1			spellchecker flags token without suggestion	2021 Wimmer	2021-wimmer:020449	iyocahua	Traducción (es)	amo, poseedor, dueño, que tiene bienes (s - yocaua o yucaua)
review_no_guess	yuilox	1			spellchecker flags token without suggestion	1547 Olmos_G	1547-olmos-g:000374	huilotl	Traducción	paloma; yuilox, las palomas de aquellos
review_no_guess	yxtomauacachiua	1			spellchecker flags token without suggestion	1780 ? Bnf_361	1780-bnf-361:010866	ixtomahuacachihua	Traducción	yxtomauacachiua, nitla. inconsideradamente hacer algo
review_no_guess	yztapalapan	1			spellchecker flags token without suggestion	1598 Tezozomoc	1598-tezozomoc:000888	huixachtecatl	Traducción	cerro de yztapalapan y culhuacan
review_no_guess	zacaihcali	1			spellchecker flags token without suggestion	2021 Wimmer	2021-wimmer:008399	zacacali	Traducción (es)	cf. zacahcali y zacaihcali
review_no_guess	zacatollan	1			spellchecker flags token without suggestion	2021 Wimmer	2021-wimmer:008531	zacatoltecayotl	Traducción (es)	los de zacatollan. se refiere a una variedad de cacao
review_no_guess	zaheriendole	1			spellchecker flags token without suggestion	1571 Molina 2	1571-molina-2:001605	tlayihualtia	Traducción	dar tras alguno, persiguiéndolo y maltratándolo, o llevándolo de vencida, o zaheriendole el bien que le hizo
review_no_guess	zayolp	1			spellchecker flags token without suggestion	1780 Clavijero	1780-clavijero:000346	zacapoltic	Traducción	véase zayolpàtli
review_no_guess	zohzolo	1			spellchecker flags token without suggestion	2021 Wimmer	2021-wimmer:008886	zozo	Traducción (es)	v.t. tla-., enhebrar cosas perforándolas y pasando un hilo por ellas. / v.refl., con significado pasivo, nos los ponemos. / passif., zohzolo o
review_no_guess	zoltico	1			spellchecker flags token without suggestion	2021 Wimmer	2021-wimmer:008748	zoltic	Traducción (es)	que parece una codorniz. / zoltico
review_no_guess	zoyoh	1			spellchecker flags token without suggestion	2021 Wimmer	2021-wimmer:008885	zoyo	Traducción (es)	usado en la expresión ahmo zoyoh, desigual
review_no_guess	zozolli	1			spellchecker flags token without suggestion	1580 Sahagún/Máynez	1580-sahagun-maynez:000769	cozolli	Traducción	cuna, lópez austin y garcía quintana advierten que es más probable que sea zozolli con el significado literañ de « la basura »
review_no_guess	ztlayoc	1			spellchecker flags token without suggestion	1645 Carochi	1645-carochi:001806	oc	Traducción	todavía / por ahora / aún / además / primero / entretanto / tlä ~, aguarda / ~ acattopa, primero / además de eso / ~ acatto, primer cosa / ~ achto, primero / ~ cecni, en otro lugar / ~ hualcâ, mucho más (comparativo) / ~ huècauh, mucho tiempo después / ~ ïmöztlayoc, un día antes / ~ itlà, algo más /
review_no_guess	zwei	1			spellchecker flags token without suggestion	2021 Wimmer	2021-wimmer:014664	cuextli	Traducción (es)	huasteco. / a la forma poseída, ohōme mantihuiītze in īcuexhuan, es befinden sich (bei ihr) je zwei ihrer huaxteken
review_no_guess	émbeodar	1			spellchecker flags token without suggestion	1571 Molina 2	1571-molina-2:003574	xocomictia	Traducción	émbeodar a otro
review_no_guess	émbeodarse	1			spellchecker flags token without suggestion	1571 Molina 2	1571-molina-2:003578	xocomiquini	Traducción	el que tiene costumbre de émbeodarse
review_no_guess	émbidia	1			spellchecker flags token without suggestion	1571 Molina 2	1571-molina-2:019683	tetech ninoyolcocoa	Traducción	tener émbidia, enojo, pena, o ráncor contra alguno
review_no_guess	émmelar	1			spellchecker flags token without suggestion	1571 Molina 2	1571-molina-2:013878	neuchuia	Traducción	émmelar algo
review_no_guess	éncénidos	1			spellchecker flags token without suggestion	1571 Molina 2	1571-molina-2:011092	ixtletlexochpol	Traducción	el que tiene los ojos muy éncénidos
review_no_guess	éndulcecer	1			spellchecker flags token without suggestion	1571 Molina 2	1571-molina-2:003011	tzopelilia	Traducción	éndulcecer algo
review_no_guess	énmi	1			spellchecker flags token without suggestion	1571 Molina 2	1571-molina-2:014946	aqui  +	Traducción	embeberse algo énmi
review_no_guess	énxaluegar	1			spellchecker flags token without suggestion	1571 Molina 2	1571-molina-2:010500	ixamatelhuia	Traducción	énxaluegar algo a otro
